{
    "detuning": 0.3,
    "t_duration": 50.0,
    "best_amp1": 2.2694366869621097,
    "best_amp2": 2.0766174411568468,
    "best_value": 0.0002395686596037283,
    "optimization_time": 2008.966759443283,
    "budget_used": 1000
}