{
    "detuning": 0.1,
    "t_duration": 50.0,
    "best_amp1": 1.2962066862674506,
    "best_amp2": 1.270675445044569,
    "best_value": 5.772937123338373e-06,
    "optimization_time": 1997.9420099258423,
    "budget_used": 1000
}