{
    "detuning": 0.5,
    "t_duration": 50.0,
    "best_amp1": 2.5087910156538205,
    "best_amp2": 2.113471139327915,
    "best_value": 0.4689217661927537,
    "optimization_time": 2029.7354123592377,
    "budget_used": 1000
}