{
    "detuning": 0.1,
    "t_duration": 100.0,
    "best_amp1": 1.7490484672480549,
    "best_amp2": 1.7204720459217084,
    "best_value": 1.140607460148324e-06,
    "optimization_time": 2116.6869037151337,
    "budget_used": 1000
}