{
    "detuning": 0.3,
    "t_duration": 200.0,
    "best_amp1": 4.221379740559784,
    "best_amp2": 3.9983968396762393,
    "best_value": 6.810987418504055e-08,
    "optimization_time": 2404.520119667053,
    "budget_used": 1000
}