{
    "regime": "amp_5_wd_3_t107.5",
    "t_tot_center": 107.5,
    "best_t_tot": 107.56874466092147,
    "best_amp": 21.67765410856102,
    "best_w_d": 0.0038553741428621986,
    "best_value": 0.09975779979856937,
    "optimization_time": 2095.8801445961,
    "regime_bounds": {
        "amp": {
            "lower": 21.333333333333332,
            "upper": 24.0
        },
        "w_d": {
            "lower": 0.0038199999999999996,
            "upper": 0.00416
        },
        "t_tot": {
            "lower": 106.25,
            "upper": 108.75
        }
    }
}