{
    "regime": "amp_5_wd_4_t67.5",
    "t_tot_center": 67.5,
    "best_t_tot": 67.31356819040673,
    "best_amp": 21.9671891619651,
    "best_w_d": 0.004305584273691211,
    "best_value": 0.00400806197807025,
    "optimization_time": 1168.977483510971,
    "regime_bounds": {
        "amp": {
            "lower": 21.333333333333332,
            "upper": 24.0
        },
        "w_d": {
            "lower": 0.00416,
            "upper": 0.0045
        },
        "t_tot": {
            "lower": 66.25,
            "upper": 68.75
        }
    }
}