{
    "regime": "amp_0_wd_1_t67.5",
    "t_tot_center": 67.5,
    "best_t_tot": 66.2500709987173,
    "best_amp": 10.62644166938885,
    "best_w_d": 0.003436283454332298,
    "best_value": 0.5609748113584059,
    "optimization_time": 575.33997631073,
    "regime_bounds": {
        "amp": {
            "lower": 8.0,
            "upper": 10.666666666666666
        },
        "w_d": {
            "lower": 0.00314,
            "upper": 0.0034799999999999996
        },
        "t_tot": {
            "lower": 66.25,
            "upper": 68.75
        }
    }
}