{
    "regime": "amp_3_wd_1_t85.0",
    "t_tot_center": 85.0,
    "best_t_tot": 84.62634578521444,
    "best_amp": 16.272530316683632,
    "best_w_d": 0.0034620486121950894,
    "best_value": 0.2658499847110734,
    "optimization_time": 1132.912017583847,
    "regime_bounds": {
        "amp": {
            "lower": 16.0,
            "upper": 18.666666666666664
        },
        "w_d": {
            "lower": 0.00314,
            "upper": 0.0034799999999999996
        },
        "t_tot": {
            "lower": 83.75,
            "upper": 86.25
        }
    }
}