{
    "regime": "amp_5_wd_3_t72.5",
    "t_tot_center": 72.5,
    "best_t_tot": 72.2589642333697,
    "best_amp": 21.86662211314512,
    "best_w_d": 0.004116147848312847,
    "best_value": 0.019745363304846594,
    "optimization_time": 1124.7892618179321,
    "regime_bounds": {
        "amp": {
            "lower": 21.333333333333332,
            "upper": 24.0
        },
        "w_d": {
            "lower": 0.0038199999999999996,
            "upper": 0.00416
        },
        "t_tot": {
            "lower": 71.25,
            "upper": 73.75
        }
    }
}