{
    "regime": "amp_4_wd_4_t97.5",
    "t_tot_center": 97.5,
    "best_t_tot": 98.53375596340618,
    "best_amp": 19.629827384203484,
    "best_w_d": 0.004294022638634382,
    "best_value": 0.17428015984523493,
    "optimization_time": 1656.149964094162,
    "regime_bounds": {
        "amp": {
            "lower": 18.666666666666664,
            "upper": 21.333333333333332
        },
        "w_d": {
            "lower": 0.00416,
            "upper": 0.0045
        },
        "t_tot": {
            "lower": 96.25,
            "upper": 98.75
        }
    }
}