{
    "regime": "amp_2_wd_1_t110.0",
    "t_tot_center": 110.0,
    "best_t_tot": 110.56308028878222,
    "best_amp": 15.999983332298898,
    "best_w_d": 0.0033659338817135323,
    "best_value": 0.8526269823209545,
    "optimization_time": 1202.6340780258179,
    "regime_bounds": {
        "amp": {
            "lower": 13.333333333333332,
            "upper": 16.0
        },
        "w_d": {
            "lower": 0.00314,
            "upper": 0.0034799999999999996
        },
        "t_tot": {
            "lower": 108.75,
            "upper": 111.25
        }
    }
}