{
    "regime": "amp_1_wd_2_t102.5",
    "t_tot_center": 102.5,
    "best_t_tot": 101.25000025410282,
    "best_amp": 13.333333311498613,
    "best_w_d": 0.0035081100102539106,
    "best_value": 1.6366768337497977,
    "optimization_time": 1879.0521042346954,
    "regime_bounds": {
        "amp": {
            "lower": 10.666666666666666,
            "upper": 13.333333333333332
        },
        "w_d": {
            "lower": 0.0034799999999999996,
            "upper": 0.0038199999999999996
        },
        "t_tot": {
            "lower": 101.25,
            "upper": 103.75
        }
    }
}