{
    "regime": "amp_1_wd_4_t117.5",
    "t_tot_center": 117.5,
    "best_t_tot": 117.12558277743089,
    "best_amp": 13.333296522091326,
    "best_w_d": 0.004395759032105299,
    "best_value": 1.1626441569030825,
    "optimization_time": 3771.0386395454407,
    "regime_bounds": {
        "amp": {
            "lower": 10.666666666666666,
            "upper": 13.333333333333332
        },
        "w_d": {
            "lower": 0.00416,
            "upper": 0.0045
        },
        "t_tot": {
            "lower": 116.25,
            "upper": 118.75
        }
    }
}