{
    "regime": "amp_3_wd_0_t95.0",
    "t_tot_center": 95.0,
    "best_t_tot": 94.16320925972727,
    "best_amp": 17.436654551555343,
    "best_w_d": 0.003064934998067325,
    "best_value": 0.28337658481819,
    "optimization_time": 1279.1311976909637,
    "regime_bounds": {
        "amp": {
            "lower": 16.0,
            "upper": 18.666666666666664
        },
        "w_d": {
            "lower": 0.0028,
            "upper": 0.00314
        },
        "t_tot": {
            "lower": 93.75,
            "upper": 96.25
        }
    }
}