{
    "regime": "amp_2_wd_3_t50.0",
    "t_tot_center": 50.0,
    "best_t_tot": 48.78553910015261,
    "best_amp": 13.526222836245129,
    "best_w_d": 0.003846082239795177,
    "best_value": 0.005416203204323412,
    "optimization_time": 613.4866240024567,
    "regime_bounds": {
        "amp": {
            "lower": 13.333333333333332,
            "upper": 16.0
        },
        "w_d": {
            "lower": 0.0038199999999999996,
            "upper": 0.00416
        },
        "t_tot": {
            "lower": 48.75,
            "upper": 51.25
        }
    }
}