{
    "regime": "amp_2_wd_4_t50.0",
    "t_tot_center": 50.0,
    "best_t_tot": 49.35647330389416,
    "best_amp": 13.365174395410301,
    "best_w_d": 0.004184970671709566,
    "best_value": 0.012194002255464843,
    "optimization_time": 1403.7820463180542,
    "regime_bounds": {
        "amp": {
            "lower": 13.333333333333332,
            "upper": 16.0
        },
        "w_d": {
            "lower": 0.00416,
            "upper": 0.0045
        },
        "t_tot": {
            "lower": 48.75,
            "upper": 51.25
        }
    }
}