{
    "regime": "amp_5_wd_4_t70.0",
    "t_tot_center": 70.0,
    "best_t_tot": 69.9744555957215,
    "best_amp": 22.14876727567913,
    "best_w_d": 0.004361191613870004,
    "best_value": 0.01948011724787875,
    "optimization_time": 1120.1842448711395,
    "regime_bounds": {
        "amp": {
            "lower": 21.333333333333332,
            "upper": 24.0
        },
        "w_d": {
            "lower": 0.00416,
            "upper": 0.0045
        },
        "t_tot": {
            "lower": 68.75,
            "upper": 71.25
        }
    }
}