{
    "regime": "amp_1_wd_1_t90.0",
    "t_tot_center": 90.0,
    "best_t_tot": 88.75002238485537,
    "best_amp": 12.771615827064808,
    "best_w_d": 0.0034141610480913163,
    "best_value": 0.9767906182283117,
    "optimization_time": 1236.0579600334167,
    "regime_bounds": {
        "amp": {
            "lower": 10.666666666666666,
            "upper": 13.333333333333332
        },
        "w_d": {
            "lower": 0.00314,
            "upper": 0.0034799999999999996
        },
        "t_tot": {
            "lower": 88.75,
            "upper": 91.25
        }
    }
}