{
    "regime": "amp_5_wd_1_t102.5",
    "t_tot_center": 102.5,
    "best_t_tot": 103.02696647306318,
    "best_amp": 21.897431985692975,
    "best_w_d": 0.003349108136422372,
    "best_value": 0.22361964320695543,
    "optimization_time": 1774.2628934383392,
    "regime_bounds": {
        "amp": {
            "lower": 21.333333333333332,
            "upper": 24.0
        },
        "w_d": {
            "lower": 0.00314,
            "upper": 0.0034799999999999996
        },
        "t_tot": {
            "lower": 101.25,
            "upper": 103.75
        }
    }
}