{
    "regime": "amp_2_wd_3_t80.0",
    "t_tot_center": 80.0,
    "best_t_tot": 78.76582219364639,
    "best_amp": 15.6677667666945,
    "best_w_d": 0.004159615169137894,
    "best_value": 0.46366330961220314,
    "optimization_time": 1362.015673160553,
    "regime_bounds": {
        "amp": {
            "lower": 13.333333333333332,
            "upper": 16.0
        },
        "w_d": {
            "lower": 0.0038199999999999996,
            "upper": 0.00416
        },
        "t_tot": {
            "lower": 78.75,
            "upper": 81.25
        }
    }
}