{
    "regime": "amp_2_wd_2_t97.5",
    "t_tot_center": 97.5,
    "best_t_tot": 96.92291850658867,
    "best_amp": 15.999989119483846,
    "best_w_d": 0.003520241046869148,
    "best_value": 0.8603447088824628,
    "optimization_time": 939.3097083568573,
    "regime_bounds": {
        "amp": {
            "lower": 13.333333333333332,
            "upper": 16.0
        },
        "w_d": {
            "lower": 0.0034799999999999996,
            "upper": 0.0038199999999999996
        },
        "t_tot": {
            "lower": 96.25,
            "upper": 98.75
        }
    }
}