{
    "regime": "amp_3_wd_1_t57.5",
    "t_tot_center": 57.5,
    "best_t_tot": 56.250010724599775,
    "best_amp": 17.047278402786425,
    "best_w_d": 0.003248273559792218,
    "best_value": 9.31338650302447e-05,
    "optimization_time": 1935.1573741436005,
    "regime_bounds": {
        "amp": {
            "lower": 16.0,
            "upper": 18.666666666666664
        },
        "w_d": {
            "lower": 0.00314,
            "upper": 0.0034799999999999996
        },
        "t_tot": {
            "lower": 56.25,
            "upper": 58.75
        }
    }
}