{
    "regime": "amp_2_wd_2_t112.5",
    "t_tot_center": 112.5,
    "best_t_tot": 111.25000528060761,
    "best_amp": 15.780352917123162,
    "best_w_d": 0.0034800004974067785,
    "best_value": 0.9964991400355052,
    "optimization_time": 1002.0775108337402,
    "regime_bounds": {
        "amp": {
            "lower": 13.333333333333332,
            "upper": 16.0
        },
        "w_d": {
            "lower": 0.0034799999999999996,
            "upper": 0.0038199999999999996
        },
        "t_tot": {
            "lower": 111.25,
            "upper": 113.75
        }
    }
}