{
    "regime": "amp_2_wd_4_t117.5",
    "t_tot_center": 117.5,
    "best_t_tot": 116.25000000061954,
    "best_amp": 14.214675971746615,
    "best_w_d": 0.004302533744563005,
    "best_value": 0.9788720646022842,
    "optimization_time": 1895.6353256702423,
    "regime_bounds": {
        "amp": {
            "lower": 13.333333333333332,
            "upper": 16.0
        },
        "w_d": {
            "lower": 0.00416,
            "upper": 0.0045
        },
        "t_tot": {
            "lower": 116.25,
            "upper": 118.75
        }
    }
}