{
    "regime": "amp_0_wd_2_t57.5",
    "t_tot_center": 57.5,
    "best_t_tot": 56.25002894387317,
    "best_amp": 10.656413116931807,
    "best_w_d": 0.0035133188811009406,
    "best_value": 0.24172540121034689,
    "optimization_time": 2959.661287546158,
    "regime_bounds": {
        "amp": {
            "lower": 8.0,
            "upper": 10.666666666666666
        },
        "w_d": {
            "lower": 0.0034799999999999996,
            "upper": 0.0038199999999999996
        },
        "t_tot": {
            "lower": 56.25,
            "upper": 58.75
        }
    }
}