{
    "regime": "amp_5_wd_3_t95.0",
    "t_tot_center": 95.0,
    "best_t_tot": 94.08556713951492,
    "best_amp": 21.41581275544058,
    "best_w_d": 0.003991523665349002,
    "best_value": 0.1488770525101215,
    "optimization_time": 1563.141116142273,
    "regime_bounds": {
        "amp": {
            "lower": 21.333333333333332,
            "upper": 24.0
        },
        "w_d": {
            "lower": 0.0038199999999999996,
            "upper": 0.00416
        },
        "t_tot": {
            "lower": 93.75,
            "upper": 96.25
        }
    }
}