{
    "regime": "amp_1_wd_2_t52.5",
    "t_tot_center": 52.5,
    "best_t_tot": 51.26284132974218,
    "best_amp": 13.185688373764714,
    "best_w_d": 0.003543392667027801,
    "best_value": 0.014646045049504737,
    "optimization_time": 647.0419135093689,
    "regime_bounds": {
        "amp": {
            "lower": 10.666666666666666,
            "upper": 13.333333333333332
        },
        "w_d": {
            "lower": 0.0034799999999999996,
            "upper": 0.0038199999999999996
        },
        "t_tot": {
            "lower": 51.25,
            "upper": 53.75
        }
    }
}