{
    "regime": "amp_5_wd_4_t50.0",
    "t_tot_center": 50.0,
    "best_t_tot": 51.24932128049724,
    "best_amp": 21.897196139320037,
    "best_w_d": 0.004224356673692791,
    "best_value": 0.014417485697009501,
    "optimization_time": 3137.9636566638947,
    "regime_bounds": {
        "amp": {
            "lower": 21.333333333333332,
            "upper": 24.0
        },
        "w_d": {
            "lower": 0.00416,
            "upper": 0.0045
        },
        "t_tot": {
            "lower": 48.75,
            "upper": 51.25
        }
    }
}