{
    "regime": "amp_4_wd_3_t97.5",
    "t_tot_center": 97.5,
    "best_t_tot": 96.969780465281,
    "best_amp": 19.03623126897416,
    "best_w_d": 0.0038358658593161876,
    "best_value": 0.22408421831570913,
    "optimization_time": 1266.276041507721,
    "regime_bounds": {
        "amp": {
            "lower": 18.666666666666664,
            "upper": 21.333333333333332
        },
        "w_d": {
            "lower": 0.0038199999999999996,
            "upper": 0.00416
        },
        "t_tot": {
            "lower": 96.25,
            "upper": 98.75
        }
    }
}