{
    "regime": "amp_1_wd_0_t87.5",
    "t_tot_center": 87.5,
    "best_t_tot": 86.51491596993766,
    "best_amp": 13.14046157487219,
    "best_w_d": 0.0031399950730955713,
    "best_value": 0.5840304349711958,
    "optimization_time": 1056.2203702926636,
    "regime_bounds": {
        "amp": {
            "lower": 10.666666666666666,
            "upper": 13.333333333333332
        },
        "w_d": {
            "lower": 0.0028,
            "upper": 0.00314
        },
        "t_tot": {
            "lower": 86.25,
            "upper": 88.75
        }
    }
}