{
    "regime": "amp_0_wd_2_t87.5",
    "t_tot_center": 87.5,
    "best_t_tot": 86.25000000025571,
    "best_amp": 8.578311216093496,
    "best_w_d": 0.0034800000000597335,
    "best_value": 1.6427180377073505,
    "optimization_time": 1884.6870753765106,
    "regime_bounds": {
        "amp": {
            "lower": 8.0,
            "upper": 10.666666666666666
        },
        "w_d": {
            "lower": 0.0034799999999999996,
            "upper": 0.0038199999999999996
        },
        "t_tot": {
            "lower": 86.25,
            "upper": 88.75
        }
    }
}