{
    "regime": "amp_2_wd_1_t82.5",
    "t_tot_center": 82.5,
    "best_t_tot": 82.0226258918291,
    "best_amp": 15.816761973694861,
    "best_w_d": 0.003414514147682308,
    "best_value": 0.22073046648812933,
    "optimization_time": 1231.386424779892,
    "regime_bounds": {
        "amp": {
            "lower": 13.333333333333332,
            "upper": 16.0
        },
        "w_d": {
            "lower": 0.00314,
            "upper": 0.0034799999999999996
        },
        "t_tot": {
            "lower": 81.25,
            "upper": 83.75
        }
    }
}