{
    "regime": "amp_0_wd_1_t102.5",
    "t_tot_center": 102.5,
    "best_t_tot": 101.25000000030751,
    "best_amp": 10.66666666623113,
    "best_w_d": 0.003140000000050016,
    "best_value": 1.68891122260926,
    "optimization_time": 3126.1470618247986,
    "regime_bounds": {
        "amp": {
            "lower": 8.0,
            "upper": 10.666666666666666
        },
        "w_d": {
            "lower": 0.00314,
            "upper": 0.0034799999999999996
        },
        "t_tot": {
            "lower": 101.25,
            "upper": 103.75
        }
    }
}