{
    "regime": "amp_4_wd_1_t110.0",
    "t_tot_center": 110.0,
    "best_t_tot": 109.53800383109237,
    "best_amp": 18.847780003714604,
    "best_w_d": 0.0034018120735907417,
    "best_value": 0.37677515871432554,
    "optimization_time": 1825.892488002777,
    "regime_bounds": {
        "amp": {
            "lower": 18.666666666666664,
            "upper": 21.333333333333332
        },
        "w_d": {
            "lower": 0.00314,
            "upper": 0.0034799999999999996
        },
        "t_tot": {
            "lower": 108.75,
            "upper": 111.25
        }
    }
}