{
    "regime": "amp_4_wd_3_t60.0",
    "t_tot_center": 60.0,
    "best_t_tot": 59.64317578652404,
    "best_amp": 18.994885356051515,
    "best_w_d": 0.0038494123640313367,
    "best_value": 0.00014982949204674057,
    "optimization_time": 1600.9136657714844,
    "regime_bounds": {
        "amp": {
            "lower": 18.666666666666664,
            "upper": 21.333333333333332
        },
        "w_d": {
            "lower": 0.0038199999999999996,
            "upper": 0.00416
        },
        "t_tot": {
            "lower": 58.75,
            "upper": 61.25
        }
    }
}