{
    "regime": "amp_2_wd_2_t110.0",
    "t_tot_center": 110.0,
    "best_t_tot": 108.75003106390292,
    "best_amp": 15.170957781414213,
    "best_w_d": 0.0035416717473496164,
    "best_value": 1.0672862784812212,
    "optimization_time": 4437.978845357895,
    "regime_bounds": {
        "amp": {
            "lower": 13.333333333333332,
            "upper": 16.0
        },
        "w_d": {
            "lower": 0.0034799999999999996,
            "upper": 0.0038199999999999996
        },
        "t_tot": {
            "lower": 108.75,
            "upper": 111.25
        }
    }
}