{
    "regime": "amp_5_wd_0_t67.5",
    "t_tot_center": 67.5,
    "best_t_tot": 67.3614393799703,
    "best_amp": 21.48310392605363,
    "best_w_d": 0.0031352407976193084,
    "best_value": 0.00024634261289895845,
    "optimization_time": 2452.359740257263,
    "regime_bounds": {
        "amp": {
            "lower": 21.333333333333332,
            "upper": 24.0
        },
        "w_d": {
            "lower": 0.0028,
            "upper": 0.00314
        },
        "t_tot": {
            "lower": 66.25,
            "upper": 68.75
        }
    }
}