{
    "regime": "amp_3_wd_2_t112.5",
    "t_tot_center": 112.5,
    "best_t_tot": 111.8266469090525,
    "best_amp": 16.0000676570252,
    "best_w_d": 0.003504015123088408,
    "best_value": 1.0698943264742007,
    "optimization_time": 1214.898244857788,
    "regime_bounds": {
        "amp": {
            "lower": 16.0,
            "upper": 18.666666666666664
        },
        "w_d": {
            "lower": 0.0034799999999999996,
            "upper": 0.0038199999999999996
        },
        "t_tot": {
            "lower": 111.25,
            "upper": 113.75
        }
    }
}