{
    "regime": "amp_2_wd_0_t67.5",
    "t_tot_center": 67.5,
    "best_t_tot": 66.25001949265908,
    "best_amp": 15.94463844759954,
    "best_w_d": 0.003096401721058096,
    "best_value": 0.03176295151008332,
    "optimization_time": 1120.6622478961945,
    "regime_bounds": {
        "amp": {
            "lower": 13.333333333333332,
            "upper": 16.0
        },
        "w_d": {
            "lower": 0.0028,
            "upper": 0.00314
        },
        "t_tot": {
            "lower": 66.25,
            "upper": 68.75
        }
    }
}