{
    "regime": "amp_4_wd_1_t55.0",
    "t_tot_center": 55.0,
    "best_t_tot": 56.19438769068717,
    "best_amp": 19.112927184163592,
    "best_w_d": 0.003479248030564137,
    "best_value": 0.0010580894990930925,
    "optimization_time": 2325.068264722824,
    "regime_bounds": {
        "amp": {
            "lower": 18.666666666666664,
            "upper": 21.333333333333332
        },
        "w_d": {
            "lower": 0.00314,
            "upper": 0.0034799999999999996
        },
        "t_tot": {
            "lower": 53.75,
            "upper": 56.25
        }
    }
}