{
    "regime": "amp_4_wd_3_t107.5",
    "t_tot_center": 107.5,
    "best_t_tot": 107.20265628708789,
    "best_amp": 19.013229600077715,
    "best_w_d": 0.004066119540287959,
    "best_value": 0.30943089451055794,
    "optimization_time": 1309.46639752388,
    "regime_bounds": {
        "amp": {
            "lower": 18.666666666666664,
            "upper": 21.333333333333332
        },
        "w_d": {
            "lower": 0.0038199999999999996,
            "upper": 0.00416
        },
        "t_tot": {
            "lower": 106.25,
            "upper": 108.75
        }
    }
}