{
    "regime": "amp_4_wd_0_t55.0",
    "t_tot_center": 55.0,
    "best_t_tot": 55.23205648757737,
    "best_amp": 18.734550825792788,
    "best_w_d": 0.0030840714330234533,
    "best_value": 0.0025826843751884363,
    "optimization_time": 1139.250804901123,
    "regime_bounds": {
        "amp": {
            "lower": 18.666666666666664,
            "upper": 21.333333333333332
        },
        "w_d": {
            "lower": 0.0028,
            "upper": 0.00314
        },
        "t_tot": {
            "lower": 53.75,
            "upper": 56.25
        }
    }
}