{
    "regime": "amp_1_wd_0_t50.0",
    "t_tot_center": 50.0,
    "best_t_tot": 48.75003895848234,
    "best_amp": 12.324424887321815,
    "best_w_d": 0.0030318954772385956,
    "best_value": 0.012036211621554882,
    "optimization_time": 1049.7795178890228,
    "regime_bounds": {
        "amp": {
            "lower": 10.666666666666666,
            "upper": 13.333333333333332
        },
        "w_d": {
            "lower": 0.0028,
            "upper": 0.00314
        },
        "t_tot": {
            "lower": 48.75,
            "upper": 51.25
        }
    }
}