{
    "regime": "amp_5_wd_3_t112.5",
    "t_tot_center": 112.5,
    "best_t_tot": 112.30306783788416,
    "best_amp": 21.58439634334847,
    "best_w_d": 0.003921455733202579,
    "best_value": 0.1031397792909236,
    "optimization_time": 1538.4906854629517,
    "regime_bounds": {
        "amp": {
            "lower": 21.333333333333332,
            "upper": 24.0
        },
        "w_d": {
            "lower": 0.0038199999999999996,
            "upper": 0.00416
        },
        "t_tot": {
            "lower": 111.25,
            "upper": 113.75
        }
    }
}