{
    "regime": "amp_4_wd_0_t77.5",
    "t_tot_center": 77.5,
    "best_t_tot": 77.3609239674024,
    "best_amp": 18.83160195710203,
    "best_w_d": 0.0030942930178205924,
    "best_value": 0.040374127808069774,
    "optimization_time": 1592.9125444889069,
    "regime_bounds": {
        "amp": {
            "lower": 18.666666666666664,
            "upper": 21.333333333333332
        },
        "w_d": {
            "lower": 0.0028,
            "upper": 0.00314
        },
        "t_tot": {
            "lower": 76.25,
            "upper": 78.75
        }
    }
}