{
    "regime": "amp_1_wd_2_t85.0",
    "t_tot_center": 85.0,
    "best_t_tot": 83.75014875313097,
    "best_amp": 12.920778461507563,
    "best_w_d": 0.0037908511120062238,
    "best_value": 1.0122570292759425,
    "optimization_time": 1300.4458329677582,
    "regime_bounds": {
        "amp": {
            "lower": 10.666666666666666,
            "upper": 13.333333333333332
        },
        "w_d": {
            "lower": 0.0034799999999999996,
            "upper": 0.0038199999999999996
        },
        "t_tot": {
            "lower": 83.75,
            "upper": 86.25
        }
    }
}