{
    "regime": "amp_1_wd_3_t117.5",
    "t_tot_center": 117.5,
    "best_t_tot": 118.7499990078764,
    "best_amp": 13.333333327275563,
    "best_w_d": 0.00397351361729924,
    "best_value": 1.3163152500745272,
    "optimization_time": 1491.5936875343323,
    "regime_bounds": {
        "amp": {
            "lower": 10.666666666666666,
            "upper": 13.333333333333332
        },
        "w_d": {
            "lower": 0.0038199999999999996,
            "upper": 0.00416
        },
        "t_tot": {
            "lower": 116.25,
            "upper": 118.75
        }
    }
}