{
    "regime": "amp_0_wd_0_t95.0",
    "t_tot_center": 95.0,
    "best_t_tot": 93.75001911890351,
    "best_amp": 10.310338922193436,
    "best_w_d": 0.0030636605006710295,
    "best_value": 1.6636585479680324,
    "optimization_time": 2721.805426836014,
    "regime_bounds": {
        "amp": {
            "lower": 8.0,
            "upper": 10.666666666666666
        },
        "w_d": {
            "lower": 0.0028,
            "upper": 0.00314
        },
        "t_tot": {
            "lower": 93.75,
            "upper": 96.25
        }
    }
}