{
    "regime": "amp_3_wd_3_t52.5",
    "t_tot_center": 52.5,
    "best_t_tot": 52.40637236558356,
    "best_amp": 16.165840717203984,
    "best_w_d": 0.0038406209567398886,
    "best_value": 1.697299801053503e-06,
    "optimization_time": 933.3769862651825,
    "regime_bounds": {
        "amp": {
            "lower": 16.0,
            "upper": 18.666666666666664
        },
        "w_d": {
            "lower": 0.0038199999999999996,
            "upper": 0.00416
        },
        "t_tot": {
            "lower": 51.25,
            "upper": 53.75
        }
    }
}