{
    "regime": "amp_1_wd_2_t50.0",
    "t_tot_center": 50.0,
    "best_t_tot": 50.03544474392997,
    "best_amp": 11.642608446132694,
    "best_w_d": 0.0035960592147333743,
    "best_value": 0.020348781794086813,
    "optimization_time": 477.3240690231323,
    "regime_bounds": {
        "amp": {
            "lower": 10.666666666666666,
            "upper": 13.333333333333332
        },
        "w_d": {
            "lower": 0.0034799999999999996,
            "upper": 0.0038199999999999996
        },
        "t_tot": {
            "lower": 48.75,
            "upper": 51.25
        }
    }
}