{
    "regime": "amp_0_wd_4_t105.0",
    "t_tot_center": 105.0,
    "best_t_tot": 106.2499999995621,
    "best_amp": 9.974909186545709,
    "best_w_d": 0.00433745024226434,
    "best_value": 1.7405191896841958,
    "optimization_time": 3531.381876707077,
    "regime_bounds": {
        "amp": {
            "lower": 8.0,
            "upper": 10.666666666666666
        },
        "w_d": {
            "lower": 0.00416,
            "upper": 0.0045
        },
        "t_tot": {
            "lower": 103.75,
            "upper": 106.25
        }
    }
}