{
    "regime": "amp_2_wd_0_t60.0",
    "t_tot_center": 60.0,
    "best_t_tot": 58.75000041642887,
    "best_amp": 14.961702519631121,
    "best_w_d": 0.0029739128789164865,
    "best_value": 0.012380349789077823,
    "optimization_time": 638.8725783824921,
    "regime_bounds": {
        "amp": {
            "lower": 13.333333333333332,
            "upper": 16.0
        },
        "w_d": {
            "lower": 0.0028,
            "upper": 0.00314
        },
        "t_tot": {
            "lower": 58.75,
            "upper": 61.25
        }
    }
}