{
    "regime": "amp_5_wd_0_t90.0",
    "t_tot_center": 90.0,
    "best_t_tot": 89.84330382242335,
    "best_amp": 22.984780514013142,
    "best_w_d": 0.0030890774968895932,
    "best_value": 0.04858229125799642,
    "optimization_time": 1851.2564492225647,
    "regime_bounds": {
        "amp": {
            "lower": 21.333333333333332,
            "upper": 24.0
        },
        "w_d": {
            "lower": 0.0028,
            "upper": 0.00314
        },
        "t_tot": {
            "lower": 88.75,
            "upper": 91.25
        }
    }
}