{
    "regime": "amp_5_wd_4_t92.5",
    "t_tot_center": 92.5,
    "best_t_tot": 92.84771724124609,
    "best_amp": 22.23171610036947,
    "best_w_d": 0.004257040274394608,
    "best_value": 0.15272025518108137,
    "optimization_time": 1889.329155921936,
    "regime_bounds": {
        "amp": {
            "lower": 21.333333333333332,
            "upper": 24.0
        },
        "w_d": {
            "lower": 0.00416,
            "upper": 0.0045
        },
        "t_tot": {
            "lower": 91.25,
            "upper": 93.75
        }
    }
}