{
    "regime": "amp_2_wd_3_t75.0",
    "t_tot_center": 75.0,
    "best_t_tot": 74.60740843158959,
    "best_amp": 15.917987492844901,
    "best_w_d": 0.004100116732162518,
    "best_value": 0.22706589613521985,
    "optimization_time": 1086.8096904754639,
    "regime_bounds": {
        "amp": {
            "lower": 13.333333333333332,
            "upper": 16.0
        },
        "w_d": {
            "lower": 0.0038199999999999996,
            "upper": 0.00416
        },
        "t_tot": {
            "lower": 73.75,
            "upper": 76.25
        }
    }
}