{
    "regime": "amp_5_wd_3_t117.5",
    "t_tot_center": 117.5,
    "best_t_tot": 116.64762610258337,
    "best_amp": 21.333406911163557,
    "best_w_d": 0.00382519490837219,
    "best_value": 0.2384951801155948,
    "optimization_time": 3489.1965141296387,
    "regime_bounds": {
        "amp": {
            "lower": 21.333333333333332,
            "upper": 24.0
        },
        "w_d": {
            "lower": 0.0038199999999999996,
            "upper": 0.00416
        },
        "t_tot": {
            "lower": 116.25,
            "upper": 118.75
        }
    }
}