{
    "regime": "amp_4_wd_3_t57.5",
    "t_tot_center": 57.5,
    "best_t_tot": 57.084210446511555,
    "best_amp": 19.249091459604927,
    "best_w_d": 0.0039008192589026214,
    "best_value": 0.0004550850260612009,
    "optimization_time": 1037.1395614147186,
    "regime_bounds": {
        "amp": {
            "lower": 18.666666666666664,
            "upper": 21.333333333333332
        },
        "w_d": {
            "lower": 0.0038199999999999996,
            "upper": 0.00416
        },
        "t_tot": {
            "lower": 56.25,
            "upper": 58.75
        }
    }
}