{
    "regime": "amp_2_wd_3_t110.0",
    "t_tot_center": 110.0,
    "best_t_tot": 108.75000035470511,
    "best_amp": 15.999999999791006,
    "best_w_d": 0.004076293488196941,
    "best_value": 1.1109852221707641,
    "optimization_time": 2032.1394097805023,
    "regime_bounds": {
        "amp": {
            "lower": 13.333333333333332,
            "upper": 16.0
        },
        "w_d": {
            "lower": 0.0038199999999999996,
            "upper": 0.00416
        },
        "t_tot": {
            "lower": 108.75,
            "upper": 111.25
        }
    }
}