{
    "regime": "amp_0_wd_0_t107.5",
    "t_tot_center": 107.5,
    "best_t_tot": 106.25000000019743,
    "best_amp": 10.118143545776666,
    "best_w_d": 0.0028000000000698464,
    "best_value": 1.7847047489944137,
    "optimization_time": 2779.692922592163,
    "regime_bounds": {
        "amp": {
            "lower": 8.0,
            "upper": 10.666666666666666
        },
        "w_d": {
            "lower": 0.0028,
            "upper": 0.00314
        },
        "t_tot": {
            "lower": 106.25,
            "upper": 108.75
        }
    }
}