{
    "regime": "amp_5_wd_0_t52.5",
    "t_tot_center": 52.5,
    "best_t_tot": 52.524835799449804,
    "best_amp": 21.33369066265685,
    "best_w_d": 0.0031322059782050975,
    "best_value": 0.014491180230810797,
    "optimization_time": 2125.200271844864,
    "regime_bounds": {
        "amp": {
            "lower": 21.333333333333332,
            "upper": 24.0
        },
        "w_d": {
            "lower": 0.0028,
            "upper": 0.00314
        },
        "t_tot": {
            "lower": 51.25,
            "upper": 53.75
        }
    }
}