{
    "regime": "amp_2_wd_1_t50.0",
    "t_tot_center": 50.0,
    "best_t_tot": 49.226625981085306,
    "best_amp": 14.69869429989405,
    "best_w_d": 0.003424689854467764,
    "best_value": 5.7265899473881446e-05,
    "optimization_time": 1130.3021807670593,
    "regime_bounds": {
        "amp": {
            "lower": 13.333333333333332,
            "upper": 16.0
        },
        "w_d": {
            "lower": 0.00314,
            "upper": 0.0034799999999999996
        },
        "t_tot": {
            "lower": 48.75,
            "upper": 51.25
        }
    }
}