{
    "regime": "amp_4_wd_3_t65.0",
    "t_tot_center": 65.0,
    "best_t_tot": 65.12668960732114,
    "best_amp": 18.831371892940915,
    "best_w_d": 0.0038265414964326035,
    "best_value": 0.006485813053655214,
    "optimization_time": 2174.1403861045837,
    "regime_bounds": {
        "amp": {
            "lower": 18.666666666666664,
            "upper": 21.333333333333332
        },
        "w_d": {
            "lower": 0.0038199999999999996,
            "upper": 0.00416
        },
        "t_tot": {
            "lower": 63.75,
            "upper": 66.25
        }
    }
}