{
    "regime": "amp_1_wd_3_t60.0",
    "t_tot_center": 60.0,
    "best_t_tot": 59.43068316643395,
    "best_amp": 13.106833151490907,
    "best_w_d": 0.003859346846847278,
    "best_value": 0.09150786936697969,
    "optimization_time": 830.1163997650146,
    "regime_bounds": {
        "amp": {
            "lower": 10.666666666666666,
            "upper": 13.333333333333332
        },
        "w_d": {
            "lower": 0.0038199999999999996,
            "upper": 0.00416
        },
        "t_tot": {
            "lower": 58.75,
            "upper": 61.25
        }
    }
}