{
    "regime": "amp_0_wd_2_t107.5",
    "t_tot_center": 107.5,
    "best_t_tot": 106.25006663330394,
    "best_amp": 10.666665323165908,
    "best_w_d": 0.0037185253771343948,
    "best_value": 1.6644502374499592,
    "optimization_time": 3402.574950695038,
    "regime_bounds": {
        "amp": {
            "lower": 8.0,
            "upper": 10.666666666666666
        },
        "w_d": {
            "lower": 0.0034799999999999996,
            "upper": 0.0038199999999999996
        },
        "t_tot": {
            "lower": 106.25,
            "upper": 108.75
        }
    }
}