{
    "regime": "amp_0_wd_1_t95.0",
    "t_tot_center": 95.0,
    "best_t_tot": 93.75000000146194,
    "best_amp": 10.523299739948659,
    "best_w_d": 0.0031400000001683783,
    "best_value": 1.6676280183107481,
    "optimization_time": 1179.974080324173,
    "regime_bounds": {
        "amp": {
            "lower": 8.0,
            "upper": 10.666666666666666
        },
        "w_d": {
            "lower": 0.00314,
            "upper": 0.0034799999999999996
        },
        "t_tot": {
            "lower": 93.75,
            "upper": 96.25
        }
    }
}