{
    "regime": "amp_5_wd_3_t120.0",
    "t_tot_center": 120.0,
    "best_t_tot": 119.36746041543633,
    "best_amp": 23.753182841870547,
    "best_w_d": 0.0038745136837422226,
    "best_value": 0.19814565350299165,
    "optimization_time": 1398.2786631584167,
    "regime_bounds": {
        "amp": {
            "lower": 21.333333333333332,
            "upper": 24.0
        },
        "w_d": {
            "lower": 0.0038199999999999996,
            "upper": 0.00416
        },
        "t_tot": {
            "lower": 118.75,
            "upper": 121.25
        }
    }
}