{
    "regime": "amp_0_wd_2_t90.0",
    "t_tot_center": 90.0,
    "best_t_tot": 88.95356695626069,
    "best_amp": 9.190416422866718,
    "best_w_d": 0.003818366281861211,
    "best_value": 1.682345427782641,
    "optimization_time": 3518.9606297016144,
    "regime_bounds": {
        "amp": {
            "lower": 8.0,
            "upper": 10.666666666666666
        },
        "w_d": {
            "lower": 0.0034799999999999996,
            "upper": 0.0038199999999999996
        },
        "t_tot": {
            "lower": 88.75,
            "upper": 91.25
        }
    }
}