{
    "regime": "amp_3_wd_3_t117.5",
    "t_tot_center": 117.5,
    "best_t_tot": 116.25001134593224,
    "best_amp": 16.38152967232458,
    "best_w_d": 0.003912771508926027,
    "best_value": 1.141009918707867,
    "optimization_time": 1645.0887799263,
    "regime_bounds": {
        "amp": {
            "lower": 16.0,
            "upper": 18.666666666666664
        },
        "w_d": {
            "lower": 0.0038199999999999996,
            "upper": 0.00416
        },
        "t_tot": {
            "lower": 116.25,
            "upper": 118.75
        }
    }
}