{
    "regime": "amp_3_wd_4_t107.5",
    "t_tot_center": 107.5,
    "best_t_tot": 106.77489556573929,
    "best_amp": 18.666658013349235,
    "best_w_d": 0.004249400188689941,
    "best_value": 0.4070503459871396,
    "optimization_time": 1915.5671157836914,
    "regime_bounds": {
        "amp": {
            "lower": 16.0,
            "upper": 18.666666666666664
        },
        "w_d": {
            "lower": 0.00416,
            "upper": 0.0045
        },
        "t_tot": {
            "lower": 106.25,
            "upper": 108.75
        }
    }
}