{
    "regime": "amp_0_wd_1_t117.5",
    "t_tot_center": 117.5,
    "best_t_tot": 116.25000000795094,
    "best_amp": 10.666666666594665,
    "best_w_d": 0.0034358760277130402,
    "best_value": 1.6900006099408449,
    "optimization_time": 1934.5247209072113,
    "regime_bounds": {
        "amp": {
            "lower": 8.0,
            "upper": 10.666666666666666
        },
        "w_d": {
            "lower": 0.00314,
            "upper": 0.0034799999999999996
        },
        "t_tot": {
            "lower": 116.25,
            "upper": 118.75
        }
    }
}