{
    "regime": "amp_2_wd_0_t107.5",
    "t_tot_center": 107.5,
    "best_t_tot": 106.51069487665664,
    "best_amp": 15.046051017606054,
    "best_w_d": 0.0028337035820642253,
    "best_value": 0.844630419805712,
    "optimization_time": 1250.1292071342468,
    "regime_bounds": {
        "amp": {
            "lower": 13.333333333333332,
            "upper": 16.0
        },
        "w_d": {
            "lower": 0.0028,
            "upper": 0.00314
        },
        "t_tot": {
            "lower": 106.25,
            "upper": 108.75
        }
    }
}