{
    "regime": "amp_2_wd_3_t87.5",
    "t_tot_center": 87.5,
    "best_t_tot": 88.32329984256961,
    "best_amp": 15.99998337492646,
    "best_w_d": 0.004068358927167863,
    "best_value": 0.5609545104123677,
    "optimization_time": 1459.3212852478027,
    "regime_bounds": {
        "amp": {
            "lower": 13.333333333333332,
            "upper": 16.0
        },
        "w_d": {
            "lower": 0.0038199999999999996,
            "upper": 0.00416
        },
        "t_tot": {
            "lower": 86.25,
            "upper": 88.75
        }
    }
}