{
    "regime": "amp_4_wd_4_t102.5",
    "t_tot_center": 102.5,
    "best_t_tot": 102.47072522209129,
    "best_amp": 19.045703125146442,
    "best_w_d": 0.004234515203109214,
    "best_value": 0.2506080794505767,
    "optimization_time": 2586.370080947876,
    "regime_bounds": {
        "amp": {
            "lower": 18.666666666666664,
            "upper": 21.333333333333332
        },
        "w_d": {
            "lower": 0.00416,
            "upper": 0.0045
        },
        "t_tot": {
            "lower": 101.25,
            "upper": 103.75
        }
    }
}