{
    "regime": "amp_3_wd_3_t97.5",
    "t_tot_center": 97.5,
    "best_t_tot": 97.28583822263401,
    "best_amp": 18.404301048776542,
    "best_w_d": 0.003838169818862478,
    "best_value": 0.27720857276174804,
    "optimization_time": 1940.7495777606964,
    "regime_bounds": {
        "amp": {
            "lower": 16.0,
            "upper": 18.666666666666664
        },
        "w_d": {
            "lower": 0.0038199999999999996,
            "upper": 0.00416
        },
        "t_tot": {
            "lower": 96.25,
            "upper": 98.75
        }
    }
}