{
    "regime": "amp_5_wd_3_t105.0",
    "t_tot_center": 105.0,
    "best_t_tot": 103.88659064542934,
    "best_amp": 21.910969702370075,
    "best_w_d": 0.004051227148706395,
    "best_value": 0.05532041401457659,
    "optimization_time": 878.4519672393799,
    "regime_bounds": {
        "amp": {
            "lower": 21.333333333333332,
            "upper": 24.0
        },
        "w_d": {
            "lower": 0.0038199999999999996,
            "upper": 0.00416
        },
        "t_tot": {
            "lower": 103.75,
            "upper": 106.25
        }
    }
}