{
    "regime": "amp_2_wd_4_t80.0",
    "t_tot_center": 80.0,
    "best_t_tot": 80.43329840582564,
    "best_amp": 15.99999863456833,
    "best_w_d": 0.004397673598316353,
    "best_value": 0.4529903636492111,
    "optimization_time": 1028.8485848903656,
    "regime_bounds": {
        "amp": {
            "lower": 13.333333333333332,
            "upper": 16.0
        },
        "w_d": {
            "lower": 0.00416,
            "upper": 0.0045
        },
        "t_tot": {
            "lower": 78.75,
            "upper": 81.25
        }
    }
}