{
    "regime": "amp_4_wd_1_t117.5",
    "t_tot_center": 117.5,
    "best_t_tot": 118.74999942182978,
    "best_amp": 20.356616930710405,
    "best_w_d": 0.0034799999749908954,
    "best_value": 0.3768010890646039,
    "optimization_time": 1643.165344953537,
    "regime_bounds": {
        "amp": {
            "lower": 18.666666666666664,
            "upper": 21.333333333333332
        },
        "w_d": {
            "lower": 0.00314,
            "upper": 0.0034799999999999996
        },
        "t_tot": {
            "lower": 116.25,
            "upper": 118.75
        }
    }
}