{
    "regime": "amp_4_wd_0_t87.5",
    "t_tot_center": 87.5,
    "best_t_tot": 87.27931567554508,
    "best_amp": 19.08426642296605,
    "best_w_d": 0.0030753789263340842,
    "best_value": 0.10103871709466031,
    "optimization_time": 2201.384613752365,
    "regime_bounds": {
        "amp": {
            "lower": 18.666666666666664,
            "upper": 21.333333333333332
        },
        "w_d": {
            "lower": 0.0028,
            "upper": 0.00314
        },
        "t_tot": {
            "lower": 86.25,
            "upper": 88.75
        }
    }
}