{
    "regime": "amp_4_wd_0_t110.0",
    "t_tot_center": 110.0,
    "best_t_tot": 110.29723080614073,
    "best_amp": 19.141496924555366,
    "best_w_d": 0.0031399996615230157,
    "best_value": 0.5743714126328404,
    "optimization_time": 1212.0707087516785,
    "regime_bounds": {
        "amp": {
            "lower": 18.666666666666664,
            "upper": 21.333333333333332
        },
        "w_d": {
            "lower": 0.0028,
            "upper": 0.00314
        },
        "t_tot": {
            "lower": 108.75,
            "upper": 111.25
        }
    }
}