{
    "regime": "amp_3_wd_2_t105.0",
    "t_tot_center": 105.0,
    "best_t_tot": 105.24190273067201,
    "best_amp": 18.525796498754055,
    "best_w_d": 0.0035112857237048216,
    "best_value": 0.3477365266308921,
    "optimization_time": 976.6857447624207,
    "regime_bounds": {
        "amp": {
            "lower": 16.0,
            "upper": 18.666666666666664
        },
        "w_d": {
            "lower": 0.0034799999999999996,
            "upper": 0.0038199999999999996
        },
        "t_tot": {
            "lower": 103.75,
            "upper": 106.25
        }
    }
}