{
    "regime": "amp_3_wd_4_t70.0",
    "t_tot_center": 70.0,
    "best_t_tot": 69.57891857845915,
    "best_amp": 18.51220482343486,
    "best_w_d": 0.004327742303392914,
    "best_value": 0.05691757947579226,
    "optimization_time": 752.2161610126495,
    "regime_bounds": {
        "amp": {
            "lower": 16.0,
            "upper": 18.666666666666664
        },
        "w_d": {
            "lower": 0.00416,
            "upper": 0.0045
        },
        "t_tot": {
            "lower": 68.75,
            "upper": 71.25
        }
    }
}