{
    "regime": "amp_1_wd_0_t100.0",
    "t_tot_center": 100.0,
    "best_t_tot": 98.9325522195353,
    "best_amp": 13.257699716575248,
    "best_w_d": 0.0029579272138922645,
    "best_value": 0.9571942593875398,
    "optimization_time": 1273.2840793132782,
    "regime_bounds": {
        "amp": {
            "lower": 10.666666666666666,
            "upper": 13.333333333333332
        },
        "w_d": {
            "lower": 0.0028,
            "upper": 0.00314
        },
        "t_tot": {
            "lower": 98.75,
            "upper": 101.25
        }
    }
}