{
    "regime": "amp_1_wd_0_t67.5",
    "t_tot_center": 67.5,
    "best_t_tot": 66.25000282438417,
    "best_amp": 13.216688923446108,
    "best_w_d": 0.003116807016303217,
    "best_value": 0.12666494263689515,
    "optimization_time": 976.6111555099487,
    "regime_bounds": {
        "amp": {
            "lower": 10.666666666666666,
            "upper": 13.333333333333332
        },
        "w_d": {
            "lower": 0.0028,
            "upper": 0.00314
        },
        "t_tot": {
            "lower": 66.25,
            "upper": 68.75
        }
    }
}