{
    "regime": "amp_0_wd_1_t57.5",
    "t_tot_center": 57.5,
    "best_t_tot": 56.25000108936961,
    "best_amp": 10.637385924507628,
    "best_w_d": 0.0031622150057217632,
    "best_value": 0.20104086344228594,
    "optimization_time": 495.7941884994507,
    "regime_bounds": {
        "amp": {
            "lower": 8.0,
            "upper": 10.666666666666666
        },
        "w_d": {
            "lower": 0.00314,
            "upper": 0.0034799999999999996
        },
        "t_tot": {
            "lower": 56.25,
            "upper": 58.75
        }
    }
}