{
    "regime": "amp_4_wd_0_t60.0",
    "t_tot_center": 60.0,
    "best_t_tot": 59.93752540347261,
    "best_amp": 18.68734199775425,
    "best_w_d": 0.0029389044490156914,
    "best_value": 1.639957487995028e-05,
    "optimization_time": 1546.064731836319,
    "regime_bounds": {
        "amp": {
            "lower": 18.666666666666664,
            "upper": 21.333333333333332
        },
        "w_d": {
            "lower": 0.0028,
            "upper": 0.00314
        },
        "t_tot": {
            "lower": 58.75,
            "upper": 61.25
        }
    }
}