{
    "regime": "amp_0_wd_1_t105.0",
    "t_tot_center": 105.0,
    "best_t_tot": 106.24982562184395,
    "best_amp": 10.666635772334743,
    "best_w_d": 0.0031507047807319104,
    "best_value": 1.639563643991189,
    "optimization_time": 1839.6670529842377,
    "regime_bounds": {
        "amp": {
            "lower": 8.0,
            "upper": 10.666666666666666
        },
        "w_d": {
            "lower": 0.00314,
            "upper": 0.0034799999999999996
        },
        "t_tot": {
            "lower": 103.75,
            "upper": 106.25
        }
    }
}