{
    "regime": "amp_3_wd_1_t82.5",
    "t_tot_center": 82.5,
    "best_t_tot": 82.12413942288366,
    "best_amp": 16.417224570988033,
    "best_w_d": 0.003437319288111867,
    "best_value": 0.1892949866867279,
    "optimization_time": 1110.6260721683502,
    "regime_bounds": {
        "amp": {
            "lower": 16.0,
            "upper": 18.666666666666664
        },
        "w_d": {
            "lower": 0.00314,
            "upper": 0.0034799999999999996
        },
        "t_tot": {
            "lower": 81.25,
            "upper": 83.75
        }
    }
}