{
    "regime": "amp_1_wd_1_t100.0",
    "t_tot_center": 100.0,
    "best_t_tot": 98.75026549939035,
    "best_amp": 13.150432066962928,
    "best_w_d": 0.00323149043003834,
    "best_value": 1.319100781589833,
    "optimization_time": 1350.895313501358,
    "regime_bounds": {
        "amp": {
            "lower": 10.666666666666666,
            "upper": 13.333333333333332
        },
        "w_d": {
            "lower": 0.00314,
            "upper": 0.0034799999999999996
        },
        "t_tot": {
            "lower": 98.75,
            "upper": 101.25
        }
    }
}