{
    "regime": "amp_2_wd_0_t50.0",
    "t_tot_center": 50.0,
    "best_t_tot": 48.750003048518906,
    "best_amp": 13.501843747457148,
    "best_w_d": 0.0030874391466388777,
    "best_value": 0.0017840870098139719,
    "optimization_time": 1235.797988653183,
    "regime_bounds": {
        "amp": {
            "lower": 13.333333333333332,
            "upper": 16.0
        },
        "w_d": {
            "lower": 0.0028,
            "upper": 0.00314
        },
        "t_tot": {
            "lower": 48.75,
            "upper": 51.25
        }
    }
}