{
    "regime": "amp_5_wd_2_t107.5",
    "t_tot_center": 107.5,
    "best_t_tot": 107.1423598623613,
    "best_amp": 21.333345142634435,
    "best_w_d": 0.0034828288378247504,
    "best_value": 0.23771193800531992,
    "optimization_time": 1200.7865080833435,
    "regime_bounds": {
        "amp": {
            "lower": 21.333333333333332,
            "upper": 24.0
        },
        "w_d": {
            "lower": 0.0034799999999999996,
            "upper": 0.0038199999999999996
        },
        "t_tot": {
            "lower": 106.25,
            "upper": 108.75
        }
    }
}