{
    "regime": "amp_0_wd_0_t92.5",
    "t_tot_center": 92.5,
    "best_t_tot": 91.2500000070772,
    "best_amp": 10.359235643553067,
    "best_w_d": 0.00313999999111885,
    "best_value": 1.621494543004344,
    "optimization_time": 1108.9551162719727,
    "regime_bounds": {
        "amp": {
            "lower": 8.0,
            "upper": 10.666666666666666
        },
        "w_d": {
            "lower": 0.0028,
            "upper": 0.00314
        },
        "t_tot": {
            "lower": 91.25,
            "upper": 93.75
        }
    }
}