{
    "regime": "amp_5_wd_0_t95.0",
    "t_tot_center": 95.0,
    "best_t_tot": 94.60107226684562,
    "best_amp": 21.565354884323146,
    "best_w_d": 0.0030465794126032057,
    "best_value": 0.11800050396681298,
    "optimization_time": 2783.822557449341,
    "regime_bounds": {
        "amp": {
            "lower": 21.333333333333332,
            "upper": 24.0
        },
        "w_d": {
            "lower": 0.0028,
            "upper": 0.00314
        },
        "t_tot": {
            "lower": 93.75,
            "upper": 96.25
        }
    }
}