{
    "regime": "amp_1_wd_3_t85.0",
    "t_tot_center": 85.0,
    "best_t_tot": 83.75002577279892,
    "best_amp": 13.067972043218308,
    "best_w_d": 0.004038522082584075,
    "best_value": 1.2265952635330333,
    "optimization_time": 2855.863022327423,
    "regime_bounds": {
        "amp": {
            "lower": 10.666666666666666,
            "upper": 13.333333333333332
        },
        "w_d": {
            "lower": 0.0038199999999999996,
            "upper": 0.00416
        },
        "t_tot": {
            "lower": 83.75,
            "upper": 86.25
        }
    }
}