{
    "regime": "amp_5_wd_3_t65.0",
    "t_tot_center": 65.0,
    "best_t_tot": 64.81887008395377,
    "best_amp": 21.36599760697898,
    "best_w_d": 0.00382328552863008,
    "best_value": 2.030651052830722e-05,
    "optimization_time": 947.6308352947235,
    "regime_bounds": {
        "amp": {
            "lower": 21.333333333333332,
            "upper": 24.0
        },
        "w_d": {
            "lower": 0.0038199999999999996,
            "upper": 0.00416
        },
        "t_tot": {
            "lower": 63.75,
            "upper": 66.25
        }
    }
}