{
    "regime": "amp_5_wd_2_t65.0",
    "t_tot_center": 65.0,
    "best_t_tot": 65.05473820471735,
    "best_amp": 21.547238451519622,
    "best_w_d": 0.003513144291372125,
    "best_value": 8.694625504777914e-07,
    "optimization_time": 1838.689499616623,
    "regime_bounds": {
        "amp": {
            "lower": 21.333333333333332,
            "upper": 24.0
        },
        "w_d": {
            "lower": 0.0034799999999999996,
            "upper": 0.0038199999999999996
        },
        "t_tot": {
            "lower": 63.75,
            "upper": 66.25
        }
    }
}