{
    "regime": "amp_5_wd_0_t112.5",
    "t_tot_center": 112.5,
    "best_t_tot": 112.620124081045,
    "best_amp": 21.869543897836316,
    "best_w_d": 0.0031399991760778837,
    "best_value": 0.22713714985007083,
    "optimization_time": 1827.256229877472,
    "regime_bounds": {
        "amp": {
            "lower": 21.333333333333332,
            "upper": 24.0
        },
        "w_d": {
            "lower": 0.0028,
            "upper": 0.00314
        },
        "t_tot": {
            "lower": 111.25,
            "upper": 113.75
        }
    }
}