{
    "regime": "amp_2_wd_3_t72.5",
    "t_tot_center": 72.5,
    "best_t_tot": 71.79114688919086,
    "best_amp": 15.732217555197595,
    "best_w_d": 0.0041598966039147695,
    "best_value": 0.1720052943497995,
    "optimization_time": 1361.6274955272675,
    "regime_bounds": {
        "amp": {
            "lower": 13.333333333333332,
            "upper": 16.0
        },
        "w_d": {
            "lower": 0.0038199999999999996,
            "upper": 0.00416
        },
        "t_tot": {
            "lower": 71.25,
            "upper": 73.75
        }
    }
}