{
    "regime": "amp_4_wd_3_t80.0",
    "t_tot_center": 80.0,
    "best_t_tot": 79.98596753191062,
    "best_amp": 18.89076355722517,
    "best_w_d": 0.004149986951855072,
    "best_value": 0.21929418518169896,
    "optimization_time": 1736.0477185249329,
    "regime_bounds": {
        "amp": {
            "lower": 18.666666666666664,
            "upper": 21.333333333333332
        },
        "w_d": {
            "lower": 0.0038199999999999996,
            "upper": 0.00416
        },
        "t_tot": {
            "lower": 78.75,
            "upper": 81.25
        }
    }
}