{
    "regime": "amp_0_wd_1_t112.5",
    "t_tot_center": 112.5,
    "best_t_tot": 112.8328288214602,
    "best_amp": 10.64643688394915,
    "best_w_d": 0.0034794371315321577,
    "best_value": 1.6878019497698795,
    "optimization_time": 1855.8418662548065,
    "regime_bounds": {
        "amp": {
            "lower": 8.0,
            "upper": 10.666666666666666
        },
        "w_d": {
            "lower": 0.00314,
            "upper": 0.0034799999999999996
        },
        "t_tot": {
            "lower": 111.25,
            "upper": 113.75
        }
    }
}