{
    "regime": "amp_1_wd_0_t97.5",
    "t_tot_center": 97.5,
    "best_t_tot": 96.28444050958268,
    "best_amp": 13.240524020424866,
    "best_w_d": 0.002848416638220164,
    "best_value": 0.7681064629049917,
    "optimization_time": 1215.616333246231,
    "regime_bounds": {
        "amp": {
            "lower": 10.666666666666666,
            "upper": 13.333333333333332
        },
        "w_d": {
            "lower": 0.0028,
            "upper": 0.00314
        },
        "t_tot": {
            "lower": 96.25,
            "upper": 98.75
        }
    }
}