{
    "regime": "amp_4_wd_2_t85.0",
    "t_tot_center": 85.0,
    "best_t_tot": 84.21161248599596,
    "best_amp": 19.183893213695697,
    "best_w_d": 0.0036676419904152664,
    "best_value": 0.18301436894548162,
    "optimization_time": 1285.1727976799011,
    "regime_bounds": {
        "amp": {
            "lower": 18.666666666666664,
            "upper": 21.333333333333332
        },
        "w_d": {
            "lower": 0.0034799999999999996,
            "upper": 0.0038199999999999996
        },
        "t_tot": {
            "lower": 83.75,
            "upper": 86.25
        }
    }
}