{
    "regime": "amp_5_wd_2_t95.0",
    "t_tot_center": 95.0,
    "best_t_tot": 94.80067033271928,
    "best_amp": 22.037809540872303,
    "best_w_d": 0.003795352120773115,
    "best_value": 0.07279434847228672,
    "optimization_time": 1108.6624450683594,
    "regime_bounds": {
        "amp": {
            "lower": 21.333333333333332,
            "upper": 24.0
        },
        "w_d": {
            "lower": 0.0034799999999999996,
            "upper": 0.0038199999999999996
        },
        "t_tot": {
            "lower": 93.75,
            "upper": 96.25
        }
    }
}