{
    "regime": "amp_1_wd_3_t102.5",
    "t_tot_center": 102.5,
    "best_t_tot": 101.25000000879314,
    "best_amp": 13.333333332263999,
    "best_w_d": 0.003820000000080666,
    "best_value": 1.6089623106686157,
    "optimization_time": 1541.17205452919,
    "regime_bounds": {
        "amp": {
            "lower": 10.666666666666666,
            "upper": 13.333333333333332
        },
        "w_d": {
            "lower": 0.0038199999999999996,
            "upper": 0.00416
        },
        "t_tot": {
            "lower": 101.25,
            "upper": 103.75
        }
    }
}