{
    "regime": "amp_0_wd_0_t85.0",
    "t_tot_center": 85.0,
    "best_t_tot": 83.75000020974005,
    "best_amp": 10.653535638404499,
    "best_w_d": 0.0031399999820956124,
    "best_value": 1.2067250253269104,
    "optimization_time": 2831.977642059326,
    "regime_bounds": {
        "amp": {
            "lower": 8.0,
            "upper": 10.666666666666666
        },
        "w_d": {
            "lower": 0.0028,
            "upper": 0.00314
        },
        "t_tot": {
            "lower": 83.75,
            "upper": 86.25
        }
    }
}