{
    "regime": "amp_3_wd_4_t82.5",
    "t_tot_center": 82.5,
    "best_t_tot": 82.66261738578629,
    "best_amp": 18.55037296522483,
    "best_w_d": 0.004324943284287754,
    "best_value": 0.16079624240334156,
    "optimization_time": 958.7603857517242,
    "regime_bounds": {
        "amp": {
            "lower": 16.0,
            "upper": 18.666666666666664
        },
        "w_d": {
            "lower": 0.00416,
            "upper": 0.0045
        },
        "t_tot": {
            "lower": 81.25,
            "upper": 83.75
        }
    }
}