{
    "regime": "amp_4_wd_4_t95.0",
    "t_tot_center": 95.0,
    "best_t_tot": 95.45772602239788,
    "best_amp": 19.04426524343066,
    "best_w_d": 0.004229102824619787,
    "best_value": 0.4825544757450051,
    "optimization_time": 1074.227035999298,
    "regime_bounds": {
        "amp": {
            "lower": 18.666666666666664,
            "upper": 21.333333333333332
        },
        "w_d": {
            "lower": 0.00416,
            "upper": 0.0045
        },
        "t_tot": {
            "lower": 93.75,
            "upper": 96.25
        }
    }
}