{
    "regime": "amp_5_wd_1_t75.0",
    "t_tot_center": 75.0,
    "best_t_tot": 74.60067178913562,
    "best_amp": 21.350972592906317,
    "best_w_d": 0.0034604291590588925,
    "best_value": 0.010476246170696507,
    "optimization_time": 1578.703690290451,
    "regime_bounds": {
        "amp": {
            "lower": 21.333333333333332,
            "upper": 24.0
        },
        "w_d": {
            "lower": 0.00314,
            "upper": 0.0034799999999999996
        },
        "t_tot": {
            "lower": 73.75,
            "upper": 76.25
        }
    }
}