{
    "regime": "amp_0_wd_3_t65.0",
    "t_tot_center": 65.0,
    "best_t_tot": 63.75000134303049,
    "best_amp": 10.66666659618472,
    "best_w_d": 0.0038893526276497998,
    "best_value": 0.6017546602295923,
    "optimization_time": 905.4848535060883,
    "regime_bounds": {
        "amp": {
            "lower": 8.0,
            "upper": 10.666666666666666
        },
        "w_d": {
            "lower": 0.0038199999999999996,
            "upper": 0.00416
        },
        "t_tot": {
            "lower": 63.75,
            "upper": 66.25
        }
    }
}