{
    "regime": "amp_1_wd_0_t75.0",
    "t_tot_center": 75.0,
    "best_t_tot": 74.05033322835503,
    "best_amp": 13.118086045143478,
    "best_w_d": 0.0031399597544738427,
    "best_value": 0.2637754322423939,
    "optimization_time": 1028.352111339569,
    "regime_bounds": {
        "amp": {
            "lower": 10.666666666666666,
            "upper": 13.333333333333332
        },
        "w_d": {
            "lower": 0.0028,
            "upper": 0.00314
        },
        "t_tot": {
            "lower": 73.75,
            "upper": 76.25
        }
    }
}