{
    "regime": "amp_0_wd_1_t120.0",
    "t_tot_center": 120.0,
    "best_t_tot": 119.34586500919559,
    "best_amp": 10.666594341363671,
    "best_w_d": 0.0033551426347642904,
    "best_value": 1.6959107806879556,
    "optimization_time": 1944.521071434021,
    "regime_bounds": {
        "amp": {
            "lower": 8.0,
            "upper": 10.666666666666666
        },
        "w_d": {
            "lower": 0.00314,
            "upper": 0.0034799999999999996
        },
        "t_tot": {
            "lower": 118.75,
            "upper": 121.25
        }
    }
}