{
    "regime": "amp_4_wd_1_t82.5",
    "t_tot_center": 82.5,
    "best_t_tot": 82.33493609315543,
    "best_amp": 19.05902150550834,
    "best_w_d": 0.0034438401943286774,
    "best_value": 0.08865827105388652,
    "optimization_time": 1686.6277823448181,
    "regime_bounds": {
        "amp": {
            "lower": 18.666666666666664,
            "upper": 21.333333333333332
        },
        "w_d": {
            "lower": 0.00314,
            "upper": 0.0034799999999999996
        },
        "t_tot": {
            "lower": 81.25,
            "upper": 83.75
        }
    }
}