{
    "regime": "amp_3_wd_0_t55.0",
    "t_tot_center": 55.0,
    "best_t_tot": 55.00333367118101,
    "best_amp": 16.358947477241223,
    "best_w_d": 0.0031067061441383647,
    "best_value": 0.00012874801624669267,
    "optimization_time": 2394.5476434230804,
    "regime_bounds": {
        "amp": {
            "lower": 16.0,
            "upper": 18.666666666666664
        },
        "w_d": {
            "lower": 0.0028,
            "upper": 0.00314
        },
        "t_tot": {
            "lower": 53.75,
            "upper": 56.25
        }
    }
}