{
    "regime": "amp_2_wd_1_t62.5",
    "t_tot_center": 62.5,
    "best_t_tot": 61.250000009143996,
    "best_amp": 13.65406556893516,
    "best_w_d": 0.003167693786427871,
    "best_value": 0.05641551344841897,
    "optimization_time": 1270.8905203342438,
    "regime_bounds": {
        "amp": {
            "lower": 13.333333333333332,
            "upper": 16.0
        },
        "w_d": {
            "lower": 0.00314,
            "upper": 0.0034799999999999996
        },
        "t_tot": {
            "lower": 61.25,
            "upper": 63.75
        }
    }
}