{
    "regime": "amp_4_wd_2_t110.0",
    "t_tot_center": 110.0,
    "best_t_tot": 109.74696492969245,
    "best_amp": 18.666680674697194,
    "best_w_d": 0.003519995163059372,
    "best_value": 0.6076992272592381,
    "optimization_time": 1801.6292741298676,
    "regime_bounds": {
        "amp": {
            "lower": 18.666666666666664,
            "upper": 21.333333333333332
        },
        "w_d": {
            "lower": 0.0034799999999999996,
            "upper": 0.0038199999999999996
        },
        "t_tot": {
            "lower": 108.75,
            "upper": 111.25
        }
    }
}