{
    "regime": "amp_5_wd_3_t67.5",
    "t_tot_center": 67.5,
    "best_t_tot": 67.4240017442101,
    "best_amp": 21.681034784321653,
    "best_w_d": 0.004122878096679329,
    "best_value": 0.0021784726454998644,
    "optimization_time": 3055.1126079559326,
    "regime_bounds": {
        "amp": {
            "lower": 21.333333333333332,
            "upper": 24.0
        },
        "w_d": {
            "lower": 0.0038199999999999996,
            "upper": 0.00416
        },
        "t_tot": {
            "lower": 66.25,
            "upper": 68.75
        }
    }
}