{
    "regime": "amp_3_wd_3_t107.5",
    "t_tot_center": 107.5,
    "best_t_tot": 107.494016978205,
    "best_amp": 18.666664631569066,
    "best_w_d": 0.003999885240822411,
    "best_value": 0.36060862436150865,
    "optimization_time": 1547.0822684764862,
    "regime_bounds": {
        "amp": {
            "lower": 16.0,
            "upper": 18.666666666666664
        },
        "w_d": {
            "lower": 0.0038199999999999996,
            "upper": 0.00416
        },
        "t_tot": {
            "lower": 106.25,
            "upper": 108.75
        }
    }
}