{
    "regime": "amp_4_wd_4_t65.0",
    "t_tot_center": 65.0,
    "best_t_tot": 64.69505273330148,
    "best_amp": 19.013411431275827,
    "best_w_d": 0.004191091180673544,
    "best_value": 0.007630942316115901,
    "optimization_time": 3223.422587156296,
    "regime_bounds": {
        "amp": {
            "lower": 18.666666666666664,
            "upper": 21.333333333333332
        },
        "w_d": {
            "lower": 0.00416,
            "upper": 0.0045
        },
        "t_tot": {
            "lower": 63.75,
            "upper": 66.25
        }
    }
}