{
    "regime": "amp_3_wd_2_t92.5",
    "t_tot_center": 92.5,
    "best_t_tot": 92.81206017361188,
    "best_amp": 17.06881827144562,
    "best_w_d": 0.0037980793118791924,
    "best_value": 0.510194927707385,
    "optimization_time": 1159.6931841373444,
    "regime_bounds": {
        "amp": {
            "lower": 16.0,
            "upper": 18.666666666666664
        },
        "w_d": {
            "lower": 0.0034799999999999996,
            "upper": 0.0038199999999999996
        },
        "t_tot": {
            "lower": 91.25,
            "upper": 93.75
        }
    }
}