{
    "regime": "amp_1_wd_3_t72.5",
    "t_tot_center": 72.5,
    "best_t_tot": 71.69440719866557,
    "best_amp": 13.033501945276532,
    "best_w_d": 0.004159012424994622,
    "best_value": 0.4689750671818126,
    "optimization_time": 987.8681437969208,
    "regime_bounds": {
        "amp": {
            "lower": 10.666666666666666,
            "upper": 13.333333333333332
        },
        "w_d": {
            "lower": 0.0038199999999999996,
            "upper": 0.00416
        },
        "t_tot": {
            "lower": 71.25,
            "upper": 73.75
        }
    }
}