{
    "regime": "amp_3_wd_2_t102.5",
    "t_tot_center": 102.5,
    "best_t_tot": 102.46054831276267,
    "best_amp": 18.310261498661532,
    "best_w_d": 0.0035511991548622876,
    "best_value": 0.3607608209393846,
    "optimization_time": 1531.517079114914,
    "regime_bounds": {
        "amp": {
            "lower": 16.0,
            "upper": 18.666666666666664
        },
        "w_d": {
            "lower": 0.0034799999999999996,
            "upper": 0.0038199999999999996
        },
        "t_tot": {
            "lower": 101.25,
            "upper": 103.75
        }
    }
}