{
    "regime": "amp_2_wd_2_t50.0",
    "t_tot_center": 50.0,
    "best_t_tot": 48.75001067132132,
    "best_amp": 13.842806522773948,
    "best_w_d": 0.003626510456934917,
    "best_value": 0.0021698611417350893,
    "optimization_time": 1136.2358601093292,
    "regime_bounds": {
        "amp": {
            "lower": 13.333333333333332,
            "upper": 16.0
        },
        "w_d": {
            "lower": 0.0034799999999999996,
            "upper": 0.0038199999999999996
        },
        "t_tot": {
            "lower": 48.75,
            "upper": 51.25
        }
    }
}