{
    "regime": "amp_1_wd_0_t77.5",
    "t_tot_center": 77.5,
    "best_t_tot": 76.250065314119,
    "best_amp": 13.238261576697845,
    "best_w_d": 0.003136233365393368,
    "best_value": 0.29430576128469155,
    "optimization_time": 1063.495664358139,
    "regime_bounds": {
        "amp": {
            "lower": 10.666666666666666,
            "upper": 13.333333333333332
        },
        "w_d": {
            "lower": 0.0028,
            "upper": 0.00314
        },
        "t_tot": {
            "lower": 76.25,
            "upper": 78.75
        }
    }
}