{
    "regime": "amp_2_wd_3_t65.0",
    "t_tot_center": 65.0,
    "best_t_tot": 64.82007774380823,
    "best_amp": 15.88229432878008,
    "best_w_d": 0.0038704844063642873,
    "best_value": 0.04151916412782303,
    "optimization_time": 990.3566844463348,
    "regime_bounds": {
        "amp": {
            "lower": 13.333333333333332,
            "upper": 16.0
        },
        "w_d": {
            "lower": 0.0038199999999999996,
            "upper": 0.00416
        },
        "t_tot": {
            "lower": 63.75,
            "upper": 66.25
        }
    }
}