{
    "regime": "amp_3_wd_2_t67.5",
    "t_tot_center": 67.5,
    "best_t_tot": 67.0291845974238,
    "best_amp": 18.49087126217544,
    "best_w_d": 0.0038192838264521876,
    "best_value": 0.013482376896913586,
    "optimization_time": 1193.7175495624542,
    "regime_bounds": {
        "amp": {
            "lower": 16.0,
            "upper": 18.666666666666664
        },
        "w_d": {
            "lower": 0.0034799999999999996,
            "upper": 0.0038199999999999996
        },
        "t_tot": {
            "lower": 66.25,
            "upper": 68.75
        }
    }
}