{
    "regime": "amp_2_wd_3_t52.5",
    "t_tot_center": 52.5,
    "best_t_tot": 51.81273495150724,
    "best_amp": 14.022125409035718,
    "best_w_d": 0.003914569522318783,
    "best_value": 0.009868344344301803,
    "optimization_time": 892.6092863082886,
    "regime_bounds": {
        "amp": {
            "lower": 13.333333333333332,
            "upper": 16.0
        },
        "w_d": {
            "lower": 0.0038199999999999996,
            "upper": 0.00416
        },
        "t_tot": {
            "lower": 51.25,
            "upper": 53.75
        }
    }
}