{
    "regime": "amp_1_wd_1_t105.0",
    "t_tot_center": 105.0,
    "best_t_tot": 103.75000020818041,
    "best_amp": 13.333333322343302,
    "best_w_d": 0.0034370080787018403,
    "best_value": 1.6761420849985278,
    "optimization_time": 1993.3605647087097,
    "regime_bounds": {
        "amp": {
            "lower": 10.666666666666666,
            "upper": 13.333333333333332
        },
        "w_d": {
            "lower": 0.00314,
            "upper": 0.0034799999999999996
        },
        "t_tot": {
            "lower": 103.75,
            "upper": 106.25
        }
    }
}