{
    "regime": "amp_1_wd_0_t117.5",
    "t_tot_center": 117.5,
    "best_t_tot": 118.74999998863296,
    "best_amp": 11.1579340326665,
    "best_w_d": 0.0030002883045053643,
    "best_value": 1.767510120215579,
    "optimization_time": 2049.649846315384,
    "regime_bounds": {
        "amp": {
            "lower": 10.666666666666666,
            "upper": 13.333333333333332
        },
        "w_d": {
            "lower": 0.0028,
            "upper": 0.00314
        },
        "t_tot": {
            "lower": 116.25,
            "upper": 118.75
        }
    }
}