{
    "regime": "amp_3_wd_1_t115.0",
    "t_tot_center": 115.0,
    "best_t_tot": 113.75074282818426,
    "best_amp": 16.294167041485064,
    "best_w_d": 0.0033376476686521436,
    "best_value": 0.8380274132142608,
    "optimization_time": 4891.430620670319,
    "regime_bounds": {
        "amp": {
            "lower": 16.0,
            "upper": 18.666666666666664
        },
        "w_d": {
            "lower": 0.00314,
            "upper": 0.0034799999999999996
        },
        "t_tot": {
            "lower": 113.75,
            "upper": 116.25
        }
    }
}