{
    "regime": "amp_0_wd_2_t62.5",
    "t_tot_center": 62.5,
    "best_t_tot": 61.2500138843444,
    "best_amp": 10.56679846366993,
    "best_w_d": 0.0035871630518758903,
    "best_value": 0.42924920606649103,
    "optimization_time": 551.6778178215027,
    "regime_bounds": {
        "amp": {
            "lower": 8.0,
            "upper": 10.666666666666666
        },
        "w_d": {
            "lower": 0.0034799999999999996,
            "upper": 0.0038199999999999996
        },
        "t_tot": {
            "lower": 61.25,
            "upper": 63.75
        }
    }
}