{
    "regime": "amp_4_wd_0_t95.0",
    "t_tot_center": 95.0,
    "best_t_tot": 94.26316776464932,
    "best_amp": 19.65105732767389,
    "best_w_d": 0.0030543501203908795,
    "best_value": 0.17194983197373215,
    "optimization_time": 1862.3922002315521,
    "regime_bounds": {
        "amp": {
            "lower": 18.666666666666664,
            "upper": 21.333333333333332
        },
        "w_d": {
            "lower": 0.0028,
            "upper": 0.00314
        },
        "t_tot": {
            "lower": 93.75,
            "upper": 96.25
        }
    }
}