{
    "regime": "amp_1_wd_0_t65.0",
    "t_tot_center": 65.0,
    "best_t_tot": 63.750000440855196,
    "best_amp": 12.829318767925557,
    "best_w_d": 0.0029346596619807376,
    "best_value": 0.10069414256855316,
    "optimization_time": 3897.539654970169,
    "regime_bounds": {
        "amp": {
            "lower": 10.666666666666666,
            "upper": 13.333333333333332
        },
        "w_d": {
            "lower": 0.0028,
            "upper": 0.00314
        },
        "t_tot": {
            "lower": 63.75,
            "upper": 66.25
        }
    }
}