{
    "regime": "amp_1_wd_4_t70.0",
    "t_tot_center": 70.0,
    "best_t_tot": 68.75000794203551,
    "best_amp": 13.074593143603943,
    "best_w_d": 0.0043177511191085025,
    "best_value": 0.4053468846504827,
    "optimization_time": 1102.7126860618591,
    "regime_bounds": {
        "amp": {
            "lower": 10.666666666666666,
            "upper": 13.333333333333332
        },
        "w_d": {
            "lower": 0.00416,
            "upper": 0.0045
        },
        "t_tot": {
            "lower": 68.75,
            "upper": 71.25
        }
    }
}