{
    "regime": "amp_1_wd_4_t100.0",
    "t_tot_center": 100.0,
    "best_t_tot": 98.78805122916293,
    "best_amp": 11.63758406064623,
    "best_w_d": 0.004160146460190581,
    "best_value": 1.5435828309310522,
    "optimization_time": 5418.8557369709015,
    "regime_bounds": {
        "amp": {
            "lower": 10.666666666666666,
            "upper": 13.333333333333332
        },
        "w_d": {
            "lower": 0.00416,
            "upper": 0.0045
        },
        "t_tot": {
            "lower": 98.75,
            "upper": 101.25
        }
    }
}