{
    "regime": "amp_1_wd_3_t97.5",
    "t_tot_center": 97.5,
    "best_t_tot": 96.25000021920629,
    "best_amp": 13.333333333305912,
    "best_w_d": 0.003921963572751215,
    "best_value": 1.4414436600832756,
    "optimization_time": 2869.2153215408325,
    "regime_bounds": {
        "amp": {
            "lower": 10.666666666666666,
            "upper": 13.333333333333332
        },
        "w_d": {
            "lower": 0.0038199999999999996,
            "upper": 0.00416
        },
        "t_tot": {
            "lower": 96.25,
            "upper": 98.75
        }
    }
}