{
    "regime": "amp_4_wd_4_t55.0",
    "t_tot_center": 55.0,
    "best_t_tot": 55.144459065517765,
    "best_amp": 18.947833898385824,
    "best_w_d": 0.0042077941734818165,
    "best_value": 0.0008000786096075252,
    "optimization_time": 2190.1136128902435,
    "regime_bounds": {
        "amp": {
            "lower": 18.666666666666664,
            "upper": 21.333333333333332
        },
        "w_d": {
            "lower": 0.00416,
            "upper": 0.0045
        },
        "t_tot": {
            "lower": 53.75,
            "upper": 56.25
        }
    }
}