{
    "regime": "amp_4_wd_4_t120.0",
    "t_tot_center": 120.0,
    "best_t_tot": 120.33853260707734,
    "best_amp": 19.43666800084555,
    "best_w_d": 0.004367370323036676,
    "best_value": 0.5394846360621773,
    "optimization_time": 4080.916630744934,
    "regime_bounds": {
        "amp": {
            "lower": 18.666666666666664,
            "upper": 21.333333333333332
        },
        "w_d": {
            "lower": 0.00416,
            "upper": 0.0045
        },
        "t_tot": {
            "lower": 118.75,
            "upper": 121.25
        }
    }
}