{
    "regime": "amp_4_wd_1_t87.5",
    "t_tot_center": 87.5,
    "best_t_tot": 87.16893204960405,
    "best_amp": 19.18635874723663,
    "best_w_d": 0.003444023113719953,
    "best_value": 0.17189516238482686,
    "optimization_time": 1780.0256485939026,
    "regime_bounds": {
        "amp": {
            "lower": 18.666666666666664,
            "upper": 21.333333333333332
        },
        "w_d": {
            "lower": 0.00314,
            "upper": 0.0034799999999999996
        },
        "t_tot": {
            "lower": 86.25,
            "upper": 88.75
        }
    }
}