{
    "regime": "amp_4_wd_3_t100.0",
    "t_tot_center": 100.0,
    "best_t_tot": 98.93782042174955,
    "best_amp": 18.983600959863068,
    "best_w_d": 0.00382437753793062,
    "best_value": 0.2989167909282544,
    "optimization_time": 1245.8678648471832,
    "regime_bounds": {
        "amp": {
            "lower": 18.666666666666664,
            "upper": 21.333333333333332
        },
        "w_d": {
            "lower": 0.0038199999999999996,
            "upper": 0.00416
        },
        "t_tot": {
            "lower": 98.75,
            "upper": 101.25
        }
    }
}