{
    "regime": "amp_2_wd_4_t95.0",
    "t_tot_center": 95.0,
    "best_t_tot": 93.75008789894657,
    "best_amp": 15.01595621735995,
    "best_w_d": 0.004163313616712114,
    "best_value": 0.9047878561425788,
    "optimization_time": 3361.7052912712097,
    "regime_bounds": {
        "amp": {
            "lower": 13.333333333333332,
            "upper": 16.0
        },
        "w_d": {
            "lower": 0.00416,
            "upper": 0.0045
        },
        "t_tot": {
            "lower": 93.75,
            "upper": 96.25
        }
    }
}