{
    "regime": "amp_1_wd_4_t107.5",
    "t_tot_center": 107.5,
    "best_t_tot": 108.7499999920285,
    "best_amp": 10.666666666839616,
    "best_w_d": 0.004184673065909365,
    "best_value": 1.76283274187021,
    "optimization_time": 818.0715653896332,
    "regime_bounds": {
        "amp": {
            "lower": 10.666666666666666,
            "upper": 13.333333333333332
        },
        "w_d": {
            "lower": 0.00416,
            "upper": 0.0045
        },
        "t_tot": {
            "lower": 106.25,
            "upper": 108.75
        }
    }
}