{
    "regime": "amp_2_wd_1_t77.5",
    "t_tot_center": 77.5,
    "best_t_tot": 77.10248905764487,
    "best_amp": 15.945995296240236,
    "best_w_d": 0.0034415379007111586,
    "best_value": 0.13549213743392396,
    "optimization_time": 985.9362945556641,
    "regime_bounds": {
        "amp": {
            "lower": 13.333333333333332,
            "upper": 16.0
        },
        "w_d": {
            "lower": 0.00314,
            "upper": 0.0034799999999999996
        },
        "t_tot": {
            "lower": 76.25,
            "upper": 78.75
        }
    }
}