{
    "regime": "amp_5_wd_2_t100.0",
    "t_tot_center": 100.0,
    "best_t_tot": 100.3767064775043,
    "best_amp": 23.994288661217187,
    "best_w_d": 0.0035557937822645854,
    "best_value": 0.0561759568492909,
    "optimization_time": 1407.2761626243591,
    "regime_bounds": {
        "amp": {
            "lower": 21.333333333333332,
            "upper": 24.0
        },
        "w_d": {
            "lower": 0.0034799999999999996,
            "upper": 0.0038199999999999996
        },
        "t_tot": {
            "lower": 98.75,
            "upper": 101.25
        }
    }
}