{
    "regime": "amp_3_wd_1_t50.0",
    "t_tot_center": 50.0,
    "best_t_tot": 50.67751899633227,
    "best_amp": 16.00089793871212,
    "best_w_d": 0.0034383715604248536,
    "best_value": 0.00039597579920238257,
    "optimization_time": 930.4189870357513,
    "regime_bounds": {
        "amp": {
            "lower": 16.0,
            "upper": 18.666666666666664
        },
        "w_d": {
            "lower": 0.00314,
            "upper": 0.0034799999999999996
        },
        "t_tot": {
            "lower": 48.75,
            "upper": 51.25
        }
    }
}