{
    "regime": "amp_3_wd_0_t102.5",
    "t_tot_center": 102.5,
    "best_t_tot": 101.68381649429679,
    "best_amp": 18.150206560261772,
    "best_w_d": 0.002823747533188235,
    "best_value": 0.321263609568904,
    "optimization_time": 1076.4973089694977,
    "regime_bounds": {
        "amp": {
            "lower": 16.0,
            "upper": 18.666666666666664
        },
        "w_d": {
            "lower": 0.0028,
            "upper": 0.00314
        },
        "t_tot": {
            "lower": 101.25,
            "upper": 103.75
        }
    }
}