{
    "regime": "amp_4_wd_2_t117.5",
    "t_tot_center": 117.5,
    "best_t_tot": 116.85845904212923,
    "best_amp": 21.33332754327751,
    "best_w_d": 0.003605626793637587,
    "best_value": 0.15104711620422884,
    "optimization_time": 1036.606006860733,
    "regime_bounds": {
        "amp": {
            "lower": 18.666666666666664,
            "upper": 21.333333333333332
        },
        "w_d": {
            "lower": 0.0034799999999999996,
            "upper": 0.0038199999999999996
        },
        "t_tot": {
            "lower": 116.25,
            "upper": 118.75
        }
    }
}