{
    "regime": "amp_0_wd_0_t87.5",
    "t_tot_center": 87.5,
    "best_t_tot": 86.25000003474355,
    "best_amp": 10.66666665529254,
    "best_w_d": 0.0030751267968572786,
    "best_value": 1.273544147930283,
    "optimization_time": 1185.3223979473114,
    "regime_bounds": {
        "amp": {
            "lower": 8.0,
            "upper": 10.666666666666666
        },
        "w_d": {
            "lower": 0.0028,
            "upper": 0.00314
        },
        "t_tot": {
            "lower": 86.25,
            "upper": 88.75
        }
    }
}