{
    "regime": "amp_4_wd_2_t87.5",
    "t_tot_center": 87.5,
    "best_t_tot": 87.2829241686449,
    "best_amp": 19.54392660022083,
    "best_w_d": 0.0037983611158185202,
    "best_value": 0.2770184850346258,
    "optimization_time": 2395.8682935237885,
    "regime_bounds": {
        "amp": {
            "lower": 18.666666666666664,
            "upper": 21.333333333333332
        },
        "w_d": {
            "lower": 0.0034799999999999996,
            "upper": 0.0038199999999999996
        },
        "t_tot": {
            "lower": 86.25,
            "upper": 88.75
        }
    }
}