{
    "regime": "amp_4_wd_0_t85.0",
    "t_tot_center": 85.0,
    "best_t_tot": 84.79201806119897,
    "best_amp": 18.819470985458075,
    "best_w_d": 0.0030625792043507253,
    "best_value": 0.08593739859531485,
    "optimization_time": 1383.156887769699,
    "regime_bounds": {
        "amp": {
            "lower": 18.666666666666664,
            "upper": 21.333333333333332
        },
        "w_d": {
            "lower": 0.0028,
            "upper": 0.00314
        },
        "t_tot": {
            "lower": 83.75,
            "upper": 86.25
        }
    }
}