{
    "regime": "amp_2_wd_0_t77.5",
    "t_tot_center": 77.5,
    "best_t_tot": 77.26711825490952,
    "best_amp": 15.8960390889752,
    "best_w_d": 0.003134929233999636,
    "best_value": 0.1186737594302336,
    "optimization_time": 1580.331318616867,
    "regime_bounds": {
        "amp": {
            "lower": 13.333333333333332,
            "upper": 16.0
        },
        "w_d": {
            "lower": 0.0028,
            "upper": 0.00314
        },
        "t_tot": {
            "lower": 76.25,
            "upper": 78.75
        }
    }
}