{
    "regime": "amp_1_wd_1_t60.0",
    "t_tot_center": 60.0,
    "best_t_tot": 58.75002556034787,
    "best_amp": 13.1461030088271,
    "best_w_d": 0.003208064292930172,
    "best_value": 0.05473359017388135,
    "optimization_time": 1017.1144735813141,
    "regime_bounds": {
        "amp": {
            "lower": 10.666666666666666,
            "upper": 13.333333333333332
        },
        "w_d": {
            "lower": 0.00314,
            "upper": 0.0034799999999999996
        },
        "t_tot": {
            "lower": 58.75,
            "upper": 61.25
        }
    }
}