{
    "regime": "amp_5_wd_0_t85.0",
    "t_tot_center": 85.0,
    "best_t_tot": 84.65690173387047,
    "best_amp": 21.86921115260279,
    "best_w_d": 0.0030739207046204644,
    "best_value": 0.03334288106507424,
    "optimization_time": 2066.7598943710327,
    "regime_bounds": {
        "amp": {
            "lower": 21.333333333333332,
            "upper": 24.0
        },
        "w_d": {
            "lower": 0.0028,
            "upper": 0.00314
        },
        "t_tot": {
            "lower": 83.75,
            "upper": 86.25
        }
    }
}