{
    "regime": "amp_5_wd_0_t105.0",
    "t_tot_center": 105.0,
    "best_t_tot": 105.23692517580534,
    "best_amp": 21.557044802563688,
    "best_w_d": 0.003135135775250228,
    "best_value": 0.40409649487933946,
    "optimization_time": 1361.452755689621,
    "regime_bounds": {
        "amp": {
            "lower": 21.333333333333332,
            "upper": 24.0
        },
        "w_d": {
            "lower": 0.0028,
            "upper": 0.00314
        },
        "t_tot": {
            "lower": 103.75,
            "upper": 106.25
        }
    }
}