{
    "regime": "amp_3_wd_3_t87.5",
    "t_tot_center": 87.5,
    "best_t_tot": 88.01681676839293,
    "best_amp": 16.860370551049588,
    "best_w_d": 0.004082210391568424,
    "best_value": 0.40020442578382054,
    "optimization_time": 1156.9493291378021,
    "regime_bounds": {
        "amp": {
            "lower": 16.0,
            "upper": 18.666666666666664
        },
        "w_d": {
            "lower": 0.0038199999999999996,
            "upper": 0.00416
        },
        "t_tot": {
            "lower": 86.25,
            "upper": 88.75
        }
    }
}