{
    "regime": "amp_2_wd_2_t100.0",
    "t_tot_center": 100.0,
    "best_t_tot": 99.97105795247799,
    "best_amp": 15.999997631477493,
    "best_w_d": 0.0035056391505394473,
    "best_value": 0.8826845129144034,
    "optimization_time": 1216.0666809082031,
    "regime_bounds": {
        "amp": {
            "lower": 13.333333333333332,
            "upper": 16.0
        },
        "w_d": {
            "lower": 0.0034799999999999996,
            "upper": 0.0038199999999999996
        },
        "t_tot": {
            "lower": 98.75,
            "upper": 101.25
        }
    }
}