{
    "regime": "amp_4_wd_4_t92.5",
    "t_tot_center": 92.5,
    "best_t_tot": 91.25000103607448,
    "best_amp": 19.04493013954474,
    "best_w_d": 0.004160000014175579,
    "best_value": 0.2256194765800249,
    "optimization_time": 1651.4069435596466,
    "regime_bounds": {
        "amp": {
            "lower": 18.666666666666664,
            "upper": 21.333333333333332
        },
        "w_d": {
            "lower": 0.00416,
            "upper": 0.0045
        },
        "t_tot": {
            "lower": 91.25,
            "upper": 93.75
        }
    }
}