{
    "regime": "amp_5_wd_3_t115.0",
    "t_tot_center": 115.0,
    "best_t_tot": 114.57573594638878,
    "best_amp": 21.47850894991256,
    "best_w_d": 0.0038417378180113444,
    "best_value": 0.13248452483708703,
    "optimization_time": 976.5364334583282,
    "regime_bounds": {
        "amp": {
            "lower": 21.333333333333332,
            "upper": 24.0
        },
        "w_d": {
            "lower": 0.0038199999999999996,
            "upper": 0.00416
        },
        "t_tot": {
            "lower": 113.75,
            "upper": 116.25
        }
    }
}