{
    "regime": "amp_3_wd_0_t105.0",
    "t_tot_center": 105.0,
    "best_t_tot": 104.41186719835119,
    "best_amp": 18.52208360202628,
    "best_w_d": 0.0031310801966041653,
    "best_value": 0.6423832114570072,
    "optimization_time": 1681.6755964756012,
    "regime_bounds": {
        "amp": {
            "lower": 16.0,
            "upper": 18.666666666666664
        },
        "w_d": {
            "lower": 0.0028,
            "upper": 0.00314
        },
        "t_tot": {
            "lower": 103.75,
            "upper": 106.25
        }
    }
}