{
    "regime": "amp_4_wd_2_t107.5",
    "t_tot_center": 107.5,
    "best_t_tot": 107.35868424786898,
    "best_amp": 18.666852077241682,
    "best_w_d": 0.003529403160853016,
    "best_value": 0.4308336120785621,
    "optimization_time": 1062.1435163021088,
    "regime_bounds": {
        "amp": {
            "lower": 18.666666666666664,
            "upper": 21.333333333333332
        },
        "w_d": {
            "lower": 0.0034799999999999996,
            "upper": 0.0038199999999999996
        },
        "t_tot": {
            "lower": 106.25,
            "upper": 108.75
        }
    }
}