{
    "regime": "amp_1_wd_2_t107.5",
    "t_tot_center": 107.5,
    "best_t_tot": 106.25000000008026,
    "best_amp": 11.361465647494223,
    "best_w_d": 0.0038125523313832853,
    "best_value": 1.5663575814968558,
    "optimization_time": 2982.0061740875244,
    "regime_bounds": {
        "amp": {
            "lower": 10.666666666666666,
            "upper": 13.333333333333332
        },
        "w_d": {
            "lower": 0.0034799999999999996,
            "upper": 0.0038199999999999996
        },
        "t_tot": {
            "lower": 106.25,
            "upper": 108.75
        }
    }
}