{
    "regime": "amp_0_wd_3_t107.5",
    "t_tot_center": 107.5,
    "best_t_tot": 106.25001434545173,
    "best_amp": 10.666666224260474,
    "best_w_d": 0.0038200020324292744,
    "best_value": 1.7117709732116586,
    "optimization_time": 1483.0153374671936,
    "regime_bounds": {
        "amp": {
            "lower": 8.0,
            "upper": 10.666666666666666
        },
        "w_d": {
            "lower": 0.0038199999999999996,
            "upper": 0.00416
        },
        "t_tot": {
            "lower": 106.25,
            "upper": 108.75
        }
    }
}