{
    "regime": "amp_4_wd_4_t100.0",
    "t_tot_center": 100.0,
    "best_t_tot": 100.8448789622848,
    "best_amp": 19.24903964953668,
    "best_w_d": 0.004232601049614586,
    "best_value": 0.21837547731350884,
    "optimization_time": 984.7471029758453,
    "regime_bounds": {
        "amp": {
            "lower": 18.666666666666664,
            "upper": 21.333333333333332
        },
        "w_d": {
            "lower": 0.00416,
            "upper": 0.0045
        },
        "t_tot": {
            "lower": 98.75,
            "upper": 101.25
        }
    }
}