{
    "regime": "amp_4_wd_1_t100.0",
    "t_tot_center": 100.0,
    "best_t_tot": 100.49114009570387,
    "best_amp": 19.303901039057813,
    "best_w_d": 0.003476783983430962,
    "best_value": 0.3667059319240196,
    "optimization_time": 1531.6992299556732,
    "regime_bounds": {
        "amp": {
            "lower": 18.666666666666664,
            "upper": 21.333333333333332
        },
        "w_d": {
            "lower": 0.00314,
            "upper": 0.0034799999999999996
        },
        "t_tot": {
            "lower": 98.75,
            "upper": 101.25
        }
    }
}