{
    "regime": "amp_3_wd_4_t75.0",
    "t_tot_center": 75.0,
    "best_t_tot": 74.56724386115859,
    "best_amp": 18.342096593758065,
    "best_w_d": 0.004235901327320243,
    "best_value": 0.14499235836421703,
    "optimization_time": 1743.1000409126282,
    "regime_bounds": {
        "amp": {
            "lower": 16.0,
            "upper": 18.666666666666664
        },
        "w_d": {
            "lower": 0.00416,
            "upper": 0.0045
        },
        "t_tot": {
            "lower": 73.75,
            "upper": 76.25
        }
    }
}