{
    "regime": "amp_5_wd_4_t115.0",
    "t_tot_center": 115.0,
    "best_t_tot": 113.75000017321949,
    "best_amp": 21.333334736628096,
    "best_w_d": 0.004199579426487917,
    "best_value": 0.4052574724167116,
    "optimization_time": 1433.463270664215,
    "regime_bounds": {
        "amp": {
            "lower": 21.333333333333332,
            "upper": 24.0
        },
        "w_d": {
            "lower": 0.00416,
            "upper": 0.0045
        },
        "t_tot": {
            "lower": 113.75,
            "upper": 116.25
        }
    }
}