{
    "regime": "amp_2_wd_3_t82.5",
    "t_tot_center": 82.5,
    "best_t_tot": 82.44282928909703,
    "best_amp": 15.999700303180234,
    "best_w_d": 0.004097637100267579,
    "best_value": 0.537837846485514,
    "optimization_time": 1319.2694520950317,
    "regime_bounds": {
        "amp": {
            "lower": 13.333333333333332,
            "upper": 16.0
        },
        "w_d": {
            "lower": 0.0038199999999999996,
            "upper": 0.00416
        },
        "t_tot": {
            "lower": 81.25,
            "upper": 83.75
        }
    }
}