{
    "regime": "amp_2_wd_0_t115.0",
    "t_tot_center": 115.0,
    "best_t_tot": 114.5744752943077,
    "best_amp": 15.999812364366244,
    "best_w_d": 0.003131611516266968,
    "best_value": 1.0873299066202489,
    "optimization_time": 1324.6305582523346,
    "regime_bounds": {
        "amp": {
            "lower": 13.333333333333332,
            "upper": 16.0
        },
        "w_d": {
            "lower": 0.0028,
            "upper": 0.00314
        },
        "t_tot": {
            "lower": 113.75,
            "upper": 116.25
        }
    }
}