{
    "regime": "amp_3_wd_3_t65.0",
    "t_tot_center": 65.0,
    "best_t_tot": 65.19871873067864,
    "best_amp": 16.240360239089554,
    "best_w_d": 0.0038900259703551774,
    "best_value": 0.03677168174231332,
    "optimization_time": 1224.940623998642,
    "regime_bounds": {
        "amp": {
            "lower": 16.0,
            "upper": 18.666666666666664
        },
        "w_d": {
            "lower": 0.0038199999999999996,
            "upper": 0.00416
        },
        "t_tot": {
            "lower": 63.75,
            "upper": 66.25
        }
    }
}