{
    "regime": "amp_1_wd_1_t95.0",
    "t_tot_center": 95.0,
    "best_t_tot": 93.75007837636797,
    "best_amp": 12.741464221092864,
    "best_w_d": 0.00339451484195903,
    "best_value": 1.3126324140996533,
    "optimization_time": 1391.5918371677399,
    "regime_bounds": {
        "amp": {
            "lower": 10.666666666666666,
            "upper": 13.333333333333332
        },
        "w_d": {
            "lower": 0.00314,
            "upper": 0.0034799999999999996
        },
        "t_tot": {
            "lower": 93.75,
            "upper": 96.25
        }
    }
}