{
    "regime": "amp_0_wd_1_t50.0",
    "t_tot_center": 50.0,
    "best_t_tot": 48.750002624088616,
    "best_amp": 10.603847192015387,
    "best_w_d": 0.003289525639682135,
    "best_value": 0.08516975820063513,
    "optimization_time": 512.4437193870544,
    "regime_bounds": {
        "amp": {
            "lower": 8.0,
            "upper": 10.666666666666666
        },
        "w_d": {
            "lower": 0.00314,
            "upper": 0.0034799999999999996
        },
        "t_tot": {
            "lower": 48.75,
            "upper": 51.25
        }
    }
}