{
    "regime": "amp_4_wd_3_t112.5",
    "t_tot_center": 112.5,
    "best_t_tot": 111.86530537432891,
    "best_amp": 18.911953781134713,
    "best_w_d": 0.0039019367289592753,
    "best_value": 0.37955807740044256,
    "optimization_time": 3665.8026025295258,
    "regime_bounds": {
        "amp": {
            "lower": 18.666666666666664,
            "upper": 21.333333333333332
        },
        "w_d": {
            "lower": 0.0038199999999999996,
            "upper": 0.00416
        },
        "t_tot": {
            "lower": 111.25,
            "upper": 113.75
        }
    }
}