{
    "regime": "amp_2_wd_1_t52.5",
    "t_tot_center": 52.5,
    "best_t_tot": 51.94115382074355,
    "best_amp": 14.767176155482574,
    "best_w_d": 0.0032984472749912133,
    "best_value": 0.0014186580308641283,
    "optimization_time": 1117.8028304576874,
    "regime_bounds": {
        "amp": {
            "lower": 13.333333333333332,
            "upper": 16.0
        },
        "w_d": {
            "lower": 0.00314,
            "upper": 0.0034799999999999996
        },
        "t_tot": {
            "lower": 51.25,
            "upper": 53.75
        }
    }
}