{
    "regime": "amp_2_wd_1_t97.5",
    "t_tot_center": 97.5,
    "best_t_tot": 96.70148064244357,
    "best_amp": 15.73066578324069,
    "best_w_d": 0.003143491305653949,
    "best_value": 0.5838386592012806,
    "optimization_time": 1325.04984998703,
    "regime_bounds": {
        "amp": {
            "lower": 13.333333333333332,
            "upper": 16.0
        },
        "w_d": {
            "lower": 0.00314,
            "upper": 0.0034799999999999996
        },
        "t_tot": {
            "lower": 96.25,
            "upper": 98.75
        }
    }
}