{
    "regime": "amp_5_wd_1_t90.0",
    "t_tot_center": 90.0,
    "best_t_tot": 89.53699149341428,
    "best_amp": 21.44222504509746,
    "best_w_d": 0.003427264813816134,
    "best_value": 0.15189961033979632,
    "optimization_time": 1328.9457471370697,
    "regime_bounds": {
        "amp": {
            "lower": 21.333333333333332,
            "upper": 24.0
        },
        "w_d": {
            "lower": 0.00314,
            "upper": 0.0034799999999999996
        },
        "t_tot": {
            "lower": 88.75,
            "upper": 91.25
        }
    }
}