{
    "regime": "amp_3_wd_1_t55.0",
    "t_tot_center": 55.0,
    "best_t_tot": 53.75001079315526,
    "best_amp": 16.293029764978527,
    "best_w_d": 0.0034751795334299015,
    "best_value": 0.00011281904981066252,
    "optimization_time": 1990.741702079773,
    "regime_bounds": {
        "amp": {
            "lower": 16.0,
            "upper": 18.666666666666664
        },
        "w_d": {
            "lower": 0.00314,
            "upper": 0.0034799999999999996
        },
        "t_tot": {
            "lower": 53.75,
            "upper": 56.25
        }
    }
}