{
    "regime": "amp_0_wd_4_t67.5",
    "t_tot_center": 67.5,
    "best_t_tot": 66.25000000108531,
    "best_amp": 10.666666665914395,
    "best_w_d": 0.004192811545886833,
    "best_value": 0.9098815098860974,
    "optimization_time": 4502.647600650787,
    "regime_bounds": {
        "amp": {
            "lower": 8.0,
            "upper": 10.666666666666666
        },
        "w_d": {
            "lower": 0.00416,
            "upper": 0.0045
        },
        "t_tot": {
            "lower": 66.25,
            "upper": 68.75
        }
    }
}