{
    "regime": "amp_5_wd_4_t100.0",
    "t_tot_center": 100.0,
    "best_t_tot": 99.94751786350618,
    "best_amp": 21.581770526570168,
    "best_w_d": 0.004192698836176199,
    "best_value": 0.055225051844733225,
    "optimization_time": 1054.8968317508698,
    "regime_bounds": {
        "amp": {
            "lower": 21.333333333333332,
            "upper": 24.0
        },
        "w_d": {
            "lower": 0.00416,
            "upper": 0.0045
        },
        "t_tot": {
            "lower": 98.75,
            "upper": 101.25
        }
    }
}