{
    "regime": "amp_3_wd_1_t100.0",
    "t_tot_center": 100.0,
    "best_t_tot": 99.00617151607455,
    "best_amp": 18.505934602659156,
    "best_w_d": 0.0031666844861497094,
    "best_value": 0.4492904040316814,
    "optimization_time": 1728.4673290252686,
    "regime_bounds": {
        "amp": {
            "lower": 16.0,
            "upper": 18.666666666666664
        },
        "w_d": {
            "lower": 0.00314,
            "upper": 0.0034799999999999996
        },
        "t_tot": {
            "lower": 98.75,
            "upper": 101.25
        }
    }
}