{
    "regime": "amp_3_wd_0_t115.0",
    "t_tot_center": 115.0,
    "best_t_tot": 115.86655193755537,
    "best_amp": 16.555944602090594,
    "best_w_d": 0.0031399425269963382,
    "best_value": 0.8920927384302556,
    "optimization_time": 1866.8513462543488,
    "regime_bounds": {
        "amp": {
            "lower": 16.0,
            "upper": 18.666666666666664
        },
        "w_d": {
            "lower": 0.0028,
            "upper": 0.00314
        },
        "t_tot": {
            "lower": 113.75,
            "upper": 116.25
        }
    }
}