{
    "regime": "amp_0_wd_2_t85.0",
    "t_tot_center": 85.0,
    "best_t_tot": 83.75000009591413,
    "best_amp": 8.439384770813907,
    "best_w_d": 0.0034800001527126832,
    "best_value": 1.6096703888418464,
    "optimization_time": 3281.361431837082,
    "regime_bounds": {
        "amp": {
            "lower": 8.0,
            "upper": 10.666666666666666
        },
        "w_d": {
            "lower": 0.0034799999999999996,
            "upper": 0.0038199999999999996
        },
        "t_tot": {
            "lower": 83.75,
            "upper": 86.25
        }
    }
}