{
    "regime": "amp_1_wd_4_t95.0",
    "t_tot_center": 95.0,
    "best_t_tot": 93.75000000000553,
    "best_amp": 11.59548960648549,
    "best_w_d": 0.004306309262097533,
    "best_value": 1.4864281890745268,
    "optimization_time": 4900.414405107498,
    "regime_bounds": {
        "amp": {
            "lower": 10.666666666666666,
            "upper": 13.333333333333332
        },
        "w_d": {
            "lower": 0.00416,
            "upper": 0.0045
        },
        "t_tot": {
            "lower": 93.75,
            "upper": 96.25
        }
    }
}