{
    "regime": "amp_0_wd_0_t120.0",
    "t_tot_center": 120.0,
    "best_t_tot": 121.24999995591634,
    "best_amp": 8.000000001500867,
    "best_w_d": 0.0031078079945510537,
    "best_value": 1.562825984588525,
    "optimization_time": 946.7483141422272,
    "regime_bounds": {
        "amp": {
            "lower": 8.0,
            "upper": 10.666666666666666
        },
        "w_d": {
            "lower": 0.0028,
            "upper": 0.00314
        },
        "t_tot": {
            "lower": 118.75,
            "upper": 121.25
        }
    }
}