{
    "regime": "amp_3_wd_0_t65.0",
    "t_tot_center": 65.0,
    "best_t_tot": 63.750003381728824,
    "best_amp": 16.897009361119725,
    "best_w_d": 0.0029761420320566024,
    "best_value": 0.009587954608078259,
    "optimization_time": 1074.2498915195465,
    "regime_bounds": {
        "amp": {
            "lower": 16.0,
            "upper": 18.666666666666664
        },
        "w_d": {
            "lower": 0.0028,
            "upper": 0.00314
        },
        "t_tot": {
            "lower": 63.75,
            "upper": 66.25
        }
    }
}