{
    "regime": "amp_2_wd_0_t72.5",
    "t_tot_center": 72.5,
    "best_t_tot": 71.25026897375834,
    "best_amp": 15.877685566200466,
    "best_w_d": 0.0030073627050782904,
    "best_value": 0.061594928725737824,
    "optimization_time": 1171.487399339676,
    "regime_bounds": {
        "amp": {
            "lower": 13.333333333333332,
            "upper": 16.0
        },
        "w_d": {
            "lower": 0.0028,
            "upper": 0.00314
        },
        "t_tot": {
            "lower": 71.25,
            "upper": 73.75
        }
    }
}