{
    "regime": "amp_4_wd_4_t72.5",
    "t_tot_center": 72.5,
    "best_t_tot": 72.7495738206625,
    "best_amp": 19.392529434517265,
    "best_w_d": 0.004271543685329803,
    "best_value": 0.08144295078788823,
    "optimization_time": 812.730058670044,
    "regime_bounds": {
        "amp": {
            "lower": 18.666666666666664,
            "upper": 21.333333333333332
        },
        "w_d": {
            "lower": 0.00416,
            "upper": 0.0045
        },
        "t_tot": {
            "lower": 71.25,
            "upper": 73.75
        }
    }
}