{
    "regime": "amp_4_wd_4_t52.5",
    "t_tot_center": 52.5,
    "best_t_tot": 52.677573505165334,
    "best_amp": 18.96502931668228,
    "best_w_d": 0.004163825559135261,
    "best_value": 0.003171594004894914,
    "optimization_time": 1975.5282332897186,
    "regime_bounds": {
        "amp": {
            "lower": 18.666666666666664,
            "upper": 21.333333333333332
        },
        "w_d": {
            "lower": 0.00416,
            "upper": 0.0045
        },
        "t_tot": {
            "lower": 51.25,
            "upper": 53.75
        }
    }
}