{
    "regime": "amp_0_wd_0_t55.0",
    "t_tot_center": 55.0,
    "best_t_tot": 53.75000015926327,
    "best_amp": 10.556614387172965,
    "best_w_d": 0.003139999929913798,
    "best_value": 0.15945301158047537,
    "optimization_time": 3136.2285618782043,
    "regime_bounds": {
        "amp": {
            "lower": 8.0,
            "upper": 10.666666666666666
        },
        "w_d": {
            "lower": 0.0028,
            "upper": 0.00314
        },
        "t_tot": {
            "lower": 53.75,
            "upper": 56.25
        }
    }
}