{
    "regime": "amp_3_wd_0_t90.0",
    "t_tot_center": 90.0,
    "best_t_tot": 89.58425009439281,
    "best_amp": 16.2734730965114,
    "best_w_d": 0.0030985349126973886,
    "best_value": 0.27058859764124926,
    "optimization_time": 1259.0093309879303,
    "regime_bounds": {
        "amp": {
            "lower": 16.0,
            "upper": 18.666666666666664
        },
        "w_d": {
            "lower": 0.0028,
            "upper": 0.00314
        },
        "t_tot": {
            "lower": 88.75,
            "upper": 91.25
        }
    }
}