{
    "regime": "amp_0_wd_0_t65.0",
    "t_tot_center": 65.0,
    "best_t_tot": 63.75470590168663,
    "best_amp": 10.666262286362105,
    "best_w_d": 0.0030015100199289285,
    "best_value": 0.3580348230091258,
    "optimization_time": 3125.7255232334137,
    "regime_bounds": {
        "amp": {
            "lower": 8.0,
            "upper": 10.666666666666666
        },
        "w_d": {
            "lower": 0.0028,
            "upper": 0.00314
        },
        "t_tot": {
            "lower": 63.75,
            "upper": 66.25
        }
    }
}