{
    "regime": "amp_2_wd_4_t110.0",
    "t_tot_center": 110.0,
    "best_t_tot": 110.83125125796433,
    "best_amp": 14.379172972851963,
    "best_w_d": 0.00449999999990256,
    "best_value": 0.8997889577736699,
    "optimization_time": 1816.9845614433289,
    "regime_bounds": {
        "amp": {
            "lower": 13.333333333333332,
            "upper": 16.0
        },
        "w_d": {
            "lower": 0.00416,
            "upper": 0.0045
        },
        "t_tot": {
            "lower": 108.75,
            "upper": 111.25
        }
    }
}