{
    "regime": "amp_2_wd_3_t105.0",
    "t_tot_center": 105.0,
    "best_t_tot": 103.75000029443058,
    "best_amp": 15.79776552504977,
    "best_w_d": 0.0038200000376420336,
    "best_value": 1.0656531150011674,
    "optimization_time": 1916.150862455368,
    "regime_bounds": {
        "amp": {
            "lower": 13.333333333333332,
            "upper": 16.0
        },
        "w_d": {
            "lower": 0.0038199999999999996,
            "upper": 0.00416
        },
        "t_tot": {
            "lower": 103.75,
            "upper": 106.25
        }
    }
}