{
    "regime": "amp_3_wd_3_t70.0",
    "t_tot_center": 70.0,
    "best_t_tot": 69.54639346731668,
    "best_amp": 18.616973473764045,
    "best_w_d": 0.004132623794201093,
    "best_value": 0.034307406769129904,
    "optimization_time": 1041.9958400726318,
    "regime_bounds": {
        "amp": {
            "lower": 16.0,
            "upper": 18.666666666666664
        },
        "w_d": {
            "lower": 0.0038199999999999996,
            "upper": 0.00416
        },
        "t_tot": {
            "lower": 68.75,
            "upper": 71.25
        }
    }
}