{
    "regime": "amp_3_wd_1_t112.5",
    "t_tot_center": 112.5,
    "best_t_tot": 112.12892970914358,
    "best_amp": 17.215759790750266,
    "best_w_d": 0.003338983023769271,
    "best_value": 0.615108604191656,
    "optimization_time": 3010.5854530334473,
    "regime_bounds": {
        "amp": {
            "lower": 16.0,
            "upper": 18.666666666666664
        },
        "w_d": {
            "lower": 0.00314,
            "upper": 0.0034799999999999996
        },
        "t_tot": {
            "lower": 111.25,
            "upper": 113.75
        }
    }
}