{
    "regime": "amp_1_wd_3_t110.0",
    "t_tot_center": 110.0,
    "best_t_tot": 108.7500000000003,
    "best_amp": 11.528163720951005,
    "best_w_d": 0.003820000000000038,
    "best_value": 1.6363230252931689,
    "optimization_time": 1573.7272264957428,
    "regime_bounds": {
        "amp": {
            "lower": 10.666666666666666,
            "upper": 13.333333333333332
        },
        "w_d": {
            "lower": 0.0038199999999999996,
            "upper": 0.00416
        },
        "t_tot": {
            "lower": 108.75,
            "upper": 111.25
        }
    }
}