{
    "regime": "amp_0_wd_2_t100.0",
    "t_tot_center": 100.0,
    "best_t_tot": 101.24999998512993,
    "best_amp": 8.000000000442418,
    "best_w_d": 0.0036927536217553807,
    "best_value": 1.6560233664979003,
    "optimization_time": 3275.517928123474,
    "regime_bounds": {
        "amp": {
            "lower": 8.0,
            "upper": 10.666666666666666
        },
        "w_d": {
            "lower": 0.0034799999999999996,
            "upper": 0.0038199999999999996
        },
        "t_tot": {
            "lower": 98.75,
            "upper": 101.25
        }
    }
}