{
    "regime": "amp_1_wd_1_t50.0",
    "t_tot_center": 50.0,
    "best_t_tot": 48.890519232103095,
    "best_amp": 12.651783959239914,
    "best_w_d": 0.003361348559114586,
    "best_value": 0.01122141397676718,
    "optimization_time": 924.981790304184,
    "regime_bounds": {
        "amp": {
            "lower": 10.666666666666666,
            "upper": 13.333333333333332
        },
        "w_d": {
            "lower": 0.00314,
            "upper": 0.0034799999999999996
        },
        "t_tot": {
            "lower": 48.75,
            "upper": 51.25
        }
    }
}