{
    "regime": "amp_3_wd_0_t112.5",
    "t_tot_center": 112.5,
    "best_t_tot": 112.98904552869406,
    "best_amp": 16.750455498073553,
    "best_w_d": 0.003129947809840767,
    "best_value": 0.9453334396410913,
    "optimization_time": 1715.8137044906616,
    "regime_bounds": {
        "amp": {
            "lower": 16.0,
            "upper": 18.666666666666664
        },
        "w_d": {
            "lower": 0.0028,
            "upper": 0.00314
        },
        "t_tot": {
            "lower": 111.25,
            "upper": 113.75
        }
    }
}