{
    "regime": "amp_0_wd_1_t52.5",
    "t_tot_center": 52.5,
    "best_t_tot": 51.25000260190029,
    "best_amp": 10.407573870003597,
    "best_w_d": 0.0034458621684799566,
    "best_value": 0.15672885885922838,
    "optimization_time": 505.8022737503052,
    "regime_bounds": {
        "amp": {
            "lower": 8.0,
            "upper": 10.666666666666666
        },
        "w_d": {
            "lower": 0.00314,
            "upper": 0.0034799999999999996
        },
        "t_tot": {
            "lower": 51.25,
            "upper": 53.75
        }
    }
}