{
    "regime": "amp_0_wd_4_t97.5",
    "t_tot_center": 97.5,
    "best_t_tot": 96.25000004843207,
    "best_amp": 10.666666666503911,
    "best_w_d": 0.004160000001228645,
    "best_value": 1.678840709414903,
    "optimization_time": 717.5003416538239,
    "regime_bounds": {
        "amp": {
            "lower": 8.0,
            "upper": 10.666666666666666
        },
        "w_d": {
            "lower": 0.00416,
            "upper": 0.0045
        },
        "t_tot": {
            "lower": 96.25,
            "upper": 98.75
        }
    }
}