{
    "regime": "amp_0_wd_2_t92.5",
    "t_tot_center": 92.5,
    "best_t_tot": 93.74999274024576,
    "best_amp": 9.380435771132321,
    "best_w_d": 0.00381999989798784,
    "best_value": 1.74701939229795,
    "optimization_time": 1063.7571694850922,
    "regime_bounds": {
        "amp": {
            "lower": 8.0,
            "upper": 10.666666666666666
        },
        "w_d": {
            "lower": 0.0034799999999999996,
            "upper": 0.0038199999999999996
        },
        "t_tot": {
            "lower": 91.25,
            "upper": 93.75
        }
    }
}