{
    "regime": "amp_0_wd_1_t82.5",
    "t_tot_center": 82.5,
    "best_t_tot": 81.25000000338461,
    "best_amp": 10.48730701569191,
    "best_w_d": 0.00347999999973656,
    "best_value": 1.3923837427055723,
    "optimization_time": 1737.4819254875183,
    "regime_bounds": {
        "amp": {
            "lower": 8.0,
            "upper": 10.666666666666666
        },
        "w_d": {
            "lower": 0.00314,
            "upper": 0.0034799999999999996
        },
        "t_tot": {
            "lower": 81.25,
            "upper": 83.75
        }
    }
}