{
    "regime": "amp_4_wd_4_t50.0",
    "t_tot_center": 50.0,
    "best_t_tot": 50.645329746476826,
    "best_amp": 19.168892690907047,
    "best_w_d": 0.004169426272378314,
    "best_value": 0.0066741536003576815,
    "optimization_time": 2137.1281979084015,
    "regime_bounds": {
        "amp": {
            "lower": 18.666666666666664,
            "upper": 21.333333333333332
        },
        "w_d": {
            "lower": 0.00416,
            "upper": 0.0045
        },
        "t_tot": {
            "lower": 48.75,
            "upper": 51.25
        }
    }
}