{
    "regime": "amp_2_wd_3_t57.5",
    "t_tot_center": 57.5,
    "best_t_tot": 56.78749509190839,
    "best_amp": 13.643241420328602,
    "best_w_d": 0.003902129601167164,
    "best_value": 0.04431117280662816,
    "optimization_time": 1947.815155506134,
    "regime_bounds": {
        "amp": {
            "lower": 13.333333333333332,
            "upper": 16.0
        },
        "w_d": {
            "lower": 0.0038199999999999996,
            "upper": 0.00416
        },
        "t_tot": {
            "lower": 56.25,
            "upper": 58.75
        }
    }
}