{
    "regime": "amp_2_wd_2_t80.0",
    "t_tot_center": 80.0,
    "best_t_tot": 79.41147296353819,
    "best_amp": 15.792776393902708,
    "best_w_d": 0.0037956840479133444,
    "best_value": 0.27726792369435915,
    "optimization_time": 1583.0963826179504,
    "regime_bounds": {
        "amp": {
            "lower": 13.333333333333332,
            "upper": 16.0
        },
        "w_d": {
            "lower": 0.0034799999999999996,
            "upper": 0.0038199999999999996
        },
        "t_tot": {
            "lower": 78.75,
            "upper": 81.25
        }
    }
}