{
    "regime": "amp_4_wd_4_t105.0",
    "t_tot_center": 105.0,
    "best_t_tot": 103.97924604401508,
    "best_amp": 19.183330010723747,
    "best_w_d": 0.004204088663028238,
    "best_value": 0.25908105193343833,
    "optimization_time": 1765.2700781822205,
    "regime_bounds": {
        "amp": {
            "lower": 18.666666666666664,
            "upper": 21.333333333333332
        },
        "w_d": {
            "lower": 0.00416,
            "upper": 0.0045
        },
        "t_tot": {
            "lower": 103.75,
            "upper": 106.25
        }
    }
}