{
    "regime": "amp_4_wd_4_t80.0",
    "t_tot_center": 80.0,
    "best_t_tot": 79.41885497950254,
    "best_amp": 19.437050562249023,
    "best_w_d": 0.004420590486547488,
    "best_value": 0.1122292601419494,
    "optimization_time": 4044.5390000343323,
    "regime_bounds": {
        "amp": {
            "lower": 18.666666666666664,
            "upper": 21.333333333333332
        },
        "w_d": {
            "lower": 0.00416,
            "upper": 0.0045
        },
        "t_tot": {
            "lower": 78.75,
            "upper": 81.25
        }
    }
}