{
    "regime": "amp_5_wd_1_t80.0",
    "t_tot_center": 80.0,
    "best_t_tot": 79.67768507130457,
    "best_amp": 21.913182839916434,
    "best_w_d": 0.0034307559670879654,
    "best_value": 0.02202913719614396,
    "optimization_time": 1340.0626134872437,
    "regime_bounds": {
        "amp": {
            "lower": 21.333333333333332,
            "upper": 24.0
        },
        "w_d": {
            "lower": 0.00314,
            "upper": 0.0034799999999999996
        },
        "t_tot": {
            "lower": 78.75,
            "upper": 81.25
        }
    }
}