{
    "regime": "amp_4_wd_2_t70.0",
    "t_tot_center": 70.0,
    "best_t_tot": 69.76451777390899,
    "best_amp": 19.848809528948156,
    "best_w_d": 0.0037895506723297978,
    "best_value": 0.01091444117831783,
    "optimization_time": 1141.8211541175842,
    "regime_bounds": {
        "amp": {
            "lower": 18.666666666666664,
            "upper": 21.333333333333332
        },
        "w_d": {
            "lower": 0.0034799999999999996,
            "upper": 0.0038199999999999996
        },
        "t_tot": {
            "lower": 68.75,
            "upper": 71.25
        }
    }
}