{
    "regime": "amp_3_wd_2_t72.5",
    "t_tot_center": 72.5,
    "best_t_tot": 72.51417404000637,
    "best_amp": 18.43142189288196,
    "best_w_d": 0.0037822891571736203,
    "best_value": 0.03886026876523926,
    "optimization_time": 1280.0751490592957,
    "regime_bounds": {
        "amp": {
            "lower": 16.0,
            "upper": 18.666666666666664
        },
        "w_d": {
            "lower": 0.0034799999999999996,
            "upper": 0.0038199999999999996
        },
        "t_tot": {
            "lower": 71.25,
            "upper": 73.75
        }
    }
}