{
    "regime": "amp_0_wd_1_t70.0",
    "t_tot_center": 70.0,
    "best_t_tot": 70.17064101667273,
    "best_amp": 10.416580843352383,
    "best_w_d": 0.003475309256393614,
    "best_value": 0.7904739191775816,
    "optimization_time": 1144.995863199234,
    "regime_bounds": {
        "amp": {
            "lower": 8.0,
            "upper": 10.666666666666666
        },
        "w_d": {
            "lower": 0.00314,
            "upper": 0.0034799999999999996
        },
        "t_tot": {
            "lower": 68.75,
            "upper": 71.25
        }
    }
}