{
    "regime": "amp_1_wd_3_t120.0",
    "t_tot_center": 120.0,
    "best_t_tot": 121.24999988347598,
    "best_amp": 13.333333333331513,
    "best_w_d": 0.003896903937376666,
    "best_value": 1.3123699401093543,
    "optimization_time": 1503.0122482776642,
    "regime_bounds": {
        "amp": {
            "lower": 10.666666666666666,
            "upper": 13.333333333333332
        },
        "w_d": {
            "lower": 0.0038199999999999996,
            "upper": 0.00416
        },
        "t_tot": {
            "lower": 118.75,
            "upper": 121.25
        }
    }
}