{
    "regime": "amp_2_wd_1_t95.0",
    "t_tot_center": 95.0,
    "best_t_tot": 93.97285309532363,
    "best_amp": 15.009119989176204,
    "best_w_d": 0.0033776493075072214,
    "best_value": 0.7841644222844069,
    "optimization_time": 1650.5131504535675,
    "regime_bounds": {
        "amp": {
            "lower": 13.333333333333332,
            "upper": 16.0
        },
        "w_d": {
            "lower": 0.00314,
            "upper": 0.0034799999999999996
        },
        "t_tot": {
            "lower": 93.75,
            "upper": 96.25
        }
    }
}