{
    "regime": "amp_3_wd_0_t77.5",
    "t_tot_center": 77.5,
    "best_t_tot": 76.72700775069693,
    "best_amp": 16.266095470238213,
    "best_w_d": 0.0031258703201591715,
    "best_value": 0.09847654480490552,
    "optimization_time": 1221.677617073059,
    "regime_bounds": {
        "amp": {
            "lower": 16.0,
            "upper": 18.666666666666664
        },
        "w_d": {
            "lower": 0.0028,
            "upper": 0.00314
        },
        "t_tot": {
            "lower": 76.25,
            "upper": 78.75
        }
    }
}