{
    "regime": "amp_0_wd_2_t72.5",
    "t_tot_center": 72.5,
    "best_t_tot": 71.2500000024511,
    "best_amp": 10.409819060034996,
    "best_w_d": 0.003819999999971477,
    "best_value": 1.0991860843132963,
    "optimization_time": 3124.3528077602386,
    "regime_bounds": {
        "amp": {
            "lower": 8.0,
            "upper": 10.666666666666666
        },
        "w_d": {
            "lower": 0.0034799999999999996,
            "upper": 0.0038199999999999996
        },
        "t_tot": {
            "lower": 71.25,
            "upper": 73.75
        }
    }
}