{
    "regime": "amp_5_wd_0_t57.5",
    "t_tot_center": 57.5,
    "best_t_tot": 57.96275257419057,
    "best_amp": 21.597578944983056,
    "best_w_d": 0.0029619485369327477,
    "best_value": 0.0065607887970523335,
    "optimization_time": 959.2635459899902,
    "regime_bounds": {
        "amp": {
            "lower": 21.333333333333332,
            "upper": 24.0
        },
        "w_d": {
            "lower": 0.0028,
            "upper": 0.00314
        },
        "t_tot": {
            "lower": 56.25,
            "upper": 58.75
        }
    }
}