{
    "regime": "amp_5_wd_4_t65.0",
    "t_tot_center": 65.0,
    "best_t_tot": 64.92557058256553,
    "best_amp": 21.527841711798114,
    "best_w_d": 0.004164028224109129,
    "best_value": 0.0003334176175245953,
    "optimization_time": 946.7801105976105,
    "regime_bounds": {
        "amp": {
            "lower": 21.333333333333332,
            "upper": 24.0
        },
        "w_d": {
            "lower": 0.00416,
            "upper": 0.0045
        },
        "t_tot": {
            "lower": 63.75,
            "upper": 66.25
        }
    }
}