{
    "regime": "amp_5_wd_0_t115.0",
    "t_tot_center": 115.0,
    "best_t_tot": 115.0379786958287,
    "best_amp": 21.55313413730091,
    "best_w_d": 0.0031381676799444656,
    "best_value": 0.2246444184819609,
    "optimization_time": 1195.2493739128113,
    "regime_bounds": {
        "amp": {
            "lower": 21.333333333333332,
            "upper": 24.0
        },
        "w_d": {
            "lower": 0.0028,
            "upper": 0.00314
        },
        "t_tot": {
            "lower": 113.75,
            "upper": 116.25
        }
    }
}