{
    "regime": "amp_4_wd_2_t65.0",
    "t_tot_center": 65.0,
    "best_t_tot": 64.85959086982042,
    "best_amp": 18.876667454661646,
    "best_w_d": 0.0034833185487693997,
    "best_value": 0.004226718097289972,
    "optimization_time": 2215.1359701156616,
    "regime_bounds": {
        "amp": {
            "lower": 18.666666666666664,
            "upper": 21.333333333333332
        },
        "w_d": {
            "lower": 0.0034799999999999996,
            "upper": 0.0038199999999999996
        },
        "t_tot": {
            "lower": 63.75,
            "upper": 66.25
        }
    }
}