{
    "regime": "amp_1_wd_1_t80.0",
    "t_tot_center": 80.0,
    "best_t_tot": 79.07529576610727,
    "best_amp": 13.173597173330473,
    "best_w_d": 0.003479993803824351,
    "best_value": 0.45526936228199166,
    "optimization_time": 1064.3892612457275,
    "regime_bounds": {
        "amp": {
            "lower": 10.666666666666666,
            "upper": 13.333333333333332
        },
        "w_d": {
            "lower": 0.00314,
            "upper": 0.0034799999999999996
        },
        "t_tot": {
            "lower": 78.75,
            "upper": 81.25
        }
    }
}