{
    "regime": "amp_5_wd_2_t60.0",
    "t_tot_center": 60.0,
    "best_t_tot": 60.75995560362911,
    "best_amp": 21.557385344921915,
    "best_w_d": 0.0034901698887516096,
    "best_value": 0.0017311007324925065,
    "optimization_time": 1757.108326435089,
    "regime_bounds": {
        "amp": {
            "lower": 21.333333333333332,
            "upper": 24.0
        },
        "w_d": {
            "lower": 0.0034799999999999996,
            "upper": 0.0038199999999999996
        },
        "t_tot": {
            "lower": 58.75,
            "upper": 61.25
        }
    }
}