{
    "regime": "amp_3_wd_0_t85.0",
    "t_tot_center": 85.0,
    "best_t_tot": 84.19988473981482,
    "best_amp": 16.674924159005442,
    "best_w_d": 0.0030943572447822134,
    "best_value": 0.15871427645377822,
    "optimization_time": 761.0114290714264,
    "regime_bounds": {
        "amp": {
            "lower": 16.0,
            "upper": 18.666666666666664
        },
        "w_d": {
            "lower": 0.0028,
            "upper": 0.00314
        },
        "t_tot": {
            "lower": 83.75,
            "upper": 86.25
        }
    }
}