{
    "regime": "amp_4_wd_1_t77.5",
    "t_tot_center": 77.5,
    "best_t_tot": 77.58292761285215,
    "best_amp": 18.928896578023544,
    "best_w_d": 0.0034786907786961705,
    "best_value": 0.05032344946143745,
    "optimization_time": 1183.215942144394,
    "regime_bounds": {
        "amp": {
            "lower": 18.666666666666664,
            "upper": 21.333333333333332
        },
        "w_d": {
            "lower": 0.00314,
            "upper": 0.0034799999999999996
        },
        "t_tot": {
            "lower": 76.25,
            "upper": 78.75
        }
    }
}