{
    "regime": "amp_3_wd_3_t115.0",
    "t_tot_center": 115.0,
    "best_t_tot": 113.77795923283348,
    "best_amp": 18.49165796672623,
    "best_w_d": 0.0038723323208132623,
    "best_value": 0.49830493384992214,
    "optimization_time": 1628.8445365428925,
    "regime_bounds": {
        "amp": {
            "lower": 16.0,
            "upper": 18.666666666666664
        },
        "w_d": {
            "lower": 0.0038199999999999996,
            "upper": 0.00416
        },
        "t_tot": {
            "lower": 113.75,
            "upper": 116.25
        }
    }
}