{
    "regime": "amp_3_wd_2_t87.5",
    "t_tot_center": 87.5,
    "best_t_tot": 86.25002329106836,
    "best_amp": 16.717382114564018,
    "best_w_d": 0.0035882432309223573,
    "best_value": 0.35378737250270686,
    "optimization_time": 1996.5656428337097,
    "regime_bounds": {
        "amp": {
            "lower": 16.0,
            "upper": 18.666666666666664
        },
        "w_d": {
            "lower": 0.0034799999999999996,
            "upper": 0.0038199999999999996
        },
        "t_tot": {
            "lower": 86.25,
            "upper": 88.75
        }
    }
}