{
    "regime": "amp_5_wd_2_t120.0",
    "t_tot_center": 120.0,
    "best_t_tot": 119.81397141373375,
    "best_amp": 21.583874294213896,
    "best_w_d": 0.003518647773886255,
    "best_value": 0.15429169309817692,
    "optimization_time": 985.2762875556946,
    "regime_bounds": {
        "amp": {
            "lower": 21.333333333333332,
            "upper": 24.0
        },
        "w_d": {
            "lower": 0.0034799999999999996,
            "upper": 0.0038199999999999996
        },
        "t_tot": {
            "lower": 118.75,
            "upper": 121.25
        }
    }
}