{
    "regime": "amp_2_wd_1_t100.0",
    "t_tot_center": 100.0,
    "best_t_tot": 98.75000990895721,
    "best_amp": 15.81167957637218,
    "best_w_d": 0.003292570100232773,
    "best_value": 0.8484410437171027,
    "optimization_time": 1675.0774862766266,
    "regime_bounds": {
        "amp": {
            "lower": 13.333333333333332,
            "upper": 16.0
        },
        "w_d": {
            "lower": 0.00314,
            "upper": 0.0034799999999999996
        },
        "t_tot": {
            "lower": 98.75,
            "upper": 101.25
        }
    }
}