{
    "regime": "amp_5_wd_0_t62.5",
    "t_tot_center": 62.5,
    "best_t_tot": 62.467386714905565,
    "best_amp": 21.351616561241848,
    "best_w_d": 0.0030185196827454425,
    "best_value": 0.0011195986544738094,
    "optimization_time": 1272.125984430313,
    "regime_bounds": {
        "amp": {
            "lower": 21.333333333333332,
            "upper": 24.0
        },
        "w_d": {
            "lower": 0.0028,
            "upper": 0.00314
        },
        "t_tot": {
            "lower": 61.25,
            "upper": 63.75
        }
    }
}