{
    "regime": "amp_0_wd_0_t110.0",
    "t_tot_center": 110.0,
    "best_t_tot": 111.24999999632348,
    "best_amp": 10.666666666618122,
    "best_w_d": 0.0030627449737032774,
    "best_value": 1.8382885761653402,
    "optimization_time": 1740.0330216884613,
    "regime_bounds": {
        "amp": {
            "lower": 8.0,
            "upper": 10.666666666666666
        },
        "w_d": {
            "lower": 0.0028,
            "upper": 0.00314
        },
        "t_tot": {
            "lower": 108.75,
            "upper": 111.25
        }
    }
}