{
    "regime": "amp_1_wd_1_t52.5",
    "t_tot_center": 52.5,
    "best_t_tot": 51.472467043416934,
    "best_amp": 11.857196227276955,
    "best_w_d": 0.003456739771581495,
    "best_value": 0.049745511042719376,
    "optimization_time": 857.0752675533295,
    "regime_bounds": {
        "amp": {
            "lower": 10.666666666666666,
            "upper": 13.333333333333332
        },
        "w_d": {
            "lower": 0.00314,
            "upper": 0.0034799999999999996
        },
        "t_tot": {
            "lower": 51.25,
            "upper": 53.75
        }
    }
}