{
    "regime": "amp_2_wd_1_t67.5",
    "t_tot_center": 67.5,
    "best_t_tot": 67.21957652627289,
    "best_amp": 15.953749703888658,
    "best_w_d": 0.00344932007990927,
    "best_value": 0.044725650523359035,
    "optimization_time": 989.0600254535675,
    "regime_bounds": {
        "amp": {
            "lower": 13.333333333333332,
            "upper": 16.0
        },
        "w_d": {
            "lower": 0.00314,
            "upper": 0.0034799999999999996
        },
        "t_tot": {
            "lower": 66.25,
            "upper": 68.75
        }
    }
}