{
    "regime": "amp_3_wd_2_t85.0",
    "t_tot_center": 85.0,
    "best_t_tot": 83.84104690371326,
    "best_amp": 16.096732019099637,
    "best_w_d": 0.0038045223919228187,
    "best_value": 0.4476101221581971,
    "optimization_time": 728.3414444923401,
    "regime_bounds": {
        "amp": {
            "lower": 16.0,
            "upper": 18.666666666666664
        },
        "w_d": {
            "lower": 0.0034799999999999996,
            "upper": 0.0038199999999999996
        },
        "t_tot": {
            "lower": 83.75,
            "upper": 86.25
        }
    }
}