{
    "regime": "amp_2_wd_2_t102.5",
    "t_tot_center": 102.5,
    "best_t_tot": 102.33636167523245,
    "best_amp": 15.999999532581286,
    "best_w_d": 0.0035134390196134117,
    "best_value": 0.8341985918812311,
    "optimization_time": 1278.098884820938,
    "regime_bounds": {
        "amp": {
            "lower": 13.333333333333332,
            "upper": 16.0
        },
        "w_d": {
            "lower": 0.0034799999999999996,
            "upper": 0.0038199999999999996
        },
        "t_tot": {
            "lower": 101.25,
            "upper": 103.75
        }
    }
}