{
    "regime": "amp_0_wd_0_t117.5",
    "t_tot_center": 117.5,
    "best_t_tot": 118.74999994570683,
    "best_amp": 10.666666665965412,
    "best_w_d": 0.0029175245691355494,
    "best_value": 1.665713462008278,
    "optimization_time": 979.3129780292511,
    "regime_bounds": {
        "amp": {
            "lower": 8.0,
            "upper": 10.666666666666666
        },
        "w_d": {
            "lower": 0.0028,
            "upper": 0.00314
        },
        "t_tot": {
            "lower": 116.25,
            "upper": 118.75
        }
    }
}