{
    "regime": "amp_1_wd_4_t72.5",
    "t_tot_center": 72.5,
    "best_t_tot": 71.2500028036824,
    "best_amp": 12.835879914761566,
    "best_w_d": 0.00430385285853921,
    "best_value": 0.5942529194614629,
    "optimization_time": 2974.364163160324,
    "regime_bounds": {
        "amp": {
            "lower": 10.666666666666666,
            "upper": 13.333333333333332
        },
        "w_d": {
            "lower": 0.00416,
            "upper": 0.0045
        },
        "t_tot": {
            "lower": 71.25,
            "upper": 73.75
        }
    }
}