{
    "regime": "amp_4_wd_1_t105.0",
    "t_tot_center": 105.0,
    "best_t_tot": 105.0047876829491,
    "best_amp": 19.065103277500942,
    "best_w_d": 0.003326091623476504,
    "best_value": 0.46135004549492376,
    "optimization_time": 935.0475265979767,
    "regime_bounds": {
        "amp": {
            "lower": 18.666666666666664,
            "upper": 21.333333333333332
        },
        "w_d": {
            "lower": 0.00314,
            "upper": 0.0034799999999999996
        },
        "t_tot": {
            "lower": 103.75,
            "upper": 106.25
        }
    }
}