{
    "regime": "amp_3_wd_3_t72.5",
    "t_tot_center": 72.5,
    "best_t_tot": 72.14759211501772,
    "best_amp": 18.40132905586394,
    "best_w_d": 0.004125786549570557,
    "best_value": 0.0676616223856186,
    "optimization_time": 1077.7631080150604,
    "regime_bounds": {
        "amp": {
            "lower": 16.0,
            "upper": 18.666666666666664
        },
        "w_d": {
            "lower": 0.0038199999999999996,
            "upper": 0.00416
        },
        "t_tot": {
            "lower": 71.25,
            "upper": 73.75
        }
    }
}