{
    "regime": "amp_0_wd_3_t72.5",
    "t_tot_center": 72.5,
    "best_t_tot": 71.2500018535146,
    "best_amp": 8.455393129493277,
    "best_w_d": 0.0039235563407859116,
    "best_value": 1.4890960971597884,
    "optimization_time": 942.0246860980988,
    "regime_bounds": {
        "amp": {
            "lower": 8.0,
            "upper": 10.666666666666666
        },
        "w_d": {
            "lower": 0.0038199999999999996,
            "upper": 0.00416
        },
        "t_tot": {
            "lower": 71.25,
            "upper": 73.75
        }
    }
}