{
    "regime": "amp_2_wd_1_t92.5",
    "t_tot_center": 92.5,
    "best_t_tot": 91.46586096519123,
    "best_amp": 14.989092513768172,
    "best_w_d": 0.0034417145035587505,
    "best_value": 0.6635123416496066,
    "optimization_time": 1614.3362164497375,
    "regime_bounds": {
        "amp": {
            "lower": 13.333333333333332,
            "upper": 16.0
        },
        "w_d": {
            "lower": 0.00314,
            "upper": 0.0034799999999999996
        },
        "t_tot": {
            "lower": 91.25,
            "upper": 93.75
        }
    }
}