{
    "regime": "amp_5_wd_2_t70.0",
    "t_tot_center": 70.0,
    "best_t_tot": 69.94854373020672,
    "best_amp": 21.98046504641395,
    "best_w_d": 0.0037988515702261165,
    "best_value": 0.0023832795678768812,
    "optimization_time": 1173.2572855949402,
    "regime_bounds": {
        "amp": {
            "lower": 21.333333333333332,
            "upper": 24.0
        },
        "w_d": {
            "lower": 0.0034799999999999996,
            "upper": 0.0038199999999999996
        },
        "t_tot": {
            "lower": 68.75,
            "upper": 71.25
        }
    }
}