{
    "regime": "amp_4_wd_2_t92.5",
    "t_tot_center": 92.5,
    "best_t_tot": 92.91734407955718,
    "best_amp": 18.8672716536578,
    "best_w_d": 0.003819993785033969,
    "best_value": 0.25984840283246413,
    "optimization_time": 975.3951590061188,
    "regime_bounds": {
        "amp": {
            "lower": 18.666666666666664,
            "upper": 21.333333333333332
        },
        "w_d": {
            "lower": 0.0034799999999999996,
            "upper": 0.0038199999999999996
        },
        "t_tot": {
            "lower": 91.25,
            "upper": 93.75
        }
    }
}