{
    "regime": "amp_5_wd_2_t55.0",
    "t_tot_center": 55.0,
    "best_t_tot": 56.24999851887433,
    "best_amp": 21.446727627097175,
    "best_w_d": 0.003608558365589138,
    "best_value": 0.006324481197677653,
    "optimization_time": 1731.3690564632416,
    "regime_bounds": {
        "amp": {
            "lower": 21.333333333333332,
            "upper": 24.0
        },
        "w_d": {
            "lower": 0.0034799999999999996,
            "upper": 0.0038199999999999996
        },
        "t_tot": {
            "lower": 53.75,
            "upper": 56.25
        }
    }
}