{
    "regime": "amp_1_wd_4_t90.0",
    "t_tot_center": 90.0,
    "best_t_tot": 88.75000000102675,
    "best_amp": 13.333333333326953,
    "best_w_d": 0.0042021791017243905,
    "best_value": 1.3264138181787954,
    "optimization_time": 804.2789270877838,
    "regime_bounds": {
        "amp": {
            "lower": 10.666666666666666,
            "upper": 13.333333333333332
        },
        "w_d": {
            "lower": 0.00416,
            "upper": 0.0045
        },
        "t_tot": {
            "lower": 88.75,
            "upper": 91.25
        }
    }
}