{
    "regime": "amp_5_wd_3_t82.5",
    "t_tot_center": 82.5,
    "best_t_tot": 82.51986386012034,
    "best_amp": 21.842078105508214,
    "best_w_d": 0.00415932955481474,
    "best_value": 0.07449529568362848,
    "optimization_time": 1207.5436346530914,
    "regime_bounds": {
        "amp": {
            "lower": 21.333333333333332,
            "upper": 24.0
        },
        "w_d": {
            "lower": 0.0038199999999999996,
            "upper": 0.00416
        },
        "t_tot": {
            "lower": 81.25,
            "upper": 83.75
        }
    }
}