{
    "regime": "amp_2_wd_0_t105.0",
    "t_tot_center": 105.0,
    "best_t_tot": 103.75001224240421,
    "best_amp": 15.956664027215279,
    "best_w_d": 0.002882290695480357,
    "best_value": 0.6338123153279221,
    "optimization_time": 1765.490941286087,
    "regime_bounds": {
        "amp": {
            "lower": 13.333333333333332,
            "upper": 16.0
        },
        "w_d": {
            "lower": 0.0028,
            "upper": 0.00314
        },
        "t_tot": {
            "lower": 103.75,
            "upper": 106.25
        }
    }
}