{
    "regime": "amp_3_wd_3_t57.5",
    "t_tot_center": 57.5,
    "best_t_tot": 57.27566199119734,
    "best_amp": 16.323875694961004,
    "best_w_d": 0.003828940585655512,
    "best_value": 0.004828630400523722,
    "optimization_time": 1173.6996824741364,
    "regime_bounds": {
        "amp": {
            "lower": 16.0,
            "upper": 18.666666666666664
        },
        "w_d": {
            "lower": 0.0038199999999999996,
            "upper": 0.00416
        },
        "t_tot": {
            "lower": 56.25,
            "upper": 58.75
        }
    }
}