{
    "regime": "amp_5_wd_2_t67.5",
    "t_tot_center": 67.5,
    "best_t_tot": 67.80226452426922,
    "best_amp": 22.05627029868415,
    "best_w_d": 0.0037627602025237955,
    "best_value": 0.00035472095338171493,
    "optimization_time": 1118.0125031471252,
    "regime_bounds": {
        "amp": {
            "lower": 21.333333333333332,
            "upper": 24.0
        },
        "w_d": {
            "lower": 0.0034799999999999996,
            "upper": 0.0038199999999999996
        },
        "t_tot": {
            "lower": 66.25,
            "upper": 68.75
        }
    }
}