{
    "regime": "amp_3_wd_1_t62.5",
    "t_tot_center": 62.5,
    "best_t_tot": 61.37020977817157,
    "best_amp": 17.737489743009476,
    "best_w_d": 0.003165323435111228,
    "best_value": 0.004169038073064441,
    "optimization_time": 704.4373772144318,
    "regime_bounds": {
        "amp": {
            "lower": 16.0,
            "upper": 18.666666666666664
        },
        "w_d": {
            "lower": 0.00314,
            "upper": 0.0034799999999999996
        },
        "t_tot": {
            "lower": 61.25,
            "upper": 63.75
        }
    }
}