{
    "regime": "amp_1_wd_2_t92.5",
    "t_tot_center": 92.5,
    "best_t_tot": 91.25087065352311,
    "best_amp": 13.200632513583354,
    "best_w_d": 0.003609042661438495,
    "best_value": 1.2860248900036337,
    "optimization_time": 1767.6999051570892,
    "regime_bounds": {
        "amp": {
            "lower": 10.666666666666666,
            "upper": 13.333333333333332
        },
        "w_d": {
            "lower": 0.0034799999999999996,
            "upper": 0.0038199999999999996
        },
        "t_tot": {
            "lower": 91.25,
            "upper": 93.75
        }
    }
}