{
    "regime": "amp_1_wd_4_t92.5",
    "t_tot_center": 92.5,
    "best_t_tot": 91.25000000265752,
    "best_amp": 13.333333333245992,
    "best_w_d": 0.004160000000077225,
    "best_value": 1.4960957847755878,
    "optimization_time": 5547.920368909836,
    "regime_bounds": {
        "amp": {
            "lower": 10.666666666666666,
            "upper": 13.333333333333332
        },
        "w_d": {
            "lower": 0.00416,
            "upper": 0.0045
        },
        "t_tot": {
            "lower": 91.25,
            "upper": 93.75
        }
    }
}