{
    "regime": "amp_4_wd_2_t115.0",
    "t_tot_center": 115.0,
    "best_t_tot": 116.2492979618886,
    "best_amp": 19.39250361635443,
    "best_w_d": 0.0036269904971763024,
    "best_value": 0.3918946485284116,
    "optimization_time": 1331.1718764305115,
    "regime_bounds": {
        "amp": {
            "lower": 18.666666666666664,
            "upper": 21.333333333333332
        },
        "w_d": {
            "lower": 0.0034799999999999996,
            "upper": 0.0038199999999999996
        },
        "t_tot": {
            "lower": 113.75,
            "upper": 116.25
        }
    }
}