{
    "regime": "amp_4_wd_1_t102.5",
    "t_tot_center": 102.5,
    "best_t_tot": 103.48846152679857,
    "best_amp": 21.187877773495266,
    "best_w_d": 0.003408042524577912,
    "best_value": 0.20142751776274165,
    "optimization_time": 1370.426881313324,
    "regime_bounds": {
        "amp": {
            "lower": 18.666666666666664,
            "upper": 21.333333333333332
        },
        "w_d": {
            "lower": 0.00314,
            "upper": 0.0034799999999999996
        },
        "t_tot": {
            "lower": 101.25,
            "upper": 103.75
        }
    }
}