{
    "regime": "amp_5_wd_2_t92.5",
    "t_tot_center": 92.5,
    "best_t_tot": 92.51671429585214,
    "best_amp": 21.893304240414672,
    "best_w_d": 0.0038005575309675924,
    "best_value": 0.09157346412192047,
    "optimization_time": 2767.195567369461,
    "regime_bounds": {
        "amp": {
            "lower": 21.333333333333332,
            "upper": 24.0
        },
        "w_d": {
            "lower": 0.0034799999999999996,
            "upper": 0.0038199999999999996
        },
        "t_tot": {
            "lower": 91.25,
            "upper": 93.75
        }
    }
}