{
    "regime": "amp_3_wd_1_t77.5",
    "t_tot_center": 77.5,
    "best_t_tot": 76.85521967509258,
    "best_amp": 16.203349163620196,
    "best_w_d": 0.003451678224923777,
    "best_value": 0.12128951230610795,
    "optimization_time": 1187.0095200538635,
    "regime_bounds": {
        "amp": {
            "lower": 16.0,
            "upper": 18.666666666666664
        },
        "w_d": {
            "lower": 0.00314,
            "upper": 0.0034799999999999996
        },
        "t_tot": {
            "lower": 76.25,
            "upper": 78.75
        }
    }
}