{
    "regime": "amp_1_wd_3_t105.0",
    "t_tot_center": 105.0,
    "best_t_tot": 103.7500000027505,
    "best_amp": 11.403285201204293,
    "best_w_d": 0.003901987336664438,
    "best_value": 1.5515037454037395,
    "optimization_time": 1531.3804326057434,
    "regime_bounds": {
        "amp": {
            "lower": 10.666666666666666,
            "upper": 13.333333333333332
        },
        "w_d": {
            "lower": 0.0038199999999999996,
            "upper": 0.00416
        },
        "t_tot": {
            "lower": 103.75,
            "upper": 106.25
        }
    }
}