{
    "regime": "amp_4_wd_2_t77.5",
    "t_tot_center": 77.5,
    "best_t_tot": 77.25989005990044,
    "best_amp": 19.07841102953086,
    "best_w_d": 0.003740414065160208,
    "best_value": 0.06637274040225999,
    "optimization_time": 1655.1192429065704,
    "regime_bounds": {
        "amp": {
            "lower": 18.666666666666664,
            "upper": 21.333333333333332
        },
        "w_d": {
            "lower": 0.0034799999999999996,
            "upper": 0.0038199999999999996
        },
        "t_tot": {
            "lower": 76.25,
            "upper": 78.75
        }
    }
}