{
    "regime": "amp_1_wd_0_t62.5",
    "t_tot_center": 62.5,
    "best_t_tot": 62.28578024515761,
    "best_amp": 13.168807344404655,
    "best_w_d": 0.003010836238656694,
    "best_value": 0.060944216266893086,
    "optimization_time": 949.2060706615448,
    "regime_bounds": {
        "amp": {
            "lower": 10.666666666666666,
            "upper": 13.333333333333332
        },
        "w_d": {
            "lower": 0.0028,
            "upper": 0.00314
        },
        "t_tot": {
            "lower": 61.25,
            "upper": 63.75
        }
    }
}