{
    "regime": "amp_5_wd_1_t115.0",
    "t_tot_center": 115.0,
    "best_t_tot": 115.28538054988776,
    "best_amp": 21.6914659829579,
    "best_w_d": 0.0034799890371602585,
    "best_value": 0.37043080654315913,
    "optimization_time": 1658.7898406982422,
    "regime_bounds": {
        "amp": {
            "lower": 21.333333333333332,
            "upper": 24.0
        },
        "w_d": {
            "lower": 0.00314,
            "upper": 0.0034799999999999996
        },
        "t_tot": {
            "lower": 113.75,
            "upper": 116.25
        }
    }
}