{
    "regime": "amp_3_wd_2_t80.0",
    "t_tot_center": 80.0,
    "best_t_tot": 79.4800848602592,
    "best_amp": 16.294374036236167,
    "best_w_d": 0.003767872676025152,
    "best_value": 0.23040850125009238,
    "optimization_time": 4387.307637214661,
    "regime_bounds": {
        "amp": {
            "lower": 16.0,
            "upper": 18.666666666666664
        },
        "w_d": {
            "lower": 0.0034799999999999996,
            "upper": 0.0038199999999999996
        },
        "t_tot": {
            "lower": 78.75,
            "upper": 81.25
        }
    }
}