{
    "regime": "amp_4_wd_3_t72.5",
    "t_tot_center": 72.5,
    "best_t_tot": 71.85905452906279,
    "best_amp": 20.5283747073776,
    "best_w_d": 0.003950363348739495,
    "best_value": 0.017678700708475492,
    "optimization_time": 1280.504780292511,
    "regime_bounds": {
        "amp": {
            "lower": 18.666666666666664,
            "upper": 21.333333333333332
        },
        "w_d": {
            "lower": 0.0038199999999999996,
            "upper": 0.00416
        },
        "t_tot": {
            "lower": 71.25,
            "upper": 73.75
        }
    }
}