{
    "regime": "amp_5_wd_3_t97.5",
    "t_tot_center": 97.5,
    "best_t_tot": 96.96190001681543,
    "best_amp": 21.81971201910217,
    "best_w_d": 0.003825314997965499,
    "best_value": 0.1231331942418328,
    "optimization_time": 1647.1645085811615,
    "regime_bounds": {
        "amp": {
            "lower": 21.333333333333332,
            "upper": 24.0
        },
        "w_d": {
            "lower": 0.0038199999999999996,
            "upper": 0.00416
        },
        "t_tot": {
            "lower": 96.25,
            "upper": 98.75
        }
    }
}