{
    "regime": "amp_3_wd_0_t92.5",
    "t_tot_center": 92.5,
    "best_t_tot": 92.54232753103757,
    "best_amp": 17.140858974299945,
    "best_w_d": 0.0029885588592619408,
    "best_value": 0.24350498096956108,
    "optimization_time": 1237.5951952934265,
    "regime_bounds": {
        "amp": {
            "lower": 16.0,
            "upper": 18.666666666666664
        },
        "w_d": {
            "lower": 0.0028,
            "upper": 0.00314
        },
        "t_tot": {
            "lower": 91.25,
            "upper": 93.75
        }
    }
}