{
    "regime": "amp_1_wd_2_t115.0",
    "t_tot_center": 115.0,
    "best_t_tot": 113.75000000323685,
    "best_amp": 11.246005916964924,
    "best_w_d": 0.0035673937237655465,
    "best_value": 1.6083868032834756,
    "optimization_time": 1153.1148834228516,
    "regime_bounds": {
        "amp": {
            "lower": 10.666666666666666,
            "upper": 13.333333333333332
        },
        "w_d": {
            "lower": 0.0034799999999999996,
            "upper": 0.0038199999999999996
        },
        "t_tot": {
            "lower": 113.75,
            "upper": 116.25
        }
    }
}