{
    "regime": "amp_1_wd_0_t72.5",
    "t_tot_center": 72.5,
    "best_t_tot": 72.3504955908423,
    "best_amp": 13.279032854767042,
    "best_w_d": 0.003137458242953196,
    "best_value": 0.2033866909516145,
    "optimization_time": 997.7666294574738,
    "regime_bounds": {
        "amp": {
            "lower": 10.666666666666666,
            "upper": 13.333333333333332
        },
        "w_d": {
            "lower": 0.0028,
            "upper": 0.00314
        },
        "t_tot": {
            "lower": 71.25,
            "upper": 73.75
        }
    }
}