{
    "regime": "amp_3_wd_2_t120.0",
    "t_tot_center": 120.0,
    "best_t_tot": 118.75592150698591,
    "best_amp": 17.09631808651459,
    "best_w_d": 0.003745853861167872,
    "best_value": 0.9108501831391445,
    "optimization_time": 1317.6117191314697,
    "regime_bounds": {
        "amp": {
            "lower": 16.0,
            "upper": 18.666666666666664
        },
        "w_d": {
            "lower": 0.0034799999999999996,
            "upper": 0.0038199999999999996
        },
        "t_tot": {
            "lower": 118.75,
            "upper": 121.25
        }
    }
}