{
    "regime": "amp_4_wd_0_t102.5",
    "t_tot_center": 102.5,
    "best_t_tot": 102.51178507670254,
    "best_amp": 18.912244040450645,
    "best_w_d": 0.003048705751467442,
    "best_value": 0.17168004620892713,
    "optimization_time": 1911.3958759307861,
    "regime_bounds": {
        "amp": {
            "lower": 18.666666666666664,
            "upper": 21.333333333333332
        },
        "w_d": {
            "lower": 0.0028,
            "upper": 0.00314
        },
        "t_tot": {
            "lower": 101.25,
            "upper": 103.75
        }
    }
}