{
    "regime": "amp_3_wd_1_t92.5",
    "t_tot_center": 92.5,
    "best_t_tot": 91.30832227937819,
    "best_amp": 16.583495594872094,
    "best_w_d": 0.0033541367016816813,
    "best_value": 0.420609901522936,
    "optimization_time": 764.7671520709991,
    "regime_bounds": {
        "amp": {
            "lower": 16.0,
            "upper": 18.666666666666664
        },
        "w_d": {
            "lower": 0.00314,
            "upper": 0.0034799999999999996
        },
        "t_tot": {
            "lower": 91.25,
            "upper": 93.75
        }
    }
}