{
    "regime": "amp_4_wd_1_t85.0",
    "t_tot_center": 85.0,
    "best_t_tot": 83.9849402147902,
    "best_amp": 18.948085099474753,
    "best_w_d": 0.003286987184424759,
    "best_value": 0.0913803503402145,
    "optimization_time": 1256.4022543430328,
    "regime_bounds": {
        "amp": {
            "lower": 18.666666666666664,
            "upper": 21.333333333333332
        },
        "w_d": {
            "lower": 0.00314,
            "upper": 0.0034799999999999996
        },
        "t_tot": {
            "lower": 83.75,
            "upper": 86.25
        }
    }
}