{
    "regime": "amp_0_wd_3_t67.5",
    "t_tot_center": 67.5,
    "best_t_tot": 67.43212958881293,
    "best_amp": 10.64260771558853,
    "best_w_d": 0.004123505115400794,
    "best_value": 0.9144212769525579,
    "optimization_time": 936.9127843379974,
    "regime_bounds": {
        "amp": {
            "lower": 8.0,
            "upper": 10.666666666666666
        },
        "w_d": {
            "lower": 0.0038199999999999996,
            "upper": 0.00416
        },
        "t_tot": {
            "lower": 66.25,
            "upper": 68.75
        }
    }
}