{
    "regime": "amp_0_wd_1_t100.0",
    "t_tot_center": 100.0,
    "best_t_tot": 98.75000000778488,
    "best_amp": 10.66666666581805,
    "best_w_d": 0.003140000000004229,
    "best_value": 1.7586298530607005,
    "optimization_time": 864.6940097808838,
    "regime_bounds": {
        "amp": {
            "lower": 8.0,
            "upper": 10.666666666666666
        },
        "w_d": {
            "lower": 0.00314,
            "upper": 0.0034799999999999996
        },
        "t_tot": {
            "lower": 98.75,
            "upper": 101.25
        }
    }
}