{
    "regime": "amp_5_wd_2_t97.5",
    "t_tot_center": 97.5,
    "best_t_tot": 97.39262597570756,
    "best_amp": 21.78283091681262,
    "best_w_d": 0.0035365590604870202,
    "best_value": 0.1828142073154874,
    "optimization_time": 1320.3800172805786,
    "regime_bounds": {
        "amp": {
            "lower": 21.333333333333332,
            "upper": 24.0
        },
        "w_d": {
            "lower": 0.0034799999999999996,
            "upper": 0.0038199999999999996
        },
        "t_tot": {
            "lower": 96.25,
            "upper": 98.75
        }
    }
}