{
    "regime": "amp_4_wd_1_t97.5",
    "t_tot_center": 97.5,
    "best_t_tot": 97.24859170496622,
    "best_amp": 18.785143352255215,
    "best_w_d": 0.0032977305854162394,
    "best_value": 0.4561835717245781,
    "optimization_time": 1727.4975862503052,
    "regime_bounds": {
        "amp": {
            "lower": 18.666666666666664,
            "upper": 21.333333333333332
        },
        "w_d": {
            "lower": 0.00314,
            "upper": 0.0034799999999999996
        },
        "t_tot": {
            "lower": 96.25,
            "upper": 98.75
        }
    }
}