{
    "regime": "amp_5_wd_4_t95.0",
    "t_tot_center": 95.0,
    "best_t_tot": 95.2697500632788,
    "best_amp": 22.155487260416745,
    "best_w_d": 0.004382946117329717,
    "best_value": 0.02492017730274821,
    "optimization_time": 4315.075788497925,
    "regime_bounds": {
        "amp": {
            "lower": 21.333333333333332,
            "upper": 24.0
        },
        "w_d": {
            "lower": 0.00416,
            "upper": 0.0045
        },
        "t_tot": {
            "lower": 93.75,
            "upper": 96.25
        }
    }
}