{
    "regime": "amp_1_wd_1_t82.5",
    "t_tot_center": 82.5,
    "best_t_tot": 81.250004072658,
    "best_amp": 13.137221786153969,
    "best_w_d": 0.0033979852792808884,
    "best_value": 0.5061220344346882,
    "optimization_time": 3472.2988398075104,
    "regime_bounds": {
        "amp": {
            "lower": 10.666666666666666,
            "upper": 13.333333333333332
        },
        "w_d": {
            "lower": 0.00314,
            "upper": 0.0034799999999999996
        },
        "t_tot": {
            "lower": 81.25,
            "upper": 83.75
        }
    }
}