{
    "regime": "amp_5_wd_1_t97.5",
    "t_tot_center": 97.5,
    "best_t_tot": 96.31756095872193,
    "best_amp": 21.672382960321833,
    "best_w_d": 0.00330948447588215,
    "best_value": 0.2785043390960248,
    "optimization_time": 1382.818591594696,
    "regime_bounds": {
        "amp": {
            "lower": 21.333333333333332,
            "upper": 24.0
        },
        "w_d": {
            "lower": 0.00314,
            "upper": 0.0034799999999999996
        },
        "t_tot": {
            "lower": 96.25,
            "upper": 98.75
        }
    }
}