{
    "regime": "amp_1_wd_1_t57.5",
    "t_tot_center": 57.5,
    "best_t_tot": 56.250000810049066,
    "best_amp": 13.323820938017544,
    "best_w_d": 0.0031797312414577395,
    "best_value": 0.031009311470795376,
    "optimization_time": 1360.1026525497437,
    "regime_bounds": {
        "amp": {
            "lower": 10.666666666666666,
            "upper": 13.333333333333332
        },
        "w_d": {
            "lower": 0.00314,
            "upper": 0.0034799999999999996
        },
        "t_tot": {
            "lower": 56.25,
            "upper": 58.75
        }
    }
}