{
    "regime": "amp_1_wd_1_t70.0",
    "t_tot_center": 70.0,
    "best_t_tot": 68.97136381298175,
    "best_amp": 13.294237804750368,
    "best_w_d": 0.0034799955113214314,
    "best_value": 0.19180537892614247,
    "optimization_time": 3165.393943786621,
    "regime_bounds": {
        "amp": {
            "lower": 10.666666666666666,
            "upper": 13.333333333333332
        },
        "w_d": {
            "lower": 0.00314,
            "upper": 0.0034799999999999996
        },
        "t_tot": {
            "lower": 68.75,
            "upper": 71.25
        }
    }
}