{
    "regime": "amp_4_wd_2_t120.0",
    "t_tot_center": 120.0,
    "best_t_tot": 120.03377166283582,
    "best_amp": 19.085415293905093,
    "best_w_d": 0.003617219958670652,
    "best_value": 0.440001660996742,
    "optimization_time": 990.1020545959473,
    "regime_bounds": {
        "amp": {
            "lower": 18.666666666666664,
            "upper": 21.333333333333332
        },
        "w_d": {
            "lower": 0.0034799999999999996,
            "upper": 0.0038199999999999996
        },
        "t_tot": {
            "lower": 118.75,
            "upper": 121.25
        }
    }
}