{
    "regime": "amp_0_wd_2_t65.0",
    "t_tot_center": 65.0,
    "best_t_tot": 63.75019201761309,
    "best_amp": 10.641000601347296,
    "best_w_d": 0.0035399095745030735,
    "best_value": 0.4902724468887289,
    "optimization_time": 632.4916970729828,
    "regime_bounds": {
        "amp": {
            "lower": 8.0,
            "upper": 10.666666666666666
        },
        "w_d": {
            "lower": 0.0034799999999999996,
            "upper": 0.0038199999999999996
        },
        "t_tot": {
            "lower": 63.75,
            "upper": 66.25
        }
    }
}