{
    "regime": "amp_5_wd_0_t87.5",
    "t_tot_center": 87.5,
    "best_t_tot": 86.92412814012728,
    "best_amp": 21.696116804794567,
    "best_w_d": 0.0031074202013441385,
    "best_value": 0.047966212609113185,
    "optimization_time": 3425.7700941562653,
    "regime_bounds": {
        "amp": {
            "lower": 21.333333333333332,
            "upper": 24.0
        },
        "w_d": {
            "lower": 0.0028,
            "upper": 0.00314
        },
        "t_tot": {
            "lower": 86.25,
            "upper": 88.75
        }
    }
}