{
    "regime": "amp_3_wd_2_t52.5",
    "t_tot_center": 52.5,
    "best_t_tot": 52.09351674571664,
    "best_amp": 16.077734140622,
    "best_w_d": 0.003646023843813113,
    "best_value": 6.534939872834244e-06,
    "optimization_time": 3817.8509867191315,
    "regime_bounds": {
        "amp": {
            "lower": 16.0,
            "upper": 18.666666666666664
        },
        "w_d": {
            "lower": 0.0034799999999999996,
            "upper": 0.0038199999999999996
        },
        "t_tot": {
            "lower": 51.25,
            "upper": 53.75
        }
    }
}