{
    "regime": "amp_1_wd_3_t92.5",
    "t_tot_center": 92.5,
    "best_t_tot": 91.25000002004592,
    "best_amp": 13.333333333005577,
    "best_w_d": 0.004103623594307408,
    "best_value": 1.3681155204172617,
    "optimization_time": 2624.9991521835327,
    "regime_bounds": {
        "amp": {
            "lower": 10.666666666666666,
            "upper": 13.333333333333332
        },
        "w_d": {
            "lower": 0.0038199999999999996,
            "upper": 0.00416
        },
        "t_tot": {
            "lower": 91.25,
            "upper": 93.75
        }
    }
}