{
    "regime": "amp_1_wd_4_t57.5",
    "t_tot_center": 57.5,
    "best_t_tot": 56.25010973631968,
    "best_amp": 12.473311439520556,
    "best_w_d": 0.004236445263726339,
    "best_value": 0.11171607734848527,
    "optimization_time": 813.1697766780853,
    "regime_bounds": {
        "amp": {
            "lower": 10.666666666666666,
            "upper": 13.333333333333332
        },
        "w_d": {
            "lower": 0.00416,
            "upper": 0.0045
        },
        "t_tot": {
            "lower": 56.25,
            "upper": 58.75
        }
    }
}