{
    "regime": "amp_4_wd_2_t62.5",
    "t_tot_center": 62.5,
    "best_t_tot": 62.30952639654476,
    "best_amp": 18.849185611407066,
    "best_w_d": 0.0035097465856044163,
    "best_value": 0.0013793964061117108,
    "optimization_time": 687.2955636978149,
    "regime_bounds": {
        "amp": {
            "lower": 18.666666666666664,
            "upper": 21.333333333333332
        },
        "w_d": {
            "lower": 0.0034799999999999996,
            "upper": 0.0038199999999999996
        },
        "t_tot": {
            "lower": 61.25,
            "upper": 63.75
        }
    }
}