{
    "regime": "amp_1_wd_4_t110.0",
    "t_tot_center": 110.0,
    "best_t_tot": 109.56993343979147,
    "best_amp": 10.666666666681516,
    "best_w_d": 0.004160000000010399,
    "best_value": 1.7612766831317024,
    "optimization_time": 847.1830189228058,
    "regime_bounds": {
        "amp": {
            "lower": 10.666666666666666,
            "upper": 13.333333333333332
        },
        "w_d": {
            "lower": 0.00416,
            "upper": 0.0045
        },
        "t_tot": {
            "lower": 108.75,
            "upper": 111.25
        }
    }
}