{
    "regime": "amp_4_wd_3_t55.0",
    "t_tot_center": 55.0,
    "best_t_tot": 55.32167245973481,
    "best_amp": 19.264196048943674,
    "best_w_d": 0.003837386229085369,
    "best_value": 0.001768116073166034,
    "optimization_time": 789.9997982978821,
    "regime_bounds": {
        "amp": {
            "lower": 18.666666666666664,
            "upper": 21.333333333333332
        },
        "w_d": {
            "lower": 0.0038199999999999996,
            "upper": 0.00416
        },
        "t_tot": {
            "lower": 53.75,
            "upper": 56.25
        }
    }
}