{
    "regime": "amp_1_wd_3_t90.0",
    "t_tot_center": 90.0,
    "best_t_tot": 89.69775482922921,
    "best_amp": 13.333333330955014,
    "best_w_d": 0.004159999998681943,
    "best_value": 1.3435086740098785,
    "optimization_time": 1418.7845742702484,
    "regime_bounds": {
        "amp": {
            "lower": 10.666666666666666,
            "upper": 13.333333333333332
        },
        "w_d": {
            "lower": 0.0038199999999999996,
            "upper": 0.00416
        },
        "t_tot": {
            "lower": 88.75,
            "upper": 91.25
        }
    }
}