{
    "regime": "amp_1_wd_0_t85.0",
    "t_tot_center": 85.0,
    "best_t_tot": 84.01834086694484,
    "best_amp": 13.236463619236961,
    "best_w_d": 0.003139997142881769,
    "best_value": 0.4870925614341083,
    "optimization_time": 1014.9937281608582,
    "regime_bounds": {
        "amp": {
            "lower": 10.666666666666666,
            "upper": 13.333333333333332
        },
        "w_d": {
            "lower": 0.0028,
            "upper": 0.00314
        },
        "t_tot": {
            "lower": 83.75,
            "upper": 86.25
        }
    }
}