{
    "regime": "amp_0_wd_1_t72.5",
    "t_tot_center": 72.5,
    "best_t_tot": 71.25000000063694,
    "best_amp": 10.504365428387983,
    "best_w_d": 0.0034799999991328144,
    "best_value": 0.850230981849772,
    "optimization_time": 1700.8565473556519,
    "regime_bounds": {
        "amp": {
            "lower": 8.0,
            "upper": 10.666666666666666
        },
        "w_d": {
            "lower": 0.00314,
            "upper": 0.0034799999999999996
        },
        "t_tot": {
            "lower": 71.25,
            "upper": 73.75
        }
    }
}