{
    "regime": "amp_2_wd_3_t67.5",
    "t_tot_center": 67.5,
    "best_t_tot": 67.76390237169446,
    "best_amp": 15.854780894573329,
    "best_w_d": 0.004159992796672316,
    "best_value": 0.08545229998575755,
    "optimization_time": 870.435909986496,
    "regime_bounds": {
        "amp": {
            "lower": 13.333333333333332,
            "upper": 16.0
        },
        "w_d": {
            "lower": 0.0038199999999999996,
            "upper": 0.00416
        },
        "t_tot": {
            "lower": 66.25,
            "upper": 68.75
        }
    }
}