{
    "regime": "amp_2_wd_1_t60.0",
    "t_tot_center": 60.0,
    "best_t_tot": 58.99134530358968,
    "best_amp": 15.080094728435457,
    "best_w_d": 0.0031760666760869112,
    "best_value": 0.016552654155200512,
    "optimization_time": 1238.0998215675354,
    "regime_bounds": {
        "amp": {
            "lower": 13.333333333333332,
            "upper": 16.0
        },
        "w_d": {
            "lower": 0.00314,
            "upper": 0.0034799999999999996
        },
        "t_tot": {
            "lower": 58.75,
            "upper": 61.25
        }
    }
}