{
    "regime": "amp_3_wd_0_t87.5",
    "t_tot_center": 87.5,
    "best_t_tot": 86.78292555571174,
    "best_amp": 16.49787966633911,
    "best_w_d": 0.002996579007731513,
    "best_value": 0.19222284264050876,
    "optimization_time": 2411.193599462509,
    "regime_bounds": {
        "amp": {
            "lower": 16.0,
            "upper": 18.666666666666664
        },
        "w_d": {
            "lower": 0.0028,
            "upper": 0.00314
        },
        "t_tot": {
            "lower": 86.25,
            "upper": 88.75
        }
    }
}