{
    "regime": "amp_3_wd_3_t90.0",
    "t_tot_center": 90.0,
    "best_t_tot": 90.81367272354298,
    "best_amp": 16.43766600697221,
    "best_w_d": 0.004070902613095402,
    "best_value": 0.4396176908698387,
    "optimization_time": 1666.717413187027,
    "regime_bounds": {
        "amp": {
            "lower": 16.0,
            "upper": 18.666666666666664
        },
        "w_d": {
            "lower": 0.0038199999999999996,
            "upper": 0.00416
        },
        "t_tot": {
            "lower": 88.75,
            "upper": 91.25
        }
    }
}