{
    "regime": "amp_3_wd_4_t102.5",
    "t_tot_center": 102.5,
    "best_t_tot": 102.92193676113234,
    "best_amp": 18.36204726915528,
    "best_w_d": 0.004204978226305651,
    "best_value": 0.32350793062342725,
    "optimization_time": 1236.9376337528229,
    "regime_bounds": {
        "amp": {
            "lower": 16.0,
            "upper": 18.666666666666664
        },
        "w_d": {
            "lower": 0.00416,
            "upper": 0.0045
        },
        "t_tot": {
            "lower": 101.25,
            "upper": 103.75
        }
    }
}