{
    "regime": "amp_1_wd_1_t107.5",
    "t_tot_center": 107.5,
    "best_t_tot": 108.74999994780497,
    "best_amp": 13.132055857036736,
    "best_w_d": 0.003479999999345915,
    "best_value": 1.6617296607451895,
    "optimization_time": 913.1294462680817,
    "regime_bounds": {
        "amp": {
            "lower": 10.666666666666666,
            "upper": 13.333333333333332
        },
        "w_d": {
            "lower": 0.00314,
            "upper": 0.0034799999999999996
        },
        "t_tot": {
            "lower": 106.25,
            "upper": 108.75
        }
    }
}