{
    "regime": "amp_0_wd_3_t57.5",
    "t_tot_center": 57.5,
    "best_t_tot": 56.25002206037691,
    "best_amp": 10.654633972040008,
    "best_w_d": 0.003866242323541735,
    "best_value": 0.2991327851674086,
    "optimization_time": 532.8713042736053,
    "regime_bounds": {
        "amp": {
            "lower": 8.0,
            "upper": 10.666666666666666
        },
        "w_d": {
            "lower": 0.0038199999999999996,
            "upper": 0.00416
        },
        "t_tot": {
            "lower": 56.25,
            "upper": 58.75
        }
    }
}