{
    "regime": "amp_4_wd_0_t67.5",
    "t_tot_center": 67.5,
    "best_t_tot": 66.3914674932059,
    "best_amp": 19.711019473996803,
    "best_w_d": 0.0031277810980421534,
    "best_value": 0.0022364202452378663,
    "optimization_time": 1302.5388007164001,
    "regime_bounds": {
        "amp": {
            "lower": 18.666666666666664,
            "upper": 21.333333333333332
        },
        "w_d": {
            "lower": 0.0028,
            "upper": 0.00314
        },
        "t_tot": {
            "lower": 66.25,
            "upper": 68.75
        }
    }
}