{
    "regime": "amp_2_wd_2_t65.0",
    "t_tot_center": 65.0,
    "best_t_tot": 64.11571113593602,
    "best_amp": 13.971640661717501,
    "best_w_d": 0.003546954436584677,
    "best_value": 0.08588961853573622,
    "optimization_time": 4028.1301882267,
    "regime_bounds": {
        "amp": {
            "lower": 13.333333333333332,
            "upper": 16.0
        },
        "w_d": {
            "lower": 0.0034799999999999996,
            "upper": 0.0038199999999999996
        },
        "t_tot": {
            "lower": 63.75,
            "upper": 66.25
        }
    }
}