{
    "regime": "amp_2_wd_2_t70.0",
    "t_tot_center": 70.0,
    "best_t_tot": 69.77408562580949,
    "best_amp": 15.93013590394245,
    "best_w_d": 0.003819998020205813,
    "best_value": 0.07906820007367021,
    "optimization_time": 4729.967202663422,
    "regime_bounds": {
        "amp": {
            "lower": 13.333333333333332,
            "upper": 16.0
        },
        "w_d": {
            "lower": 0.0034799999999999996,
            "upper": 0.0038199999999999996
        },
        "t_tot": {
            "lower": 68.75,
            "upper": 71.25
        }
    }
}