{
    "regime": "amp_2_wd_3_t120.0",
    "t_tot_center": 120.0,
    "best_t_tot": 120.34060172401742,
    "best_amp": 13.791596381829555,
    "best_w_d": 0.003998392206153957,
    "best_value": 1.034197608590064,
    "optimization_time": 1526.434730052948,
    "regime_bounds": {
        "amp": {
            "lower": 13.333333333333332,
            "upper": 16.0
        },
        "w_d": {
            "lower": 0.0038199999999999996,
            "upper": 0.00416
        },
        "t_tot": {
            "lower": 118.75,
            "upper": 121.25
        }
    }
}