{
    "regime": "amp_0_wd_0_t102.5",
    "t_tot_center": 102.5,
    "best_t_tot": 101.25000000209734,
    "best_amp": 8.000000002120766,
    "best_w_d": 0.0028000000111619797,
    "best_value": 1.7275093796361047,
    "optimization_time": 1077.3019161224365,
    "regime_bounds": {
        "amp": {
            "lower": 8.0,
            "upper": 10.666666666666666
        },
        "w_d": {
            "lower": 0.0028,
            "upper": 0.00314
        },
        "t_tot": {
            "lower": 101.25,
            "upper": 103.75
        }
    }
}