{
    "regime": "amp_4_wd_2_t97.5",
    "t_tot_center": 97.5,
    "best_t_tot": 97.28780888041156,
    "best_amp": 19.70260186358395,
    "best_w_d": 0.00353799160198065,
    "best_value": 0.2096681591186184,
    "optimization_time": 1311.082459449768,
    "regime_bounds": {
        "amp": {
            "lower": 18.666666666666664,
            "upper": 21.333333333333332
        },
        "w_d": {
            "lower": 0.0034799999999999996,
            "upper": 0.0038199999999999996
        },
        "t_tot": {
            "lower": 96.25,
            "upper": 98.75
        }
    }
}