{
    "regime": "amp_0_wd_2_t52.5",
    "t_tot_center": 52.5,
    "best_t_tot": 51.25000713626491,
    "best_amp": 10.586342023889724,
    "best_w_d": 0.0036269686431829777,
    "best_value": 0.1510233307291473,
    "optimization_time": 856.3291330337524,
    "regime_bounds": {
        "amp": {
            "lower": 8.0,
            "upper": 10.666666666666666
        },
        "w_d": {
            "lower": 0.0034799999999999996,
            "upper": 0.0038199999999999996
        },
        "t_tot": {
            "lower": 51.25,
            "upper": 53.75
        }
    }
}