{
    "regime": "amp_3_wd_2_t117.5",
    "t_tot_center": 117.5,
    "best_t_tot": 116.25016741996541,
    "best_amp": 17.795166050141003,
    "best_w_d": 0.0037965015597444685,
    "best_value": 0.674551766703197,
    "optimization_time": 1154.2817788124084,
    "regime_bounds": {
        "amp": {
            "lower": 16.0,
            "upper": 18.666666666666664
        },
        "w_d": {
            "lower": 0.0034799999999999996,
            "upper": 0.0038199999999999996
        },
        "t_tot": {
            "lower": 116.25,
            "upper": 118.75
        }
    }
}