{
    "regime": "amp_1_wd_0_t95.0",
    "t_tot_center": 95.0,
    "best_t_tot": 93.75000555583783,
    "best_amp": 13.233321096344918,
    "best_w_d": 0.0028209120309680594,
    "best_value": 0.6715449025441858,
    "optimization_time": 1169.1821012496948,
    "regime_bounds": {
        "amp": {
            "lower": 10.666666666666666,
            "upper": 13.333333333333332
        },
        "w_d": {
            "lower": 0.0028,
            "upper": 0.00314
        },
        "t_tot": {
            "lower": 93.75,
            "upper": 96.25
        }
    }
}