{
    "regime": "amp_5_wd_4_t97.5",
    "t_tot_center": 97.5,
    "best_t_tot": 97.886904835203,
    "best_amp": 21.958885400908137,
    "best_w_d": 0.00420186056091592,
    "best_value": 0.06131281727535419,
    "optimization_time": 1601.0252051353455,
    "regime_bounds": {
        "amp": {
            "lower": 21.333333333333332,
            "upper": 24.0
        },
        "w_d": {
            "lower": 0.00416,
            "upper": 0.0045
        },
        "t_tot": {
            "lower": 96.25,
            "upper": 98.75
        }
    }
}