{
    "regime": "amp_5_wd_1_t67.5",
    "t_tot_center": 67.5,
    "best_t_tot": 67.67995168752849,
    "best_amp": 21.747430977463637,
    "best_w_d": 0.003476772699535314,
    "best_value": 0.00045751926109546196,
    "optimization_time": 1410.7299156188965,
    "regime_bounds": {
        "amp": {
            "lower": 21.333333333333332,
            "upper": 24.0
        },
        "w_d": {
            "lower": 0.00314,
            "upper": 0.0034799999999999996
        },
        "t_tot": {
            "lower": 66.25,
            "upper": 68.75
        }
    }
}