{
    "regime": "amp_3_wd_1_t110.0",
    "t_tot_center": 110.0,
    "best_t_tot": 109.3496902450663,
    "best_amp": 16.000286973467798,
    "best_w_d": 0.0034799992010068398,
    "best_value": 0.8331278491461765,
    "optimization_time": 2460.2606761455536,
    "regime_bounds": {
        "amp": {
            "lower": 16.0,
            "upper": 18.666666666666664
        },
        "w_d": {
            "lower": 0.00314,
            "upper": 0.0034799999999999996
        },
        "t_tot": {
            "lower": 108.75,
            "upper": 111.25
        }
    }
}