{
    "regime": "amp_5_wd_3_t60.0",
    "t_tot_center": 60.0,
    "best_t_tot": 59.91817299847826,
    "best_amp": 21.37981522337033,
    "best_w_d": 0.0038558392123388264,
    "best_value": 0.0015324434496860277,
    "optimization_time": 1575.7037620544434,
    "regime_bounds": {
        "amp": {
            "lower": 21.333333333333332,
            "upper": 24.0
        },
        "w_d": {
            "lower": 0.0038199999999999996,
            "upper": 0.00416
        },
        "t_tot": {
            "lower": 58.75,
            "upper": 61.25
        }
    }
}