{
    "regime": "amp_2_wd_0_t110.0",
    "t_tot_center": 110.0,
    "best_t_tot": 109.17140791006884,
    "best_amp": 15.372767724298166,
    "best_w_d": 0.002800018326604823,
    "best_value": 0.8869649099554968,
    "optimization_time": 1899.593344449997,
    "regime_bounds": {
        "amp": {
            "lower": 13.333333333333332,
            "upper": 16.0
        },
        "w_d": {
            "lower": 0.0028,
            "upper": 0.00314
        },
        "t_tot": {
            "lower": 108.75,
            "upper": 111.25
        }
    }
}