{
    "regime": "amp_2_wd_2_t57.5",
    "t_tot_center": 57.5,
    "best_t_tot": 56.25000036334436,
    "best_amp": 13.555636147944462,
    "best_w_d": 0.003515906124093186,
    "best_value": 0.03292299294890397,
    "optimization_time": 846.6646938323975,
    "regime_bounds": {
        "amp": {
            "lower": 13.333333333333332,
            "upper": 16.0
        },
        "w_d": {
            "lower": 0.0034799999999999996,
            "upper": 0.0038199999999999996
        },
        "t_tot": {
            "lower": 56.25,
            "upper": 58.75
        }
    }
}