{
    "regime": "amp_2_wd_4_t112.5",
    "t_tot_center": 112.5,
    "best_t_tot": 111.25000000139626,
    "best_amp": 14.33620971653345,
    "best_w_d": 0.004495760926049816,
    "best_value": 0.9037795566266289,
    "optimization_time": 1868.1757357120514,
    "regime_bounds": {
        "amp": {
            "lower": 13.333333333333332,
            "upper": 16.0
        },
        "w_d": {
            "lower": 0.00416,
            "upper": 0.0045
        },
        "t_tot": {
            "lower": 111.25,
            "upper": 113.75
        }
    }
}