{
    "regime": "amp_3_wd_4_t50.0",
    "t_tot_center": 50.0,
    "best_t_tot": 50.29295874799688,
    "best_amp": 16.214562908530176,
    "best_w_d": 0.004206842191552719,
    "best_value": 6.614051691349467e-05,
    "optimization_time": 925.4270625114441,
    "regime_bounds": {
        "amp": {
            "lower": 16.0,
            "upper": 18.666666666666664
        },
        "w_d": {
            "lower": 0.00416,
            "upper": 0.0045
        },
        "t_tot": {
            "lower": 48.75,
            "upper": 51.25
        }
    }
}