{
    "regime": "amp_3_wd_0_t97.5",
    "t_tot_center": 97.5,
    "best_t_tot": 97.10215214664687,
    "best_amp": 18.134456677430713,
    "best_w_d": 0.003098826306790451,
    "best_value": 0.34425503546475955,
    "optimization_time": 1105.0019102096558,
    "regime_bounds": {
        "amp": {
            "lower": 16.0,
            "upper": 18.666666666666664
        },
        "w_d": {
            "lower": 0.0028,
            "upper": 0.00314
        },
        "t_tot": {
            "lower": 96.25,
            "upper": 98.75
        }
    }
}