{
    "regime": "amp_1_wd_1_t65.0",
    "t_tot_center": 65.0,
    "best_t_tot": 63.750003264361,
    "best_amp": 12.780648708896498,
    "best_w_d": 0.003217340590038373,
    "best_value": 0.12821655209133323,
    "optimization_time": 592.7008781433105,
    "regime_bounds": {
        "amp": {
            "lower": 10.666666666666666,
            "upper": 13.333333333333332
        },
        "w_d": {
            "lower": 0.00314,
            "upper": 0.0034799999999999996
        },
        "t_tot": {
            "lower": 63.75,
            "upper": 66.25
        }
    }
}