{
    "regime": "amp_4_wd_1_t120.0",
    "t_tot_center": 120.0,
    "best_t_tot": 121.03295665964919,
    "best_amp": 19.629104227767314,
    "best_w_d": 0.0034799810784936543,
    "best_value": 0.4008280737907477,
    "optimization_time": 1025.852888584137,
    "regime_bounds": {
        "amp": {
            "lower": 18.666666666666664,
            "upper": 21.333333333333332
        },
        "w_d": {
            "lower": 0.00314,
            "upper": 0.0034799999999999996
        },
        "t_tot": {
            "lower": 118.75,
            "upper": 121.25
        }
    }
}