{
    "regime": "amp_0_wd_1_t75.0",
    "t_tot_center": 75.0,
    "best_t_tot": 73.75000000959993,
    "best_amp": 10.666666491544255,
    "best_w_d": 0.0034757097570922123,
    "best_value": 0.9092929984919984,
    "optimization_time": 2247.346237182617,
    "regime_bounds": {
        "amp": {
            "lower": 8.0,
            "upper": 10.666666666666666
        },
        "w_d": {
            "lower": 0.00314,
            "upper": 0.0034799999999999996
        },
        "t_tot": {
            "lower": 73.75,
            "upper": 76.25
        }
    }
}