{
    "regime": "amp_1_wd_4_t112.5",
    "t_tot_center": 112.5,
    "best_t_tot": 111.25000000000264,
    "best_amp": 10.666666666667547,
    "best_w_d": 0.004160000000000699,
    "best_value": 1.7803639119689683,
    "optimization_time": 3635.2380933761597,
    "regime_bounds": {
        "amp": {
            "lower": 10.666666666666666,
            "upper": 13.333333333333332
        },
        "w_d": {
            "lower": 0.00416,
            "upper": 0.0045
        },
        "t_tot": {
            "lower": 111.25,
            "upper": 113.75
        }
    }
}