{
    "regime": "amp_2_wd_2_t105.0",
    "t_tot_center": 105.0,
    "best_t_tot": 104.7088297258835,
    "best_amp": 15.999996693883347,
    "best_w_d": 0.003525220449930459,
    "best_value": 0.7720323513588514,
    "optimization_time": 1781.851135969162,
    "regime_bounds": {
        "amp": {
            "lower": 13.333333333333332,
            "upper": 16.0
        },
        "w_d": {
            "lower": 0.0034799999999999996,
            "upper": 0.0038199999999999996
        },
        "t_tot": {
            "lower": 103.75,
            "upper": 106.25
        }
    }
}