{
    "regime": "amp_4_wd_0_t70.0",
    "t_tot_center": 70.0,
    "best_t_tot": 69.52551147922686,
    "best_amp": 20.123063903407445,
    "best_w_d": 0.003116608162268244,
    "best_value": 0.0049532681665101375,
    "optimization_time": 1340.1008672714233,
    "regime_bounds": {
        "amp": {
            "lower": 18.666666666666664,
            "upper": 21.333333333333332
        },
        "w_d": {
            "lower": 0.0028,
            "upper": 0.00314
        },
        "t_tot": {
            "lower": 68.75,
            "upper": 71.25
        }
    }
}