{
    "regime": "amp_4_wd_1_t70.0",
    "t_tot_center": 70.0,
    "best_t_tot": 69.87209068881555,
    "best_amp": 19.722996305523044,
    "best_w_d": 0.0034588688136555448,
    "best_value": 0.009243024577747118,
    "optimization_time": 1249.4660217761993,
    "regime_bounds": {
        "amp": {
            "lower": 18.666666666666664,
            "upper": 21.333333333333332
        },
        "w_d": {
            "lower": 0.00314,
            "upper": 0.0034799999999999996
        },
        "t_tot": {
            "lower": 68.75,
            "upper": 71.25
        }
    }
}