{
    "regime": "amp_0_wd_1_t92.5",
    "t_tot_center": 92.5,
    "best_t_tot": 91.25003153000094,
    "best_amp": 10.472498142843067,
    "best_w_d": 0.003182263279081573,
    "best_value": 1.6213863103572717,
    "optimization_time": 1108.3777077198029,
    "regime_bounds": {
        "amp": {
            "lower": 8.0,
            "upper": 10.666666666666666
        },
        "w_d": {
            "lower": 0.00314,
            "upper": 0.0034799999999999996
        },
        "t_tot": {
            "lower": 91.25,
            "upper": 93.75
        }
    }
}