{
    "regime": "amp_5_wd_2_t77.5",
    "t_tot_center": 77.5,
    "best_t_tot": 77.20461099244584,
    "best_amp": 21.815236457166232,
    "best_w_d": 0.0037655150224280005,
    "best_value": 0.02834228979948373,
    "optimization_time": 1089.0687184333801,
    "regime_bounds": {
        "amp": {
            "lower": 21.333333333333332,
            "upper": 24.0
        },
        "w_d": {
            "lower": 0.0034799999999999996,
            "upper": 0.0038199999999999996
        },
        "t_tot": {
            "lower": 76.25,
            "upper": 78.75
        }
    }
}