{
    "regime": "amp_0_wd_4_t117.5",
    "t_tot_center": 117.5,
    "best_t_tot": 116.2500000005137,
    "best_amp": 9.585521558413951,
    "best_w_d": 0.004160000000011761,
    "best_value": 1.8871623475004724,
    "optimization_time": 3505.7831337451935,
    "regime_bounds": {
        "amp": {
            "lower": 8.0,
            "upper": 10.666666666666666
        },
        "w_d": {
            "lower": 0.00416,
            "upper": 0.0045
        },
        "t_tot": {
            "lower": 116.25,
            "upper": 118.75
        }
    }
}