{
    "regime": "amp_0_wd_0_t100.0",
    "t_tot_center": 100.0,
    "best_t_tot": 98.75043836436993,
    "best_amp": 10.283835715496458,
    "best_w_d": 0.0029549339446102393,
    "best_value": 1.7105716390820995,
    "optimization_time": 924.295007944107,
    "regime_bounds": {
        "amp": {
            "lower": 8.0,
            "upper": 10.666666666666666
        },
        "w_d": {
            "lower": 0.0028,
            "upper": 0.00314
        },
        "t_tot": {
            "lower": 98.75,
            "upper": 101.25
        }
    }
}