{
    "regime": "amp_1_wd_3_t67.5",
    "t_tot_center": 67.5,
    "best_t_tot": 66.53441310003608,
    "best_amp": 13.242819965586285,
    "best_w_d": 0.004134685386018545,
    "best_value": 0.238634015446692,
    "optimization_time": 933.3308746814728,
    "regime_bounds": {
        "amp": {
            "lower": 10.666666666666666,
            "upper": 13.333333333333332
        },
        "w_d": {
            "lower": 0.0038199999999999996,
            "upper": 0.00416
        },
        "t_tot": {
            "lower": 66.25,
            "upper": 68.75
        }
    }
}