{
    "regime": "amp_1_wd_2_t62.5",
    "t_tot_center": 62.5,
    "best_t_tot": 61.35965581598898,
    "best_amp": 12.710729871505706,
    "best_w_d": 0.0035719055987603857,
    "best_value": 0.12404748597990772,
    "optimization_time": 3361.185292482376,
    "regime_bounds": {
        "amp": {
            "lower": 10.666666666666666,
            "upper": 13.333333333333332
        },
        "w_d": {
            "lower": 0.0034799999999999996,
            "upper": 0.0038199999999999996
        },
        "t_tot": {
            "lower": 61.25,
            "upper": 63.75
        }
    }
}