{
    "regime": "amp_2_wd_4_t115.0",
    "t_tot_center": 115.0,
    "best_t_tot": 113.7500000082255,
    "best_amp": 14.274593415245265,
    "best_w_d": 0.004397033801945614,
    "best_value": 0.9416050972007248,
    "optimization_time": 2546.672947406769,
    "regime_bounds": {
        "amp": {
            "lower": 13.333333333333332,
            "upper": 16.0
        },
        "w_d": {
            "lower": 0.00416,
            "upper": 0.0045
        },
        "t_tot": {
            "lower": 113.75,
            "upper": 116.25
        }
    }
}