{
    "regime": "amp_2_wd_1_t57.5",
    "t_tot_center": 57.5,
    "best_t_tot": 56.250002879565606,
    "best_amp": 14.04751848281259,
    "best_w_d": 0.003150374494457935,
    "best_value": 0.016909686395460453,
    "optimization_time": 1220.291103363037,
    "regime_bounds": {
        "amp": {
            "lower": 13.333333333333332,
            "upper": 16.0
        },
        "w_d": {
            "lower": 0.00314,
            "upper": 0.0034799999999999996
        },
        "t_tot": {
            "lower": 56.25,
            "upper": 58.75
        }
    }
}