{
    "regime": "amp_0_wd_1_t87.5",
    "t_tot_center": 87.5,
    "best_t_tot": 86.25000225059433,
    "best_amp": 10.626493986133868,
    "best_w_d": 0.0033794584131939267,
    "best_value": 1.5154189265291031,
    "optimization_time": 4524.167777776718,
    "regime_bounds": {
        "amp": {
            "lower": 8.0,
            "upper": 10.666666666666666
        },
        "w_d": {
            "lower": 0.00314,
            "upper": 0.0034799999999999996
        },
        "t_tot": {
            "lower": 86.25,
            "upper": 88.75
        }
    }
}