{
    "regime": "amp_1_wd_0_t105.0",
    "t_tot_center": 105.0,
    "best_t_tot": 103.75001869290276,
    "best_amp": 13.076638741036996,
    "best_w_d": 0.003080845110271133,
    "best_value": 1.448384724357933,
    "optimization_time": 1348.127980709076,
    "regime_bounds": {
        "amp": {
            "lower": 10.666666666666666,
            "upper": 13.333333333333332
        },
        "w_d": {
            "lower": 0.0028,
            "upper": 0.00314
        },
        "t_tot": {
            "lower": 103.75,
            "upper": 106.25
        }
    }
}