{
    "regime": "amp_1_wd_0_t90.0",
    "t_tot_center": 90.0,
    "best_t_tot": 88.75001425572484,
    "best_amp": 13.252103706277406,
    "best_w_d": 0.00311791440474381,
    "best_value": 0.63135531716988,
    "optimization_time": 1111.6820979118347,
    "regime_bounds": {
        "amp": {
            "lower": 10.666666666666666,
            "upper": 13.333333333333332
        },
        "w_d": {
            "lower": 0.0028,
            "upper": 0.00314
        },
        "t_tot": {
            "lower": 88.75,
            "upper": 91.25
        }
    }
}