{
    "regime": "amp_1_wd_3_t112.5",
    "t_tot_center": 112.5,
    "best_t_tot": 113.74999993147452,
    "best_amp": 13.33333333276476,
    "best_w_d": 0.004135741170424703,
    "best_value": 1.328350903259409,
    "optimization_time": 1383.381189584732,
    "regime_bounds": {
        "amp": {
            "lower": 10.666666666666666,
            "upper": 13.333333333333332
        },
        "w_d": {
            "lower": 0.0038199999999999996,
            "upper": 0.00416
        },
        "t_tot": {
            "lower": 111.25,
            "upper": 113.75
        }
    }
}