{
    "regime": "amp_1_wd_4_t52.5",
    "t_tot_center": 52.5,
    "best_t_tot": 51.250010459862835,
    "best_amp": 12.107789503455198,
    "best_w_d": 0.004234266927327207,
    "best_value": 0.06587747462017823,
    "optimization_time": 787.1240751743317,
    "regime_bounds": {
        "amp": {
            "lower": 10.666666666666666,
            "upper": 13.333333333333332
        },
        "w_d": {
            "lower": 0.00416,
            "upper": 0.0045
        },
        "t_tot": {
            "lower": 51.25,
            "upper": 53.75
        }
    }
}