{
    "regime": "amp_0_wd_2_t82.5",
    "t_tot_center": 82.5,
    "best_t_tot": 81.25001728508778,
    "best_amp": 8.300308789476713,
    "best_w_d": 0.003480000877959059,
    "best_value": 1.5827046368608957,
    "optimization_time": 1910.11270737648,
    "regime_bounds": {
        "amp": {
            "lower": 8.0,
            "upper": 10.666666666666666
        },
        "w_d": {
            "lower": 0.0034799999999999996,
            "upper": 0.0038199999999999996
        },
        "t_tot": {
            "lower": 81.25,
            "upper": 83.75
        }
    }
}