{
    "regime": "amp_4_wd_2_t57.5",
    "t_tot_center": 57.5,
    "best_t_tot": 58.038371639522616,
    "best_amp": 18.940358062929743,
    "best_w_d": 0.0034980306389813427,
    "best_value": 0.00019011425354758014,
    "optimization_time": 3220.2962198257446,
    "regime_bounds": {
        "amp": {
            "lower": 18.666666666666664,
            "upper": 21.333333333333332
        },
        "w_d": {
            "lower": 0.0034799999999999996,
            "upper": 0.0038199999999999996
        },
        "t_tot": {
            "lower": 56.25,
            "upper": 58.75
        }
    }
}