{
    "regime": "amp_0_wd_3_t117.5",
    "t_tot_center": 117.5,
    "best_t_tot": 118.7499999999031,
    "best_amp": 9.905170653654462,
    "best_w_d": 0.003889365445339014,
    "best_value": 1.6910172019181116,
    "optimization_time": 1916.1584177017212,
    "regime_bounds": {
        "amp": {
            "lower": 8.0,
            "upper": 10.666666666666666
        },
        "w_d": {
            "lower": 0.0038199999999999996,
            "upper": 0.00416
        },
        "t_tot": {
            "lower": 116.25,
            "upper": 118.75
        }
    }
}