{
    "regime": "amp_3_wd_1_t65.0",
    "t_tot_center": 65.0,
    "best_t_tot": 63.79612492943713,
    "best_amp": 16.179063806267397,
    "best_w_d": 0.0032260010241256,
    "best_value": 0.019503547413810468,
    "optimization_time": 998.0488896369934,
    "regime_bounds": {
        "amp": {
            "lower": 16.0,
            "upper": 18.666666666666664
        },
        "w_d": {
            "lower": 0.00314,
            "upper": 0.0034799999999999996
        },
        "t_tot": {
            "lower": 63.75,
            "upper": 66.25
        }
    }
}