{
    "regime": "amp_2_wd_0_t102.5",
    "t_tot_center": 102.5,
    "best_t_tot": 101.99956865281818,
    "best_amp": 15.787054642639058,
    "best_w_d": 0.003088836953640839,
    "best_value": 0.8019647632429455,
    "optimization_time": 2671.28399682045,
    "regime_bounds": {
        "amp": {
            "lower": 13.333333333333332,
            "upper": 16.0
        },
        "w_d": {
            "lower": 0.0028,
            "upper": 0.00314
        },
        "t_tot": {
            "lower": 101.25,
            "upper": 103.75
        }
    }
}