{
    "regime": "amp_4_wd_3_t85.0",
    "t_tot_center": 85.0,
    "best_t_tot": 85.1663821683062,
    "best_amp": 20.574035050843925,
    "best_w_d": 0.004159998782056071,
    "best_value": 0.08601561124581517,
    "optimization_time": 1348.730447769165,
    "regime_bounds": {
        "amp": {
            "lower": 18.666666666666664,
            "upper": 21.333333333333332
        },
        "w_d": {
            "lower": 0.0038199999999999996,
            "upper": 0.00416
        },
        "t_tot": {
            "lower": 83.75,
            "upper": 86.25
        }
    }
}