{
    "regime": "amp_1_wd_3_t55.0",
    "t_tot_center": 55.0,
    "best_t_tot": 53.75002190780887,
    "best_amp": 11.75636582076005,
    "best_w_d": 0.003867582995528855,
    "best_value": 0.10145733164763127,
    "optimization_time": 895.6429214477539,
    "regime_bounds": {
        "amp": {
            "lower": 10.666666666666666,
            "upper": 13.333333333333332
        },
        "w_d": {
            "lower": 0.0038199999999999996,
            "upper": 0.00416
        },
        "t_tot": {
            "lower": 53.75,
            "upper": 56.25
        }
    }
}