{
    "regime": "amp_4_wd_4_t110.0",
    "t_tot_center": 110.0,
    "best_t_tot": 108.7501273980777,
    "best_amp": 19.895496816582963,
    "best_w_d": 0.004160084470614691,
    "best_value": 0.2505172818651821,
    "optimization_time": 1264.5266606807709,
    "regime_bounds": {
        "amp": {
            "lower": 18.666666666666664,
            "upper": 21.333333333333332
        },
        "w_d": {
            "lower": 0.00416,
            "upper": 0.0045
        },
        "t_tot": {
            "lower": 108.75,
            "upper": 111.25
        }
    }
}