{
    "regime": "amp_5_wd_0_t97.5",
    "t_tot_center": 97.5,
    "best_t_tot": 96.99633193265628,
    "best_amp": 21.353042942289072,
    "best_w_d": 0.003059766714336934,
    "best_value": 0.17338242555803976,
    "optimization_time": 1812.9663441181183,
    "regime_bounds": {
        "amp": {
            "lower": 21.333333333333332,
            "upper": 24.0
        },
        "w_d": {
            "lower": 0.0028,
            "upper": 0.00314
        },
        "t_tot": {
            "lower": 96.25,
            "upper": 98.75
        }
    }
}