{
    "regime": "amp_0_wd_1_t85.0",
    "t_tot_center": 85.0,
    "best_t_tot": 83.75026104635955,
    "best_amp": 10.585491299006886,
    "best_w_d": 0.003439780954721562,
    "best_value": 1.453089799796923,
    "optimization_time": 1709.7244808673859,
    "regime_bounds": {
        "amp": {
            "lower": 8.0,
            "upper": 10.666666666666666
        },
        "w_d": {
            "lower": 0.00314,
            "upper": 0.0034799999999999996
        },
        "t_tot": {
            "lower": 83.75,
            "upper": 86.25
        }
    }
}