{
    "regime": "amp_2_wd_0_t70.0",
    "t_tot_center": 70.0,
    "best_t_tot": 69.17703236876825,
    "best_amp": 15.914668631806311,
    "best_w_d": 0.0031342077759025882,
    "best_value": 0.050157688799813006,
    "optimization_time": 895.343022108078,
    "regime_bounds": {
        "amp": {
            "lower": 13.333333333333332,
            "upper": 16.0
        },
        "w_d": {
            "lower": 0.0028,
            "upper": 0.00314
        },
        "t_tot": {
            "lower": 68.75,
            "upper": 71.25
        }
    }
}