{
    "regime": "amp_1_wd_4_t50.0",
    "t_tot_center": 50.0,
    "best_t_tot": 49.54927625279843,
    "best_amp": 12.777917803800795,
    "best_w_d": 0.004253500974522236,
    "best_value": 0.025714155299355123,
    "optimization_time": 788.1246495246887,
    "regime_bounds": {
        "amp": {
            "lower": 10.666666666666666,
            "upper": 13.333333333333332
        },
        "w_d": {
            "lower": 0.00416,
            "upper": 0.0045
        },
        "t_tot": {
            "lower": 48.75,
            "upper": 51.25
        }
    }
}