{
    "regime": "amp_0_wd_2_t80.0",
    "t_tot_center": 80.0,
    "best_t_tot": 78.75000000413986,
    "best_amp": 10.666666666288645,
    "best_w_d": 0.0036479517646183747,
    "best_value": 1.3147808893665363,
    "optimization_time": 1274.3065173625946,
    "regime_bounds": {
        "amp": {
            "lower": 8.0,
            "upper": 10.666666666666666
        },
        "w_d": {
            "lower": 0.0034799999999999996,
            "upper": 0.0038199999999999996
        },
        "t_tot": {
            "lower": 78.75,
            "upper": 81.25
        }
    }
}