{
    "regime": "amp_3_wd_2_t57.5",
    "t_tot_center": 57.5,
    "best_t_tot": 56.89315377863311,
    "best_amp": 16.127761648379767,
    "best_w_d": 0.0034985293652372235,
    "best_value": 0.003470336984998784,
    "optimization_time": 1356.2657918930054,
    "regime_bounds": {
        "amp": {
            "lower": 16.0,
            "upper": 18.666666666666664
        },
        "w_d": {
            "lower": 0.0034799999999999996,
            "upper": 0.0038199999999999996
        },
        "t_tot": {
            "lower": 56.25,
            "upper": 58.75
        }
    }
}