{
    "regime": "amp_3_wd_0_t100.0",
    "t_tot_center": 100.0,
    "best_t_tot": 100.09990516758477,
    "best_amp": 18.58884039351456,
    "best_w_d": 0.002967884943070714,
    "best_value": 0.32880598258453375,
    "optimization_time": 1706.97776389122,
    "regime_bounds": {
        "amp": {
            "lower": 16.0,
            "upper": 18.666666666666664
        },
        "w_d": {
            "lower": 0.0028,
            "upper": 0.00314
        },
        "t_tot": {
            "lower": 98.75,
            "upper": 101.25
        }
    }
}