{
    "regime": "amp_1_wd_2_t110.0",
    "t_tot_center": 110.0,
    "best_t_tot": 108.75000000065698,
    "best_amp": 11.3214216678728,
    "best_w_d": 0.00372714269957016,
    "best_value": 1.5807649085004702,
    "optimization_time": 3011.741753578186,
    "regime_bounds": {
        "amp": {
            "lower": 10.666666666666666,
            "upper": 13.333333333333332
        },
        "w_d": {
            "lower": 0.0034799999999999996,
            "upper": 0.0038199999999999996
        },
        "t_tot": {
            "lower": 108.75,
            "upper": 111.25
        }
    }
}