{
    "regime": "amp_3_wd_2_t77.5",
    "t_tot_center": 77.5,
    "best_t_tot": 77.36867939823433,
    "best_amp": 16.81721434733993,
    "best_w_d": 0.003542378012360087,
    "best_value": 0.11059083129547734,
    "optimization_time": 4142.835518836975,
    "regime_bounds": {
        "amp": {
            "lower": 16.0,
            "upper": 18.666666666666664
        },
        "w_d": {
            "lower": 0.0034799999999999996,
            "upper": 0.0038199999999999996
        },
        "t_tot": {
            "lower": 76.25,
            "upper": 78.75
        }
    }
}