{
    "regime": "amp_4_wd_2_t55.0",
    "t_tot_center": 55.0,
    "best_t_tot": 56.249999163485114,
    "best_amp": 18.723942676382592,
    "best_w_d": 0.003606652812262024,
    "best_value": 0.0006360557551660124,
    "optimization_time": 1055.3181912899017,
    "regime_bounds": {
        "amp": {
            "lower": 18.666666666666664,
            "upper": 21.333333333333332
        },
        "w_d": {
            "lower": 0.0034799999999999996,
            "upper": 0.0038199999999999996
        },
        "t_tot": {
            "lower": 53.75,
            "upper": 56.25
        }
    }
}