{
    "regime": "amp_1_wd_1_t117.5",
    "t_tot_center": 117.5,
    "best_t_tot": 116.3215929507754,
    "best_amp": 11.179619716007506,
    "best_w_d": 0.00347999999961775,
    "best_value": 1.6229761216686156,
    "optimization_time": 1404.990219593048,
    "regime_bounds": {
        "amp": {
            "lower": 10.666666666666666,
            "upper": 13.333333333333332
        },
        "w_d": {
            "lower": 0.00314,
            "upper": 0.0034799999999999996
        },
        "t_tot": {
            "lower": 116.25,
            "upper": 118.75
        }
    }
}