{
    "regime": "amp_4_wd_4_t117.5",
    "t_tot_center": 117.5,
    "best_t_tot": 116.71955633282597,
    "best_amp": 19.99579939730015,
    "best_w_d": 0.004283183158305892,
    "best_value": 0.7259384088418586,
    "optimization_time": 1265.6560516357422,
    "regime_bounds": {
        "amp": {
            "lower": 18.666666666666664,
            "upper": 21.333333333333332
        },
        "w_d": {
            "lower": 0.00416,
            "upper": 0.0045
        },
        "t_tot": {
            "lower": 116.25,
            "upper": 118.75
        }
    }
}