{
    "regime": "amp_1_wd_0_t115.0",
    "t_tot_center": 115.0,
    "best_t_tot": 116.24999999607451,
    "best_amp": 11.213943550232642,
    "best_w_d": 0.0030608354501399045,
    "best_value": 1.7755462586216453,
    "optimization_time": 1206.9585664272308,
    "regime_bounds": {
        "amp": {
            "lower": 10.666666666666666,
            "upper": 13.333333333333332
        },
        "w_d": {
            "lower": 0.0028,
            "upper": 0.00314
        },
        "t_tot": {
            "lower": 113.75,
            "upper": 116.25
        }
    }
}