{
    "regime": "amp_1_wd_1_t72.5",
    "t_tot_center": 72.5,
    "best_t_tot": 71.99707879395852,
    "best_amp": 13.21705884230152,
    "best_w_d": 0.0034799786792054847,
    "best_value": 0.25811377298776106,
    "optimization_time": 2265.457728624344,
    "regime_bounds": {
        "amp": {
            "lower": 10.666666666666666,
            "upper": 13.333333333333332
        },
        "w_d": {
            "lower": 0.00314,
            "upper": 0.0034799999999999996
        },
        "t_tot": {
            "lower": 71.25,
            "upper": 73.75
        }
    }
}