{
    "regime": "amp_2_wd_0_t92.5",
    "t_tot_center": 92.5,
    "best_t_tot": 91.41266291510377,
    "best_amp": 15.556607878888267,
    "best_w_d": 0.0028247241934397653,
    "best_value": 0.30817528961294455,
    "optimization_time": 2643.4305176734924,
    "regime_bounds": {
        "amp": {
            "lower": 13.333333333333332,
            "upper": 16.0
        },
        "w_d": {
            "lower": 0.0028,
            "upper": 0.00314
        },
        "t_tot": {
            "lower": 91.25,
            "upper": 93.75
        }
    }
}