{
    "regime": "amp_4_wd_1_t65.0",
    "t_tot_center": 65.0,
    "best_t_tot": 63.84529039666985,
    "best_amp": 18.831778855842146,
    "best_w_d": 0.003181164643092806,
    "best_value": 0.001985504151269041,
    "optimization_time": 753.9840657711029,
    "regime_bounds": {
        "amp": {
            "lower": 18.666666666666664,
            "upper": 21.333333333333332
        },
        "w_d": {
            "lower": 0.00314,
            "upper": 0.0034799999999999996
        },
        "t_tot": {
            "lower": 63.75,
            "upper": 66.25
        }
    }
}