{
    "regime": "amp_1_wd_0_t60.0",
    "t_tot_center": 60.0,
    "best_t_tot": 58.75000245094052,
    "best_amp": 13.330598532887766,
    "best_w_d": 0.002988072735613138,
    "best_value": 0.04223741741616699,
    "optimization_time": 3957.675663471222,
    "regime_bounds": {
        "amp": {
            "lower": 10.666666666666666,
            "upper": 13.333333333333332
        },
        "w_d": {
            "lower": 0.0028,
            "upper": 0.00314
        },
        "t_tot": {
            "lower": 58.75,
            "upper": 61.25
        }
    }
}