{
    "regime": "amp_1_wd_4_t77.5",
    "t_tot_center": 77.5,
    "best_t_tot": 76.25022836724412,
    "best_amp": 12.843876043019282,
    "best_w_d": 0.004296334850895378,
    "best_value": 0.988832833083843,
    "optimization_time": 1228.1288905143738,
    "regime_bounds": {
        "amp": {
            "lower": 10.666666666666666,
            "upper": 13.333333333333332
        },
        "w_d": {
            "lower": 0.00416,
            "upper": 0.0045
        },
        "t_tot": {
            "lower": 76.25,
            "upper": 78.75
        }
    }
}