{
    "regime": "amp_5_wd_3_t85.0",
    "t_tot_center": 85.0,
    "best_t_tot": 85.24924127243757,
    "best_amp": 21.479046554082252,
    "best_w_d": 0.004151726653434116,
    "best_value": 0.057282375423441334,
    "optimization_time": 2648.9953141212463,
    "regime_bounds": {
        "amp": {
            "lower": 21.333333333333332,
            "upper": 24.0
        },
        "w_d": {
            "lower": 0.0038199999999999996,
            "upper": 0.00416
        },
        "t_tot": {
            "lower": 83.75,
            "upper": 86.25
        }
    }
}