{
    "regime": "amp_4_wd_1_t52.5",
    "t_tot_center": 52.5,
    "best_t_tot": 53.59551761225771,
    "best_amp": 19.13586539377709,
    "best_w_d": 0.0034767743253056854,
    "best_value": 0.004358778294601887,
    "optimization_time": 1339.138013124466,
    "regime_bounds": {
        "amp": {
            "lower": 18.666666666666664,
            "upper": 21.333333333333332
        },
        "w_d": {
            "lower": 0.00314,
            "upper": 0.0034799999999999996
        },
        "t_tot": {
            "lower": 51.25,
            "upper": 53.75
        }
    }
}