{
    "regime": "amp_3_wd_2_t50.0",
    "t_tot_center": 50.0,
    "best_t_tot": 51.24999648551602,
    "best_amp": 16.042965324687202,
    "best_w_d": 0.003628233278595563,
    "best_value": 6.54405142687027e-05,
    "optimization_time": 984.2843730449677,
    "regime_bounds": {
        "amp": {
            "lower": 16.0,
            "upper": 18.666666666666664
        },
        "w_d": {
            "lower": 0.0034799999999999996,
            "upper": 0.0038199999999999996
        },
        "t_tot": {
            "lower": 48.75,
            "upper": 51.25
        }
    }
}