{
    "regime": "amp_4_wd_4_t62.5",
    "t_tot_center": 62.5,
    "best_t_tot": 62.50627728790943,
    "best_amp": 19.04536484203712,
    "best_w_d": 0.004197185150610104,
    "best_value": 0.003092321446556112,
    "optimization_time": 3194.060333967209,
    "regime_bounds": {
        "amp": {
            "lower": 18.666666666666664,
            "upper": 21.333333333333332
        },
        "w_d": {
            "lower": 0.00416,
            "upper": 0.0045
        },
        "t_tot": {
            "lower": 61.25,
            "upper": 63.75
        }
    }
}