{
    "regime": "amp_2_wd_2_t60.0",
    "t_tot_center": 60.0,
    "best_t_tot": 58.75000177199788,
    "best_amp": 13.376148346156963,
    "best_w_d": 0.003521206403752745,
    "best_value": 0.05727619358622001,
    "optimization_time": 3674.5593633651733,
    "regime_bounds": {
        "amp": {
            "lower": 13.333333333333332,
            "upper": 16.0
        },
        "w_d": {
            "lower": 0.0034799999999999996,
            "upper": 0.0038199999999999996
        },
        "t_tot": {
            "lower": 58.75,
            "upper": 61.25
        }
    }
}