{
    "regime": "amp_0_wd_2_t60.0",
    "t_tot_center": 60.0,
    "best_t_tot": 58.75031352499744,
    "best_amp": 10.468001708252928,
    "best_w_d": 0.003614324667163588,
    "best_value": 0.3718535918251272,
    "optimization_time": 585.588609457016,
    "regime_bounds": {
        "amp": {
            "lower": 8.0,
            "upper": 10.666666666666666
        },
        "w_d": {
            "lower": 0.0034799999999999996,
            "upper": 0.0038199999999999996
        },
        "t_tot": {
            "lower": 58.75,
            "upper": 61.25
        }
    }
}