{
    "regime": "amp_0_wd_3_t50.0",
    "t_tot_center": 50.0,
    "best_t_tot": 48.750001943445305,
    "best_amp": 10.4118140074538,
    "best_w_d": 0.00400355868836797,
    "best_value": 0.15644214492128797,
    "optimization_time": 1436.2220072746277,
    "regime_bounds": {
        "amp": {
            "lower": 8.0,
            "upper": 10.666666666666666
        },
        "w_d": {
            "lower": 0.0038199999999999996,
            "upper": 0.00416
        },
        "t_tot": {
            "lower": 48.75,
            "upper": 51.25
        }
    }
}