{
    "regime": "amp_4_wd_2_t80.0",
    "t_tot_center": 80.0,
    "best_t_tot": 79.8241567085448,
    "best_amp": 18.989273515123855,
    "best_w_d": 0.0037560381514153726,
    "best_value": 0.11242127296786955,
    "optimization_time": 1265.9398083686829,
    "regime_bounds": {
        "amp": {
            "lower": 18.666666666666664,
            "upper": 21.333333333333332
        },
        "w_d": {
            "lower": 0.0034799999999999996,
            "upper": 0.0038199999999999996
        },
        "t_tot": {
            "lower": 78.75,
            "upper": 81.25
        }
    }
}