{
    "regime": "amp_2_wd_0_t75.0",
    "t_tot_center": 75.0,
    "best_t_tot": 74.7117384172455,
    "best_amp": 15.976614225135199,
    "best_w_d": 0.0031399843589752837,
    "best_value": 0.09113424988152152,
    "optimization_time": 1198.444720506668,
    "regime_bounds": {
        "amp": {
            "lower": 13.333333333333332,
            "upper": 16.0
        },
        "w_d": {
            "lower": 0.0028,
            "upper": 0.00314
        },
        "t_tot": {
            "lower": 73.75,
            "upper": 76.25
        }
    }
}