{
    "regime": "amp_5_wd_3_t62.5",
    "t_tot_center": 62.5,
    "best_t_tot": 62.58771415949065,
    "best_amp": 21.755006291597294,
    "best_w_d": 0.003850854898551928,
    "best_value": 0.00044420542512848,
    "optimization_time": 1008.6930205821991,
    "regime_bounds": {
        "amp": {
            "lower": 21.333333333333332,
            "upper": 24.0
        },
        "w_d": {
            "lower": 0.0038199999999999996,
            "upper": 0.00416
        },
        "t_tot": {
            "lower": 61.25,
            "upper": 63.75
        }
    }
}