{
    "regime": "amp_1_wd_3_t95.0",
    "t_tot_center": 95.0,
    "best_t_tot": 93.75000000248619,
    "best_amp": 13.333333333012355,
    "best_w_d": 0.0040103512184999045,
    "best_value": 1.406416320662053,
    "optimization_time": 1530.7258446216583,
    "regime_bounds": {
        "amp": {
            "lower": 10.666666666666666,
            "upper": 13.333333333333332
        },
        "w_d": {
            "lower": 0.0038199999999999996,
            "upper": 0.00416
        },
        "t_tot": {
            "lower": 93.75,
            "upper": 96.25
        }
    }
}