{
    "regime": "amp_0_wd_4_t77.5",
    "t_tot_center": 77.5,
    "best_t_tot": 76.25000000000249,
    "best_amp": 9.167335472569905,
    "best_w_d": 0.004160000000000392,
    "best_value": 1.5934410758136452,
    "optimization_time": 630.9928865432739,
    "regime_bounds": {
        "amp": {
            "lower": 8.0,
            "upper": 10.666666666666666
        },
        "w_d": {
            "lower": 0.00416,
            "upper": 0.0045
        },
        "t_tot": {
            "lower": 76.25,
            "upper": 78.75
        }
    }
}