{
    "regime": "amp_5_wd_1_t60.0",
    "t_tot_center": 60.0,
    "best_t_tot": 60.440027246188585,
    "best_amp": 21.576697984695222,
    "best_w_d": 0.003148784291731475,
    "best_value": 0.0028450666341932,
    "optimization_time": 1238.0266561508179,
    "regime_bounds": {
        "amp": {
            "lower": 21.333333333333332,
            "upper": 24.0
        },
        "w_d": {
            "lower": 0.00314,
            "upper": 0.0034799999999999996
        },
        "t_tot": {
            "lower": 58.75,
            "upper": 61.25
        }
    }
}