{
    "regime": "amp_5_wd_3_t50.0",
    "t_tot_center": 50.0,
    "best_t_tot": 51.24997095071586,
    "best_amp": 21.463647403112912,
    "best_w_d": 0.0038654545094967034,
    "best_value": 0.014296354444607029,
    "optimization_time": 994.1720657348633,
    "regime_bounds": {
        "amp": {
            "lower": 21.333333333333332,
            "upper": 24.0
        },
        "w_d": {
            "lower": 0.0038199999999999996,
            "upper": 0.00416
        },
        "t_tot": {
            "lower": 48.75,
            "upper": 51.25
        }
    }
}