{
    "regime": "amp_5_wd_3_t55.0",
    "t_tot_center": 55.0,
    "best_t_tot": 56.15397628094192,
    "best_amp": 21.625373173661426,
    "best_w_d": 0.0038316390883682975,
    "best_value": 0.006252262307160925,
    "optimization_time": 1253.1202239990234,
    "regime_bounds": {
        "amp": {
            "lower": 21.333333333333332,
            "upper": 24.0
        },
        "w_d": {
            "lower": 0.0038199999999999996,
            "upper": 0.00416
        },
        "t_tot": {
            "lower": 53.75,
            "upper": 56.25
        }
    }
}