{
    "regime": "amp_5_wd_1_t105.0",
    "t_tot_center": 105.0,
    "best_t_tot": 104.97301568856861,
    "best_amp": 21.88447529966511,
    "best_w_d": 0.0034319522107666128,
    "best_value": 0.13517235890378718,
    "optimization_time": 1665.8393104076385,
    "regime_bounds": {
        "amp": {
            "lower": 21.333333333333332,
            "upper": 24.0
        },
        "w_d": {
            "lower": 0.00314,
            "upper": 0.0034799999999999996
        },
        "t_tot": {
            "lower": 103.75,
            "upper": 106.25
        }
    }
}