{
    "regime": "amp_1_wd_3_t107.5",
    "t_tot_center": 107.5,
    "best_t_tot": 106.25000000156453,
    "best_amp": 11.381016013016753,
    "best_w_d": 0.003820000000193262,
    "best_value": 1.5667360933080445,
    "optimization_time": 2929.2306768894196,
    "regime_bounds": {
        "amp": {
            "lower": 10.666666666666666,
            "upper": 13.333333333333332
        },
        "w_d": {
            "lower": 0.0038199999999999996,
            "upper": 0.00416
        },
        "t_tot": {
            "lower": 106.25,
            "upper": 108.75
        }
    }
}