{
    "regime": "amp_4_wd_1_t67.5",
    "t_tot_center": 67.5,
    "best_t_tot": 67.43955473039004,
    "best_amp": 19.777348110198208,
    "best_w_d": 0.0034554198953531358,
    "best_value": 0.004517862449486402,
    "optimization_time": 1305.0202112197876,
    "regime_bounds": {
        "amp": {
            "lower": 18.666666666666664,
            "upper": 21.333333333333332
        },
        "w_d": {
            "lower": 0.00314,
            "upper": 0.0034799999999999996
        },
        "t_tot": {
            "lower": 66.25,
            "upper": 68.75
        }
    }
}