{
    "regime": "amp_3_wd_0_t50.0",
    "t_tot_center": 50.0,
    "best_t_tot": 50.005688834599546,
    "best_amp": 16.06328505643457,
    "best_w_d": 0.0031253518275773055,
    "best_value": 0.0015309542677629491,
    "optimization_time": 1201.0640263557434,
    "regime_bounds": {
        "amp": {
            "lower": 16.0,
            "upper": 18.666666666666664
        },
        "w_d": {
            "lower": 0.0028,
            "upper": 0.00314
        },
        "t_tot": {
            "lower": 48.75,
            "upper": 51.25
        }
    }
}