{
    "regime": "amp_5_wd_1_t112.5",
    "t_tot_center": 112.5,
    "best_t_tot": 112.2294606000491,
    "best_amp": 23.136167242222612,
    "best_w_d": 0.0034793225394241165,
    "best_value": 0.33572334067408544,
    "optimization_time": 1351.4022154808044,
    "regime_bounds": {
        "amp": {
            "lower": 21.333333333333332,
            "upper": 24.0
        },
        "w_d": {
            "lower": 0.00314,
            "upper": 0.0034799999999999996
        },
        "t_tot": {
            "lower": 111.25,
            "upper": 113.75
        }
    }
}