{
    "regime": "amp_2_wd_4_t65.0",
    "t_tot_center": 65.0,
    "best_t_tot": 63.81369700278017,
    "best_amp": 13.464606266011081,
    "best_w_d": 0.004190514256629435,
    "best_value": 0.16167605806900603,
    "optimization_time": 684.4933378696442,
    "regime_bounds": {
        "amp": {
            "lower": 13.333333333333332,
            "upper": 16.0
        },
        "w_d": {
            "lower": 0.00416,
            "upper": 0.0045
        },
        "t_tot": {
            "lower": 63.75,
            "upper": 66.25
        }
    }
}