{
    "regime": "amp_5_wd_4_t107.5",
    "t_tot_center": 107.5,
    "best_t_tot": 106.62004838688574,
    "best_amp": 21.68224348302466,
    "best_w_d": 0.004177760282293662,
    "best_value": 0.07799195180008767,
    "optimization_time": 915.7367284297943,
    "regime_bounds": {
        "amp": {
            "lower": 21.333333333333332,
            "upper": 24.0
        },
        "w_d": {
            "lower": 0.00416,
            "upper": 0.0045
        },
        "t_tot": {
            "lower": 106.25,
            "upper": 108.75
        }
    }
}