{
    "regime": "amp_2_wd_3_t55.0",
    "t_tot_center": 55.0,
    "best_t_tot": 54.13027201630483,
    "best_amp": 13.440196115467183,
    "best_w_d": 0.003866229963592675,
    "best_value": 0.030186300948724175,
    "optimization_time": 1175.9038960933685,
    "regime_bounds": {
        "amp": {
            "lower": 13.333333333333332,
            "upper": 16.0
        },
        "w_d": {
            "lower": 0.0038199999999999996,
            "upper": 0.00416
        },
        "t_tot": {
            "lower": 53.75,
            "upper": 56.25
        }
    }
}