{
    "regime": "amp_4_wd_3_t82.5",
    "t_tot_center": 82.5,
    "best_t_tot": 82.4003263210927,
    "best_amp": 19.341779640171815,
    "best_w_d": 0.00415160399700999,
    "best_value": 0.19253865138000748,
    "optimization_time": 4492.251869440079,
    "regime_bounds": {
        "amp": {
            "lower": 18.666666666666664,
            "upper": 21.333333333333332
        },
        "w_d": {
            "lower": 0.0038199999999999996,
            "upper": 0.00416
        },
        "t_tot": {
            "lower": 81.25,
            "upper": 83.75
        }
    }
}