{
    "regime": "amp_0_wd_3_t62.5",
    "t_tot_center": 62.5,
    "best_t_tot": 61.25002856767218,
    "best_amp": 10.495260870496256,
    "best_w_d": 0.0038961122519793234,
    "best_value": 0.5436120484492991,
    "optimization_time": 875.6372494697571,
    "regime_bounds": {
        "amp": {
            "lower": 8.0,
            "upper": 10.666666666666666
        },
        "w_d": {
            "lower": 0.0038199999999999996,
            "upper": 0.00416
        },
        "t_tot": {
            "lower": 61.25,
            "upper": 63.75
        }
    }
}