{
    "regime": "amp_4_wd_4_t82.5",
    "t_tot_center": 82.5,
    "best_t_tot": 82.64279318074223,
    "best_amp": 18.900760113763067,
    "best_w_d": 0.0043965168333519955,
    "best_value": 0.11407414388581559,
    "optimization_time": 1073.720409154892,
    "regime_bounds": {
        "amp": {
            "lower": 18.666666666666664,
            "upper": 21.333333333333332
        },
        "w_d": {
            "lower": 0.00416,
            "upper": 0.0045
        },
        "t_tot": {
            "lower": 81.25,
            "upper": 83.75
        }
    }
}