{
    "regime": "amp_3_wd_3_t120.0",
    "t_tot_center": 120.0,
    "best_t_tot": 118.750004354796,
    "best_amp": 17.870772396919097,
    "best_w_d": 0.0038837635577674313,
    "best_value": 0.8627811526503286,
    "optimization_time": 1688.0878801345825,
    "regime_bounds": {
        "amp": {
            "lower": 16.0,
            "upper": 18.666666666666664
        },
        "w_d": {
            "lower": 0.0038199999999999996,
            "upper": 0.00416
        },
        "t_tot": {
            "lower": 118.75,
            "upper": 121.25
        }
    }
}