{
    "regime": "amp_0_wd_3_t97.5",
    "t_tot_center": 97.5,
    "best_t_tot": 96.72103049284358,
    "best_amp": 10.666619032460687,
    "best_w_d": 0.0040359253353428656,
    "best_value": 1.6324448980515927,
    "optimization_time": 3105.397812128067,
    "regime_bounds": {
        "amp": {
            "lower": 8.0,
            "upper": 10.666666666666666
        },
        "w_d": {
            "lower": 0.0038199999999999996,
            "upper": 0.00416
        },
        "t_tot": {
            "lower": 96.25,
            "upper": 98.75
        }
    }
}