{
    "regime": "amp_3_wd_3_t95.0",
    "t_tot_center": 95.0,
    "best_t_tot": 94.37919890014935,
    "best_amp": 17.970853939321735,
    "best_w_d": 0.003994310472157942,
    "best_value": 0.29896841663640805,
    "optimization_time": 1937.4627873897552,
    "regime_bounds": {
        "amp": {
            "lower": 16.0,
            "upper": 18.666666666666664
        },
        "w_d": {
            "lower": 0.0038199999999999996,
            "upper": 0.00416
        },
        "t_tot": {
            "lower": 93.75,
            "upper": 96.25
        }
    }
}