{
    "regime": "amp_1_wd_2_t72.5",
    "t_tot_center": 72.5,
    "best_t_tot": 71.74993425884237,
    "best_amp": 13.019785979826157,
    "best_w_d": 0.003819599805820546,
    "best_value": 0.3466139828618653,
    "optimization_time": 959.0401799678802,
    "regime_bounds": {
        "amp": {
            "lower": 10.666666666666666,
            "upper": 13.333333333333332
        },
        "w_d": {
            "lower": 0.0034799999999999996,
            "upper": 0.0038199999999999996
        },
        "t_tot": {
            "lower": 71.25,
            "upper": 73.75
        }
    }
}