{
    "regime": "amp_4_wd_4_t112.5",
    "t_tot_center": 112.5,
    "best_t_tot": 111.25000036807127,
    "best_amp": 18.9834667976807,
    "best_w_d": 0.004160000031379472,
    "best_value": 0.6082894243093018,
    "optimization_time": 1510.7389302253723,
    "regime_bounds": {
        "amp": {
            "lower": 18.666666666666664,
            "upper": 21.333333333333332
        },
        "w_d": {
            "lower": 0.00416,
            "upper": 0.0045
        },
        "t_tot": {
            "lower": 111.25,
            "upper": 113.75
        }
    }
}