{
    "regime": "amp_1_wd_1_t62.5",
    "t_tot_center": 62.5,
    "best_t_tot": 61.25000213298231,
    "best_amp": 13.240214969950928,
    "best_w_d": 0.0032254960294802702,
    "best_value": 0.0743410729278226,
    "optimization_time": 739.0044603347778,
    "regime_bounds": {
        "amp": {
            "lower": 10.666666666666666,
            "upper": 13.333333333333332
        },
        "w_d": {
            "lower": 0.00314,
            "upper": 0.0034799999999999996
        },
        "t_tot": {
            "lower": 61.25,
            "upper": 63.75
        }
    }
}