{
    "regime": "amp_5_wd_2_t115.0",
    "t_tot_center": 115.0,
    "best_t_tot": 115.11400723663891,
    "best_amp": 22.280433104143402,
    "best_w_d": 0.003593798052392733,
    "best_value": 0.10265344806877924,
    "optimization_time": 1069.7668693065643,
    "regime_bounds": {
        "amp": {
            "lower": 21.333333333333332,
            "upper": 24.0
        },
        "w_d": {
            "lower": 0.0034799999999999996,
            "upper": 0.0038199999999999996
        },
        "t_tot": {
            "lower": 113.75,
            "upper": 116.25
        }
    }
}