{
    "regime": "amp_4_wd_1_t80.0",
    "t_tot_center": 80.0,
    "best_t_tot": 79.95402693068095,
    "best_amp": 18.893158144039297,
    "best_w_d": 0.003465196833220034,
    "best_value": 0.06937954971465353,
    "optimization_time": 1291.0008223056793,
    "regime_bounds": {
        "amp": {
            "lower": 18.666666666666664,
            "upper": 21.333333333333332
        },
        "w_d": {
            "lower": 0.00314,
            "upper": 0.0034799999999999996
        },
        "t_tot": {
            "lower": 78.75,
            "upper": 81.25
        }
    }
}