{
    "regime": "amp_3_wd_4_t120.0",
    "t_tot_center": 120.0,
    "best_t_tot": 120.45496606519558,
    "best_amp": 16.000004806769876,
    "best_w_d": 0.004474194486589572,
    "best_value": 0.9543480346347919,
    "optimization_time": 1495.1768779754639,
    "regime_bounds": {
        "amp": {
            "lower": 16.0,
            "upper": 18.666666666666664
        },
        "w_d": {
            "lower": 0.00416,
            "upper": 0.0045
        },
        "t_tot": {
            "lower": 118.75,
            "upper": 121.25
        }
    }
}