{
    "regime": "amp_0_wd_1_t90.0",
    "t_tot_center": 90.0,
    "best_t_tot": 88.7500003531609,
    "best_amp": 10.553687986366542,
    "best_w_d": 0.0032788127192449864,
    "best_value": 1.57183108258033,
    "optimization_time": 1247.6259820461273,
    "regime_bounds": {
        "amp": {
            "lower": 8.0,
            "upper": 10.666666666666666
        },
        "w_d": {
            "lower": 0.00314,
            "upper": 0.0034799999999999996
        },
        "t_tot": {
            "lower": 88.75,
            "upper": 91.25
        }
    }
}