{
    "regime": "amp_5_wd_0_t70.0",
    "t_tot_center": 70.0,
    "best_t_tot": 69.81777736099916,
    "best_amp": 21.679786799819478,
    "best_w_d": 0.0030752931304672067,
    "best_value": 0.0011790991796843066,
    "optimization_time": 1394.4691309928894,
    "regime_bounds": {
        "amp": {
            "lower": 21.333333333333332,
            "upper": 24.0
        },
        "w_d": {
            "lower": 0.0028,
            "upper": 0.00314
        },
        "t_tot": {
            "lower": 68.75,
            "upper": 71.25
        }
    }
}