{
    "regime": "amp_3_wd_2_t97.5",
    "t_tot_center": 97.5,
    "best_t_tot": 97.8703615472315,
    "best_amp": 18.109854123750054,
    "best_w_d": 0.0036473058422582766,
    "best_value": 0.38983619651290513,
    "optimization_time": 919.84486079216,
    "regime_bounds": {
        "amp": {
            "lower": 16.0,
            "upper": 18.666666666666664
        },
        "w_d": {
            "lower": 0.0034799999999999996,
            "upper": 0.0038199999999999996
        },
        "t_tot": {
            "lower": 96.25,
            "upper": 98.75
        }
    }
}