{
    "regime": "amp_5_wd_2_t72.5",
    "t_tot_center": 72.5,
    "best_t_tot": 72.42435473816693,
    "best_amp": 21.497472326767355,
    "best_w_d": 0.003730822333820229,
    "best_value": 0.007559625397524014,
    "optimization_time": 1253.388239145279,
    "regime_bounds": {
        "amp": {
            "lower": 21.333333333333332,
            "upper": 24.0
        },
        "w_d": {
            "lower": 0.0034799999999999996,
            "upper": 0.0038199999999999996
        },
        "t_tot": {
            "lower": 71.25,
            "upper": 73.75
        }
    }
}