{
    "regime": "amp_0_wd_3_t100.0",
    "t_tot_center": 100.0,
    "best_t_tot": 99.00804191217907,
    "best_amp": 10.666587163222173,
    "best_w_d": 0.003953198988558382,
    "best_value": 1.6412930339256766,
    "optimization_time": 1504.9760735034943,
    "regime_bounds": {
        "amp": {
            "lower": 8.0,
            "upper": 10.666666666666666
        },
        "w_d": {
            "lower": 0.0038199999999999996,
            "upper": 0.00416
        },
        "t_tot": {
            "lower": 98.75,
            "upper": 101.25
        }
    }
}