{
    "regime": "amp_4_wd_3_t115.0",
    "t_tot_center": 115.0,
    "best_t_tot": 114.58034855455755,
    "best_amp": 19.501876576181544,
    "best_w_d": 0.003912834601482452,
    "best_value": 0.37113902912158747,
    "optimization_time": 2364.9040052890778,
    "regime_bounds": {
        "amp": {
            "lower": 18.666666666666664,
            "upper": 21.333333333333332
        },
        "w_d": {
            "lower": 0.0038199999999999996,
            "upper": 0.00416
        },
        "t_tot": {
            "lower": 113.75,
            "upper": 116.25
        }
    }
}