{
    "regime": "amp_5_wd_3_t52.5",
    "t_tot_center": 52.5,
    "best_t_tot": 53.749994886753775,
    "best_amp": 21.422969164517347,
    "best_w_d": 0.003853875985606842,
    "best_value": 0.009452428202643946,
    "optimization_time": 1181.822607755661,
    "regime_bounds": {
        "amp": {
            "lower": 21.333333333333332,
            "upper": 24.0
        },
        "w_d": {
            "lower": 0.0038199999999999996,
            "upper": 0.00416
        },
        "t_tot": {
            "lower": 51.25,
            "upper": 53.75
        }
    }
}