{
    "regime": "amp_0_wd_4_t95.0",
    "t_tot_center": 95.0,
    "best_t_tot": 93.75000096415671,
    "best_amp": 10.66666663683612,
    "best_w_d": 0.004160000022329217,
    "best_value": 1.6237847455233994,
    "optimization_time": 951.4847540855408,
    "regime_bounds": {
        "amp": {
            "lower": 8.0,
            "upper": 10.666666666666666
        },
        "w_d": {
            "lower": 0.00416,
            "upper": 0.0045
        },
        "t_tot": {
            "lower": 93.75,
            "upper": 96.25
        }
    }
}