{
    "regime": "amp_3_wd_0_t62.5",
    "t_tot_center": 62.5,
    "best_t_tot": 61.250004251038156,
    "best_amp": 16.23024151772634,
    "best_w_d": 0.002954659031403216,
    "best_value": 0.008082816351110966,
    "optimization_time": 1031.8548905849457,
    "regime_bounds": {
        "amp": {
            "lower": 16.0,
            "upper": 18.666666666666664
        },
        "w_d": {
            "lower": 0.0028,
            "upper": 0.00314
        },
        "t_tot": {
            "lower": 61.25,
            "upper": 63.75
        }
    }
}