{
    "regime": "amp_3_wd_1_t70.0",
    "t_tot_center": 70.0,
    "best_t_tot": 69.95418350379614,
    "best_amp": 18.644988105267185,
    "best_w_d": 0.0034568485534598953,
    "best_value": 0.017523215229523544,
    "optimization_time": 2537.1555659770966,
    "regime_bounds": {
        "amp": {
            "lower": 16.0,
            "upper": 18.666666666666664
        },
        "w_d": {
            "lower": 0.00314,
            "upper": 0.0034799999999999996
        },
        "t_tot": {
            "lower": 68.75,
            "upper": 71.25
        }
    }
}