{
    "regime": "amp_5_wd_1_t72.5",
    "t_tot_center": 72.5,
    "best_t_tot": 72.29655722767255,
    "best_amp": 21.59868675790005,
    "best_w_d": 0.003466429720033493,
    "best_value": 0.005055099769683647,
    "optimization_time": 3104.69091129303,
    "regime_bounds": {
        "amp": {
            "lower": 21.333333333333332,
            "upper": 24.0
        },
        "w_d": {
            "lower": 0.00314,
            "upper": 0.0034799999999999996
        },
        "t_tot": {
            "lower": 71.25,
            "upper": 73.75
        }
    }
}