{
    "regime": "amp_0_wd_0_t72.5",
    "t_tot_center": 72.5,
    "best_t_tot": 71.5945024445288,
    "best_amp": 10.666570506722183,
    "best_w_d": 0.003033247520550756,
    "best_value": 0.6222097458891611,
    "optimization_time": 1175.358276128769,
    "regime_bounds": {
        "amp": {
            "lower": 8.0,
            "upper": 10.666666666666666
        },
        "w_d": {
            "lower": 0.0028,
            "upper": 0.00314
        },
        "t_tot": {
            "lower": 71.25,
            "upper": 73.75
        }
    }
}