{
    "regime": "amp_0_wd_2_t110.0",
    "t_tot_center": 110.0,
    "best_t_tot": 108.75000818742156,
    "best_amp": 10.666666589414067,
    "best_w_d": 0.0036445341835444336,
    "best_value": 1.6712641694159385,
    "optimization_time": 1313.5062034130096,
    "regime_bounds": {
        "amp": {
            "lower": 8.0,
            "upper": 10.666666666666666
        },
        "w_d": {
            "lower": 0.0034799999999999996,
            "upper": 0.0038199999999999996
        },
        "t_tot": {
            "lower": 108.75,
            "upper": 111.25
        }
    }
}