{
    "regime": "amp_0_wd_2_t112.5",
    "t_tot_center": 112.5,
    "best_t_tot": 111.51383950572108,
    "best_amp": 10.666663899017479,
    "best_w_d": 0.0035653432969656442,
    "best_value": 1.6777456989679262,
    "optimization_time": 862.3138189315796,
    "regime_bounds": {
        "amp": {
            "lower": 8.0,
            "upper": 10.666666666666666
        },
        "w_d": {
            "lower": 0.0034799999999999996,
            "upper": 0.0038199999999999996
        },
        "t_tot": {
            "lower": 111.25,
            "upper": 113.75
        }
    }
}