{
    "regime": "amp_4_wd_2_t82.5",
    "t_tot_center": 82.5,
    "best_t_tot": 82.3211636144392,
    "best_amp": 18.731894193090074,
    "best_w_d": 0.003736108226998345,
    "best_value": 0.1749730081559208,
    "optimization_time": 783.4458498954773,
    "regime_bounds": {
        "amp": {
            "lower": 18.666666666666664,
            "upper": 21.333333333333332
        },
        "w_d": {
            "lower": 0.0034799999999999996,
            "upper": 0.0038199999999999996
        },
        "t_tot": {
            "lower": 81.25,
            "upper": 83.75
        }
    }
}