{
    "regime": "amp_1_wd_4_t97.5",
    "t_tot_center": 97.5,
    "best_t_tot": 96.27827744970504,
    "best_amp": 11.55441688936186,
    "best_w_d": 0.004190436798633245,
    "best_value": 1.503707274539798,
    "optimization_time": 5408.396070957184,
    "regime_bounds": {
        "amp": {
            "lower": 10.666666666666666,
            "upper": 13.333333333333332
        },
        "w_d": {
            "lower": 0.00416,
            "upper": 0.0045
        },
        "t_tot": {
            "lower": 96.25,
            "upper": 98.75
        }
    }
}