{
    "regime": "amp_2_wd_1_t115.0",
    "t_tot_center": 115.0,
    "best_t_tot": 113.75003289760672,
    "best_amp": 15.949879609897891,
    "best_w_d": 0.003354520217670356,
    "best_value": 0.9279758844868897,
    "optimization_time": 3298.8773188591003,
    "regime_bounds": {
        "amp": {
            "lower": 13.333333333333332,
            "upper": 16.0
        },
        "w_d": {
            "lower": 0.00314,
            "upper": 0.0034799999999999996
        },
        "t_tot": {
            "lower": 113.75,
            "upper": 116.25
        }
    }
}