{
    "regime": "amp_2_wd_0_t120.0",
    "t_tot_center": 120.0,
    "best_t_tot": 120.32643652831031,
    "best_amp": 15.999986159331197,
    "best_w_d": 0.003066017614197283,
    "best_value": 1.0507422061745315,
    "optimization_time": 1638.3534064292908,
    "regime_bounds": {
        "amp": {
            "lower": 13.333333333333332,
            "upper": 16.0
        },
        "w_d": {
            "lower": 0.0028,
            "upper": 0.00314
        },
        "t_tot": {
            "lower": 118.75,
            "upper": 121.25
        }
    }
}