{
    "regime": "amp_3_wd_1_t67.5",
    "t_tot_center": 67.5,
    "best_t_tot": 67.25893171444837,
    "best_amp": 18.551909953032453,
    "best_w_d": 0.0034798131594220537,
    "best_value": 0.01075581688351644,
    "optimization_time": 1670.4815142154694,
    "regime_bounds": {
        "amp": {
            "lower": 16.0,
            "upper": 18.666666666666664
        },
        "w_d": {
            "lower": 0.00314,
            "upper": 0.0034799999999999996
        },
        "t_tot": {
            "lower": 66.25,
            "upper": 68.75
        }
    }
}