{
    "detuning": 0.14,
    "t_duration": 125.0,
    "best_amp1": 2.5187324826975828,
    "best_amp2": 2.0365168476276856,
    "best_value": 0.003173772153098997,
    "optimization_time": 141.38794922828674
}