{
    "230.0": {
        "t_tot": 230.0,
        "best_amp": 1.7071286161013368,
        "best_w_d": 0.0031905978841899785,
        "best_ramp": 0.46222332871437816,
        "best_value": 0.028328983659425377,
        "optimization_time": 4391.450646877289,
        "budget_used": 4000
    },
    "50.0": {
        "t_tot": 50.0,
        "best_amp": 14.893086762669098,
        "best_w_d": 0.003325735874170857,
        "best_ramp": 0.24045795279336082,
        "best_value": 0.0006296119023148083,
        "optimization_time": 3900.9269785881042,
        "budget_used": 4000
    },
    "210.0": {
        "t_tot": 210.0,
        "best_amp": 1.730850012196902,
        "best_w_d": 0.0034431136947856945,
        "best_ramp": 0.4915568962162568,
        "best_value": 0.10320860783585772,
        "optimization_time": 4335.303039073944,
        "budget_used": 4000
    },
    "180.0": {
        "t_tot": 180.0,
        "best_amp": 1.770514650654302,
        "best_w_d": 0.003975535883081469,
        "best_ramp": 0.4999999979214464,
        "best_value": 0.30521284628736345,
        "optimization_time": 4241.390239477158,
        "budget_used": 4000
    },
    "80.0": {
        "t_tot": 80.0,
        "best_amp": 16.107706904399414,
        "best_w_d": 0.004192801774244991,
        "best_ramp": 0.16247554589632116,
        "best_value": 0.0004749461297686164,
        "optimization_time": 3998.7732586860657,
        "budget_used": 4000
    },
    "200.0": {
        "t_tot": 200.0,
        "best_amp": 1.743436209612446,
        "best_w_d": 0.003595746817786426,
        "best_ramp": 0.49999999990351945,
        "best_value": 0.1586181302549895,
        "optimization_time": 4295.1774644851685,
        "budget_used": 4000
    },
    "130.0": {
        "t_tot": 130.0,
        "best_amp": 10.814359474548864,
        "best_w_d": 0.003249829667708781,
        "best_ramp": 0.1427899371084988,
        "best_value": 1.7155515566580348e-05,
        "optimization_time": 4080.5473051071167,
        "budget_used": 4000
    },
    "250.0": {
        "t_tot": 250.0,
        "best_amp": 1.6906486141836599,
        "best_w_d": 0.003002024491608557,
        "best_ramp": 0.4039161409637154,
        "best_value": 0.0002956229011910061,
        "optimization_time": 4403.136741876602,
        "budget_used": 4000
    },
    "100.0": {
        "t_tot": 100.0,
        "best_amp": 14.578621344127725,
        "best_w_d": 0.0033068113513111492,
        "best_ramp": 0.15342849061063343,
        "best_value": 0.0004062853169742864,
        "optimization_time": 4050.0721101760864,
        "budget_used": 4000
    },
    "220.0": {
        "t_tot": 220.0,
        "best_amp": 1.718668440105231,
        "best_w_d": 0.0033088214509589663,
        "best_ramp": 0.47907868103084017,
        "best_value": 0.059797392888202516,
        "optimization_time": 4369.118575811386,
        "budget_used": 4000
    },
    "150.0": {
        "t_tot": 150.0,
        "best_amp": 9.718358388188335,
        "best_w_d": 0.003341411635407714,
        "best_ramp": 0.09446314628830849,
        "best_value": 1.2749739876860566e-05,
        "optimization_time": 4144.701293706894,
        "budget_used": 4000
    },
    "120.0": {
        "t_tot": 120.0,
        "best_amp": 12.071758864914303,
        "best_w_d": 0.0034258779195206453,
        "best_ramp": 0.12000053111027942,
        "best_value": 3.527492084154371e-05,
        "optimization_time": 4088.3821227550507,
        "budget_used": 4000
    },
    "160.0": {
        "t_tot": 160.0,
        "best_amp": 9.096701538379687,
        "best_w_d": 0.003486141196653757,
        "best_ramp": 0.07866043232434985,
        "best_value": 5.254236531193612e-06,
        "optimization_time": 4160.1624138355255,
        "budget_used": 4000
    },
    "240.0": {
        "t_tot": 240.0,
        "best_amp": 1.6977298581774192,
        "best_w_d": 0.0030906645900664114,
        "best_ramp": 0.4358518807962011,
        "best_value": 0.008584458601445188,
        "optimization_time": 4408.8503677845,
        "budget_used": 4000
    },
    "140.0": {
        "t_tot": 140.0,
        "best_amp": 7.981824664300103,
        "best_w_d": 0.0037352813502736283,
        "best_ramp": 0.08204065519992208,
        "best_value": 3.0237565354473972e-05,
        "optimization_time": 4121.090020418167,
        "budget_used": 4000
    },
    "170.0": {
        "t_tot": 170.0,
        "best_amp": 0.5514749522601043,
        "best_w_d": 0.0030310391996835146,
        "best_ramp": 0.4999981190166655,
        "best_value": 0.49079210758755276,
        "optimization_time": 4176.543971300125,
        "budget_used": 4000
    },
    "60.0": {
        "t_tot": 60.0,
        "best_amp": 18.629758485771667,
        "best_w_d": 0.003096767498839877,
        "best_ramp": 0.21317705421279315,
        "best_value": 0.0019487777707447584,
        "optimization_time": 3974.053675889969,
        "budget_used": 4000
    },
    "110.0": {
        "t_tot": 110.0,
        "best_amp": 9.870604850540744,
        "best_w_d": 0.003446480787002977,
        "best_ramp": 0.09205777727998139,
        "best_value": 7.944682656446655e-05,
        "optimization_time": 4015.835197210312,
        "budget_used": 4000
    },
    "190.0": {
        "t_tot": 190.0,
        "best_amp": 1.7572826550363736,
        "best_w_d": 0.003775371523240897,
        "best_ramp": 0.49999999995942346,
        "best_value": 0.22604386334932347,
        "optimization_time": 4265.323851823807,
        "budget_used": 4000
    },
    "90.0": {
        "t_tot": 90.0,
        "best_amp": 12.494816947422294,
        "best_w_d": 0.0039580186804560975,
        "best_ramp": 0.19380763115909289,
        "best_value": 8.509824028890556e-06,
        "optimization_time": 3999.9066574573517,
        "budget_used": 4000
    },
    "70.0": {
        "t_tot": 70.0,
        "best_amp": 17.326102689380654,
        "best_w_d": 0.004162030538871409,
        "best_ramp": 0.19807555391066628,
        "best_value": 0.0004951038825208309,
        "optimization_time": 3999.5025672912598,
        "budget_used": 4000
    }
}