{
    "t_tot": 240.0,
    "best_amp": 1.6977298581774192,
    "best_w_d": 0.0030906645900664114,
    "best_ramp": 0.4358518807962011,
    "best_value": 0.008584458601445188,
    "optimization_time": 4408.8503677845,
    "budget_used": 4000
}