{
    "t_tot": 170.0,
    "best_amp": 0.5514749522601043,
    "best_w_d": 0.0030310391996835146,
    "best_ramp": 0.4999981190166655,
    "best_value": 0.49079210758755276,
    "optimization_time": 4176.543971300125,
    "budget_used": 4000
}