{
    "t_tot": 120.0,
    "best_amp": 12.071758864914303,
    "best_w_d": 0.0034258779195206453,
    "best_ramp": 0.12000053111027942,
    "best_value": 3.527492084154371e-05,
    "optimization_time": 4088.3821227550507,
    "budget_used": 4000
}