{
    "t_tot": 100.0,
    "best_amp": 14.578621344127725,
    "best_w_d": 0.0033068113513111492,
    "best_ramp": 0.15342849061063343,
    "best_value": 0.0004062853169742864,
    "optimization_time": 4050.0721101760864,
    "budget_used": 4000
}