{
    "t_tot": 230.0,
    "best_amp": 1.7071286161013368,
    "best_w_d": 0.0031905978841899785,
    "best_ramp": 0.46222332871437816,
    "best_value": 0.028328983659425377,
    "optimization_time": 4391.450646877289,
    "budget_used": 4000
}