{
    "t_tot": 190.0,
    "best_amp": 1.7572826550363736,
    "best_w_d": 0.003775371523240897,
    "best_ramp": 0.49999999995942346,
    "best_value": 0.22604386334932347,
    "optimization_time": 4265.323851823807,
    "budget_used": 4000
}