{
    "t_tot": 110.0,
    "best_amp": 9.870604850540744,
    "best_w_d": 0.003446480787002977,
    "best_ramp": 0.09205777727998139,
    "best_value": 7.944682656446655e-05,
    "optimization_time": 4015.835197210312,
    "budget_used": 4000
}