{
    "t_tot": 150.0,
    "best_amp": 9.718358388188335,
    "best_w_d": 0.003341411635407714,
    "best_ramp": 0.09446314628830849,
    "best_value": 1.2749739876860566e-05,
    "optimization_time": 4144.701293706894,
    "budget_used": 4000
}