{
    "t_tot": 140.0,
    "best_amp": 7.981824664300103,
    "best_w_d": 0.0037352813502736283,
    "best_ramp": 0.08204065519992208,
    "best_value": 3.0237565354473972e-05,
    "optimization_time": 4121.090020418167,
    "budget_used": 4000
}