{
    "t_tot": 130.0,
    "best_amp": 10.814359474548864,
    "best_w_d": 0.003249829667708781,
    "best_ramp": 0.1427899371084988,
    "best_value": 1.7155515566580348e-05,
    "optimization_time": 4080.5473051071167,
    "budget_used": 4000
}