{
    "detuning": 0.22500000000000003,
    "t_duration": 80.0,
    "best_amp1": 2.3556641605664943,
    "best_amp2": 2.256103647043912,
    "best_value": 3.67826028857543e-07,
    "optimization_time": 4445.585107326508
}