{
    "detuning": 0.18000000000000002,
    "t_duration": 72.5,
    "best_amp1": 2.0107103596466662,
    "best_amp2": 1.9448544506490955,
    "best_value": 1.45988522848306e-06,
    "optimization_time": 2462.763810634613
}