{
    "detuning": 0.39,
    "t_duration": 102.5,
    "best_amp1": 3.7748832914792483,
    "best_amp2": 3.270868405951619,
    "best_value": 4.5702991613438826e-08,
    "optimization_time": 1821.8050847053528
}