{
    "detuning": 0.18500000000000003,
    "t_duration": 50.0,
    "best_amp1": 1.7329337910914322,
    "best_amp2": 1.6662757652239695,
    "best_value": 2.1788998237015633e-05,
    "optimization_time": 1340.3258745670319
}