{
    "detuning": 0.32500000000000007,
    "t_duration": 80.0,
    "best_amp1": 2.910390501772194,
    "best_amp2": 2.674355276109439,
    "best_value": 0.0004897235975187542,
    "optimization_time": 1847.6847896575928
}