{
    "detuning": 0.275,
    "t_duration": 125.0,
    "best_amp1": 3.2217863999956298,
    "best_amp2": 3.0588640109625156,
    "best_value": 1.6781516832153898e-05,
    "optimization_time": 1898.0316128730774
}