{
    "detuning": 0.22000000000000003,
    "t_duration": 50.0,
    "best_amp1": 1.8941067297869576,
    "best_amp2": 1.8020580583694255,
    "best_value": 1.6021795331444544e-05,
    "optimization_time": 2314.200519800186
}