{
    "detuning": 0.4,
    "t_duration": 75.0,
    "best_amp1": 3.5914068668790358,
    "best_amp2": 2.866234356620181,
    "best_value": 1.4968152113326028e-06,
    "optimization_time": 3080.1105024814606
}