{
    "detuning": 0.25,
    "t_duration": 125.0,
    "best_amp1": 3.059351792458008,
    "best_amp2": 2.9256777067778765,
    "best_value": 8.798810235965959e-08,
    "optimization_time": 4264.848882675171
}