{
    "detuning": 0.115,
    "t_duration": 125.0,
    "best_amp1": 2.070011132838407,
    "best_amp2": 2.032778778896329,
    "best_value": 2.341436673436448e-06,
    "optimization_time": 2157.3956270217896
}