{
    "detuning": 0.18500000000000003,
    "t_duration": 65.0,
    "best_amp1": 1.941867897675742,
    "best_amp2": 1.8739133755689221,
    "best_value": 1.8941453311382972e-06,
    "optimization_time": 2466.3696360588074
}