{
    "detuning": 0.33000000000000007,
    "t_duration": 65.0,
    "best_amp1": 2.697114965959013,
    "best_amp2": 2.4451775537725116,
    "best_value": 0.001447013416234988,
    "optimization_time": 1574.5185253620148
}