{
    "detuning": 0.15000000000000002,
    "t_duration": 125.0,
    "best_amp1": 2.3570863934394937,
    "best_amp2": 2.3013674666365946,
    "best_value": 1.0325865040794469e-07,
    "optimization_time": 2480.5076444149017
}