{
    "detuning": 0.29000000000000004,
    "t_duration": 102.5,
    "best_amp1": 3.0288768051433674,
    "best_amp2": 2.8522170084492955,
    "best_value": 2.529745268819994e-08,
    "optimization_time": 1777.5764932632446
}