{
    "detuning": 0.125,
    "t_duration": 117.5,
    "best_amp1": 2.0946403544749685,
    "best_amp2": 2.0531918065674453,
    "best_value": 7.856547438178652e-07,
    "optimization_time": 2296.647382259369
}