{
    "detuning": 0.3400000000000001,
    "t_duration": 87.5,
    "best_amp1": 3.1205581687617205,
    "best_amp2": 2.8476599710576598,
    "best_value": 0.001431129311513124,
    "optimization_time": 1672.9520440101624
}