{
    "detuning": 0.3700000000000001,
    "t_duration": 117.5,
    "best_amp1": 3.782270657707867,
    "best_amp2": 3.4055346520912564,
    "best_value": 3.1366569829271995e-05,
    "optimization_time": 1839.7234196662903
}