{
    "detuning": 0.29500000000000004,
    "t_duration": 87.5,
    "best_amp1": 2.848269862080784,
    "best_amp2": 2.6675707824237596,
    "best_value": 1.853866938850146e-07,
    "optimization_time": 1649.6775951385498
}