{
    "detuning": 0.16500000000000004,
    "t_duration": 72.5,
    "best_amp1": 1.9257861343556584,
    "best_amp2": 1.868781403659532,
    "best_value": 6.665954144224884e-07,
    "optimization_time": 2829.06032037735
}