{
    "detuning": 0.13,
    "t_duration": 80.0,
    "best_amp1": 1.7925069246536405,
    "best_amp2": 1.7525502581601844,
    "best_value": 1.2447591838715688e-05,
    "optimization_time": 1421.3262627124786
}