{
    "detuning": 0.31500000000000006,
    "t_duration": 50.0,
    "best_amp1": 2.3486334888914144,
    "best_amp2": 2.1239651559482016,
    "best_value": 0.0010353880802268511,
    "optimization_time": 2885.418956756592
}