{
    "detuning": 0.26,
    "t_duration": 125.0,
    "best_amp1": 3.124483564835143,
    "best_amp2": 2.979877516239912,
    "best_value": 3.13201682611286e-06,
    "optimization_time": 2112.29966711998
}