{
    "detuning": 0.39,
    "t_duration": 125.0,
    "best_amp1": 4.0805963380423576,
    "best_amp2": 3.5938378678626712,
    "best_value": 1.6779910239073104e-08,
    "optimization_time": 4561.941964626312
}