{
    "detuning": 0.255,
    "t_duration": 110.0,
    "best_amp1": 2.9132571144930033,
    "best_amp2": 2.7782160346945064,
    "best_value": 1.685693717945469e-06,
    "optimization_time": 3736.9812018871307
}