{
    "detuning": 0.14,
    "t_duration": 50.0,
    "best_amp1": 1.513798832014505,
    "best_amp2": 1.4716028815828093,
    "best_value": 1.5388456832132746e-05,
    "optimization_time": 2123.3353922367096
}