{
    "detuning": 0.30000000000000004,
    "t_duration": 50.0,
    "best_amp1": 2.269436570497509,
    "best_amp2": 2.076619091852205,
    "best_value": 0.00023956865541829853,
    "optimization_time": 1194.8141069412231
}