{
    "detuning": 0.30500000000000005,
    "t_duration": 50.0,
    "best_amp1": 2.2953175649459334,
    "best_amp2": 2.092437562607856,
    "best_value": 0.00041908860748507415,
    "optimization_time": 913.4324259757996
}