{
    "detuning": 0.16500000000000004,
    "t_duration": 87.5,
    "best_amp1": 2.0961488236743024,
    "best_amp2": 2.0370611605626427,
    "best_value": 2.189651341022447e-06,
    "optimization_time": 2968.5528242588043
}