{
    "detuning": 0.3450000000000001,
    "t_duration": 80.0,
    "best_amp1": 3.0376781371469463,
    "best_amp2": 2.748777303071078,
    "best_value": 0.0018503235282949504,
    "optimization_time": 4493.840044021606
}