{
    "detuning": 0.23000000000000004,
    "t_duration": 117.5,
    "best_amp1": 2.8438941480891047,
    "best_amp2": 2.7316361366021433,
    "best_value": 5.8295660299023666e-08,
    "optimization_time": 2575.3935520648956
}