{
    "detuning": 0.3500000000000001,
    "t_duration": 102.5,
    "best_amp1": 3.4122119082679614,
    "best_amp2": 3.110484324581468,
    "best_value": 0.0013262479041962205,
    "optimization_time": 4441.294801712036
}