{
    "detuning": 0.32500000000000007,
    "t_duration": 72.5,
    "best_amp1": 2.7910783705303737,
    "best_amp2": 2.5541719944588506,
    "best_value": 0.0007058450839210195,
    "optimization_time": 1701.2439484596252
}