{
    "detuning": 0.12000000000000001,
    "t_duration": 100.0,
    "best_amp1": 1.9075296900055136,
    "best_amp2": 1.870209764120142,
    "best_value": 5.821363970870408e-07,
    "optimization_time": 2815.6534910202026
}