{
    "detuning": 0.13,
    "t_duration": 110.0,
    "best_amp1": 2.07102481724147,
    "best_amp2": 2.0278729778091718,
    "best_value": 2.2535637953513543e-06,
    "optimization_time": 1918.1687858104706
}