{
    "detuning": 0.3400000000000001,
    "t_duration": 110.0,
    "best_amp1": 3.4487103794893508,
    "best_amp2": 3.1740516813565653,
    "best_value": 0.0009603743963506606,
    "optimization_time": 1982.811674118042
}