{
    "detuning": 0.13,
    "t_duration": 125.0,
    "best_amp1": 2.1949298108238655,
    "best_amp2": 2.1646131678812477,
    "best_value": 1.0391978340074104e-06,
    "optimization_time": 1866.3411495685577
}