{
    "detuning": 0.21000000000000002,
    "t_duration": 80.0,
    "best_amp1": 2.2727019049761883,
    "best_amp2": 2.18511151713795,
    "best_value": 1.1268263877539653e-06,
    "optimization_time": 2871.269145011902
}