{
    "detuning": 0.28500000000000003,
    "t_duration": 95.0,
    "best_amp1": 2.8968936985653837,
    "best_amp2": 2.729188839582061,
    "best_value": 1.132381096002888e-06,
    "optimization_time": 1869.09006857872
}