{
    "detuning": 0.1,
    "t_duration": 95.0,
    "best_amp1": 1.709252341305629,
    "best_amp2": 1.6810585605619734,
    "best_value": 1.8062530423135215e-05,
    "optimization_time": 4564.4605967998505
}