{
    "detuning": 0.22000000000000003,
    "t_duration": 75.0,
    "best_amp1": 2.261431018192368,
    "best_amp2": 2.1668852395244476,
    "best_value": 3.285297423882838e-06,
    "optimization_time": 1135.7227320671082
}