{
    "detuning": 0.24500000000000002,
    "t_duration": 125.0,
    "best_amp1": 3.0265922826051495,
    "best_amp2": 2.8981162665512206,
    "best_value": 2.5805444114901377e-08,
    "optimization_time": 4872.0270829200745
}