{
    "detuning": 0.255,
    "t_duration": 102.5,
    "best_amp1": 2.8197001097880374,
    "best_amp2": 2.686590712983281,
    "best_value": 3.3437204539632503e-06,
    "optimization_time": 1939.8561053276062
}