{
    "detuning": 0.16000000000000003,
    "t_duration": 75.0,
    "best_amp1": 1.9258443860288692,
    "best_amp2": 1.8712768160154964,
    "best_value": 1.0830410424045311e-06,
    "optimization_time": 2490.3050820827484
}