{
    "detuning": 0.11000000000000001,
    "t_duration": 125.0,
    "best_amp1": 2.026141091794331,
    "best_amp2": 1.991242355588484,
    "best_value": 7.040172383954157e-07,
    "optimization_time": 4820.558505773544
}