{
    "detuning": 0.32000000000000006,
    "t_duration": 80.0,
    "best_amp1": 2.880468100390906,
    "best_amp2": 2.655419384173312,
    "best_value": 0.0002426667036852237,
    "optimization_time": 1537.1855130195618
}