{
    "detuning": 0.19000000000000003,
    "t_duration": 80.0,
    "best_amp1": 2.1596044215002306,
    "best_amp2": 2.086210977405711,
    "best_value": 1.5103077504186047e-06,
    "optimization_time": 3176.4010882377625
}