{
    "detuning": 0.14500000000000002,
    "t_duration": 117.5,
    "best_amp1": 2.252216702086428,
    "best_amp2": 2.200273341320133,
    "best_value": 2.4663711406525124e-07,
    "optimization_time": 4329.105336666107
}