{
    "detuning": 0.32500000000000007,
    "t_duration": 117.5,
    "best_amp1": 3.4505267272680107,
    "best_amp2": 3.2088595205134265,
    "best_value": 5.6471782040601326e-05,
    "optimization_time": 1893.0158677101135
}