{
    "detuning": 0.135,
    "t_duration": 72.5,
    "best_amp1": 1.7470537166680884,
    "best_amp2": 1.7054853523780933,
    "best_value": 1.4772461370826662e-06,
    "optimization_time": 1280.6609263420105
}