{
    "detuning": 0.38,
    "t_duration": 80.0,
    "best_amp1": 3.3353188243039864,
    "best_amp2": 2.8768140110388805,
    "best_value": 4.451468119326396e-05,
    "optimization_time": 3470.4751880168915
}