{
    "detuning": 0.3450000000000001,
    "t_duration": 102.5,
    "best_amp1": 3.376730549558716,
    "best_amp2": 3.089737525596808,
    "best_value": 0.0013534428016914735,
    "optimization_time": 4414.912818670273
}