{
    "detuning": 0.21000000000000002,
    "t_duration": 57.5,
    "best_amp1": 1.962867273906415,
    "best_amp2": 1.8784489172988974,
    "best_value": 9.204421129616058e-06,
    "optimization_time": 2735.7535610198975
}