{
    "detuning": 0.22000000000000003,
    "t_duration": 125.0,
    "best_amp1": 2.8604091384940338,
    "best_amp2": 2.7552918236322737,
    "best_value": 1.282121849799367e-07,
    "optimization_time": 1614.6930809020996
}