{
    "detuning": 0.22000000000000003,
    "t_duration": 50.0,
    "best_amp1": 1.8941070628898216,
    "best_amp2": 1.8020726673446945,
    "best_value": 1.6017899826636928e-05,
    "optimization_time": 890.2101633548737
}