{
    "detuning": 0.18000000000000002,
    "t_duration": 100.0,
    "best_amp1": 2.327190111587828,
    "best_amp2": 2.2569589707257536,
    "best_value": 1.7244931893589666e-07,
    "optimization_time": 1330.6007313728333
}