{
    "detuning": 0.28500000000000003,
    "t_duration": 57.5,
    "best_amp1": 2.324889316264313,
    "best_amp2": 2.160741076788281,
    "best_value": 2.166808089165695e-05,
    "optimization_time": 1358.4847359657288
}