{
    "detuning": 0.23500000000000004,
    "t_duration": 65.0,
    "best_amp1": 2.1972209367217093,
    "best_amp2": 2.091332668141046,
    "best_value": 3.711310918808053e-06,
    "optimization_time": 2457.086234331131
}