{
    "detuning": 0.32000000000000006,
    "t_duration": 100.0,
    "best_amp1": 3.1775118613641493,
    "best_amp2": 2.950252871402291,
    "best_value": 5.55985402787007e-05,
    "optimization_time": 4161.319743871689
}