{
    "detuning": 0.38,
    "t_duration": 72.5,
    "best_amp1": 3.2250597819232953,
    "best_amp2": 2.748317747809468,
    "best_value": 0.00010565254677752378,
    "optimization_time": 3583.4999198913574
}