{
    "detuning": 0.24500000000000002,
    "t_duration": 110.0,
    "best_amp1": 2.851432406964013,
    "best_amp2": 2.726774296441227,
    "best_value": 5.0715441957116525e-08,
    "optimization_time": 4766.027575969696
}