{
    "detuning": 0.3500000000000001,
    "t_duration": 110.0,
    "best_amp1": 3.519141441045507,
    "best_amp2": 3.216776688265682,
    "best_value": 0.0012200878199746246,
    "optimization_time": 4502.999794721603
}