{
    "detuning": 0.31000000000000005,
    "t_duration": 95.0,
    "best_amp1": 3.044698623147609,
    "best_amp2": 2.8375330996263584,
    "best_value": 5.982310645191724e-06,
    "optimization_time": 1792.862191915512
}