{
    "detuning": 0.30000000000000004,
    "t_duration": 125.0,
    "best_amp1": 3.3836334544925393,
    "best_amp2": 3.1853497385655376,
    "best_value": 2.416897959545139e-08,
    "optimization_time": 4491.283887624741
}