{
    "detuning": 0.255,
    "t_duration": 125.0,
    "best_amp1": 3.0919662877075758,
    "best_amp2": 2.9529434380035697,
    "best_value": 1.6155959603469938e-07,
    "optimization_time": 4964.084059476852
}