{
    "detuning": 0.3450000000000001,
    "t_duration": 72.5,
    "best_amp1": 2.9175747040257547,
    "best_amp2": 2.6255338386206555,
    "best_value": 0.002098934703971711,
    "optimization_time": 1263.9357345104218
}