{
    "detuning": 0.24000000000000002,
    "t_duration": 65.0,
    "best_amp1": 2.2222418232285124,
    "best_amp2": 2.111694522088943,
    "best_value": 6.325415362273823e-06,
    "optimization_time": 1655.4789552688599
}