{
    "detuning": 0.22000000000000003,
    "t_duration": 100.0,
    "best_amp1": 2.57815936516563,
    "best_amp2": 2.478611979990616,
    "best_value": 3.9007818031233654e-07,
    "optimization_time": 1373.4790687561035
}