{
    "detuning": 0.22000000000000003,
    "t_duration": 87.5,
    "best_amp1": 2.424917041733413,
    "best_amp2": 2.327977092759792,
    "best_value": 2.166793493629804e-06,
    "optimization_time": 2093.8686439990997
}