{
    "detuning": 0.31000000000000005,
    "t_duration": 102.5,
    "best_amp1": 3.1504747307993646,
    "best_amp2": 2.941658593942721,
    "best_value": 2.189244465156115e-06,
    "optimization_time": 1707.2960665225983
}