{
    "detuning": 0.14,
    "t_duration": 117.5,
    "best_amp1": 2.213680276066846,
    "best_amp2": 2.1645302570789924,
    "best_value": 1.1613367245644213e-06,
    "optimization_time": 5152.422249317169
}