{
    "detuning": 0.26,
    "t_duration": 57.5,
    "best_amp1": 2.2023719640449486,
    "best_amp2": 2.0714115966260915,
    "best_value": 0.00014261702726370284,
    "optimization_time": 2790.5258486270905
}