{
    "detuning": 0.1,
    "t_duration": 125.0,
    "best_amp1": 1.9356224473859225,
    "best_amp2": 1.9052813145798,
    "best_value": 4.447217783365431e-06,
    "optimization_time": 3671.3212814331055
}