{
    "detuning": 0.255,
    "t_duration": 80.0,
    "best_amp1": 2.5187759836572967,
    "best_amp2": 2.3908387468349637,
    "best_value": 2.218946003007538e-05,
    "optimization_time": 2336.527228832245
}