{
    "detuning": 0.1,
    "t_duration": 75.0,
    "best_amp1": 1.5396973494417854,
    "best_amp2": 1.5128984326763826,
    "best_value": 6.088240936985567e-05,
    "optimization_time": 2427.0427339076996
}