{
    "detuning": 0.3450000000000001,
    "t_duration": 65.0,
    "best_amp1": 2.793864177231293,
    "best_amp2": 2.4962595097142777,
    "best_value": 0.0024209810642987772,
    "optimization_time": 3572.991999387741
}