{
    "detuning": 0.13,
    "t_duration": 57.5,
    "best_amp1": 1.5510894614784463,
    "best_amp2": 1.5131043628737635,
    "best_value": 6.250231564208786e-05,
    "optimization_time": 1140.2840445041656
}