{
    "detuning": 0.14,
    "t_duration": 125.0,
    "best_amp1": 2.2782652262340792,
    "best_amp2": 2.228166066260826,
    "best_value": 7.635819876394834e-07,
    "optimization_time": 1516.8422396183014
}