{
    "detuning": 0.15000000000000002,
    "t_duration": 80.0,
    "best_amp1": 1.9208227545979706,
    "best_amp2": 1.870987480400609,
    "best_value": 9.334258338489221e-07,
    "optimization_time": 3621.395890712738
}