{
    "detuning": 0.12000000000000001,
    "t_duration": 125.0,
    "best_amp1": 2.1131249247738983,
    "best_amp2": 2.0734278588482953,
    "best_value": 1.8005422697253692e-07,
    "optimization_time": 1528.6592192649841
}