{
    "detuning": 0.265,
    "t_duration": 102.5,
    "best_amp1": 2.8793841091593535,
    "best_amp2": 2.7351883559377645,
    "best_value": 3.0580204152808044e-05,
    "optimization_time": 3718.9368715286255
}