{
    "detuning": 0.25,
    "t_duration": 110.0,
    "best_amp1": 2.8823892820348207,
    "best_amp2": 2.7526470468929287,
    "best_value": 1.7716855593707947e-07,
    "optimization_time": 5066.0785529613495
}