{
    "detuning": 0.32000000000000006,
    "t_duration": 110.0,
    "best_amp1": 3.316698182733444,
    "best_amp2": 3.087188025053322,
    "best_value": 2.4116443993693615e-05,
    "optimization_time": 1806.3911905288696
}