{
    "detuning": 0.30500000000000005,
    "t_duration": 87.5,
    "best_amp1": 2.887438750060638,
    "best_amp2": 2.7033186486030503,
    "best_value": 3.768346201082906e-06,
    "optimization_time": 1403.530016899109
}