{
    "detuning": 0.3400000000000001,
    "t_duration": 57.5,
    "best_amp1": 2.632402065571442,
    "best_amp2": 2.3438470118573607,
    "best_value": 0.0026881704788703775,
    "optimization_time": 3119.9804785251617
}