{
    "detuning": 0.28,
    "t_duration": 100.0,
    "best_amp1": 2.935623296400791,
    "best_amp2": 2.773466386204235,
    "best_value": 8.7918501309181e-06,
    "optimization_time": 4332.714985132217
}