{
    "detuning": 0.3750000000000001,
    "t_duration": 117.5,
    "best_amp1": 3.826581167077593,
    "best_amp2": 3.4265550180698807,
    "best_value": 3.0709107043946915e-06,
    "optimization_time": 1993.2865190505981
}