{
    "detuning": 0.22500000000000003,
    "t_duration": 50.0,
    "best_amp1": 1.9168259264200889,
    "best_amp2": 1.820569084677026,
    "best_value": 1.7378348838414936e-05,
    "optimization_time": 4309.039915561676
}