{
    "detuning": 0.30000000000000004,
    "t_duration": 50.0,
    "best_amp1": 2.2694376137151138,
    "best_amp2": 2.076602802244605,
    "best_value": 0.00023956881355835513,
    "optimization_time": 2992.617757797241
}