{
    "detuning": 0.25,
    "t_duration": 65.0,
    "best_amp1": 4.382302091124342,
    "best_amp2": 4.195763599526469,
    "best_value": 3.744024785801159e-05,
    "optimization_time": 2128.8338034152985
}