{
    "detuning": 0.14500000000000002,
    "t_duration": 87.5,
    "best_amp1": 1.9673231083556344,
    "best_amp2": 1.9191564265776795,
    "best_value": 1.3837315380182957e-06,
    "optimization_time": 3146.9397468566895
}