{
    "detuning": 0.19000000000000003,
    "t_duration": 110.0,
    "best_amp1": 2.499472826572064,
    "best_amp2": 2.420736491869215,
    "best_value": 2.4336097803612233e-08,
    "optimization_time": 3734.8292803764343
}