{
    "detuning": 0.4,
    "t_duration": 50.0,
    "best_amp1": 3.804163141633069,
    "best_amp2": 2.376124662450397,
    "best_value": 0.009667159503323197,
    "optimization_time": 2429.9235792160034
}