{
    "detuning": 0.115,
    "t_duration": 95.0,
    "best_amp1": 1.826193038404222,
    "best_amp2": 1.7915802245094685,
    "best_value": 5.5034731660796865e-08,
    "optimization_time": 4647.29735994339
}