{
    "detuning": 0.16000000000000003,
    "t_duration": 117.5,
    "best_amp1": 2.3645413280126784,
    "best_amp2": 2.303970839734947,
    "best_value": 3.7088240478766465e-08,
    "optimization_time": 4118.670112848282
}