{
    "detuning": 0.24000000000000002,
    "t_duration": 72.5,
    "best_amp1": 2.3322785342590766,
    "best_amp2": 2.2207031684065237,
    "best_value": 2.521178253722667e-06,
    "optimization_time": 3153.6269121170044
}