{
    "detuning": 0.14500000000000002,
    "t_duration": 125.0,
    "best_amp1": 2.3175611488870453,
    "best_amp2": 2.264793875768923,
    "best_value": 3.56296445791493e-07,
    "optimization_time": 3263.910653591156
}