{
    "detuning": 0.3650000000000001,
    "t_duration": 87.5,
    "best_amp1": 3.305588188904779,
    "best_amp2": 2.9432921340275042,
    "best_value": 0.00048773578062311085,
    "optimization_time": 1915.246836900711
}