{
    "detuning": 0.27,
    "t_duration": 110.0,
    "best_amp1": 3.00541860329099,
    "best_amp2": 2.853274744570469,
    "best_value": 3.3413121419245684e-05,
    "optimization_time": 1952.4744799137115
}