{
    "detuning": 0.24000000000000002,
    "t_duration": 75.0,
    "best_amp1": 2.367880791310731,
    "best_amp2": 2.25585856484911,
    "best_value": 1.267893171341683e-06,
    "optimization_time": 2667.597359895706
}