{
    "detuning": 0.38,
    "t_duration": 87.5,
    "best_amp1": 3.4462335005979248,
    "best_amp2": 2.999380961371439,
    "best_value": 1.729792055760182e-05,
    "optimization_time": 3481.781713962555
}