{
    "detuning": 0.28500000000000003,
    "t_duration": 110.0,
    "best_amp1": 3.0976017514777263,
    "best_amp2": 2.925974089119589,
    "best_value": 2.806686016931792e-07,
    "optimization_time": 1747.3043041229248
}