{
    "detuning": 0.20500000000000002,
    "t_duration": 57.5,
    "best_amp1": 1.9386307038379775,
    "best_amp2": 1.8579383785947043,
    "best_value": 9.412374392114842e-07,
    "optimization_time": 4215.537524700165
}