{
    "detuning": 0.3550000000000001,
    "t_duration": 125.0,
    "best_amp1": 3.7624123328712855,
    "best_amp2": 3.441966298003545,
    "best_value": 0.0007458227407785012,
    "optimization_time": 3545.0380964279175
}