{
    "detuning": 0.23500000000000004,
    "t_duration": 72.5,
    "best_amp1": 2.306163439810781,
    "best_amp2": 2.19919013750016,
    "best_value": 7.928552476776929e-07,
    "optimization_time": 1936.1214051246643
}