{
    "detuning": 0.20500000000000002,
    "t_duration": 50.0,
    "best_amp1": 1.8256145478195702,
    "best_amp2": 1.7453046981055385,
    "best_value": 1.6066106471535058e-05,
    "optimization_time": 2566.7947068214417
}