{
    "detuning": 0.385,
    "t_duration": 50.0,
    "best_amp1": 3.0490300667257415,
    "best_amp2": 2.3461457938802313,
    "best_value": 0.0004777620652918202,
    "optimization_time": 1541.3339219093323
}