{
    "detuning": 0.28500000000000003,
    "t_duration": 125.0,
    "best_amp1": 3.286297291709836,
    "best_amp2": 3.110334638779158,
    "best_value": 1.246940747323677e-07,
    "optimization_time": 1839.4732167720795
}