{
    "detuning": 0.27,
    "t_duration": 65.0,
    "best_amp1": 2.3726153011474063,
    "best_amp2": 2.2294934905426995,
    "best_value": 0.00010149537639880801,
    "optimization_time": 1542.013487815857
}