{
    "detuning": 0.3550000000000001,
    "t_duration": 110.0,
    "best_amp1": 3.5563785032769863,
    "best_amp2": 3.237940238752085,
    "best_value": 0.0009130784451885088,
    "optimization_time": 3337.1478741168976
}