{
    "detuning": 0.3350000000000001,
    "t_duration": 87.5,
    "best_amp1": 3.0881108605989134,
    "best_amp2": 2.8282915147733463,
    "best_value": 0.0010459423514289634,
    "optimization_time": 3819.637246131897
}