{
    "detuning": 0.24000000000000002,
    "t_duration": 50.0,
    "best_amp1": 1.984872710250914,
    "best_amp2": 1.8748338079547322,
    "best_value": 5.3118999259194055e-05,
    "optimization_time": 821.7460291385651
}