{
    "detuning": 0.31000000000000005,
    "t_duration": 50.0,
    "best_amp1": 2.3218294730575275,
    "best_amp2": 2.108124450766633,
    "best_value": 0.0006805831955083441,
    "optimization_time": 1301.9497227668762
}