{
    "detuning": 0.16000000000000003,
    "t_duration": 50.0,
    "best_amp1": 1.613442901583024,
    "best_amp2": 1.5613112275837064,
    "best_value": 9.726861579295587e-06,
    "optimization_time": 2133.563968896866
}