{
    "detuning": 0.38,
    "t_duration": 125.0,
    "best_amp1": 3.975573754287722,
    "best_amp2": 3.550922757591495,
    "best_value": 3.5098194683946815e-08,
    "optimization_time": 3719.8693475723267
}