{
    "detuning": 0.135,
    "t_duration": 57.5,
    "best_amp1": 1.5789827484345391,
    "best_amp2": 1.5387428729048116,
    "best_value": 7.075762567754218e-06,
    "optimization_time": 1118.0696277618408
}