{
    "detuning": 0.22500000000000003,
    "t_duration": 102.5,
    "best_amp1": 2.638448149959276,
    "best_amp2": 2.534130044437833,
    "best_value": 1.4918481516801307e-07,
    "optimization_time": 4567.631489753723
}