{
    "detuning": 0.3650000000000001,
    "t_duration": 125.0,
    "best_amp1": 3.8424042105107414,
    "best_amp2": 3.485956709403985,
    "best_value": 0.0001089367059132762,
    "optimization_time": 2084.5885627269745
}