{
    "detuning": 0.12000000000000001,
    "t_duration": 57.5,
    "best_amp1": 1.49405093722435,
    "best_amp2": 1.4603711086013254,
    "best_value": 2.768883629045149e-07,
    "optimization_time": 2482.303477048874
}