{
    "detuning": 0.3350000000000001,
    "t_duration": 95.0,
    "best_amp1": 3.200420368259762,
    "best_amp2": 2.9404057967195487,
    "best_value": 0.0008590942807794599,
    "optimization_time": 2424.3138148784637
}