{
    "detuning": 0.1,
    "t_duration": 87.5,
    "best_amp1": 1.6477656539531615,
    "best_amp2": 1.6200804471165549,
    "best_value": 7.274480135599504e-06,
    "optimization_time": 5167.901771068573
}