{
    "detuning": 0.15500000000000003,
    "t_duration": 125.0,
    "best_amp1": 2.395653648280121,
    "best_amp2": 2.3370871042097043,
    "best_value": 5.231010766770794e-07,
    "optimization_time": 2434.6971752643585
}