{
    "detuning": 0.29500000000000004,
    "t_duration": 102.5,
    "best_amp1": 3.0589445481388955,
    "best_amp2": 2.8746324530886413,
    "best_value": 7.588335737551688e-08,
    "optimization_time": 1810.3971099853516
}