{
    "detuning": 0.395,
    "t_duration": 87.5,
    "best_amp1": 3.640097514502711,
    "best_amp2": 3.0562684958195248,
    "best_value": 1.3499909856662384e-07,
    "optimization_time": 3971.932594060898
}