{
    "detuning": 0.39,
    "t_duration": 57.5,
    "best_amp1": 3.2053039271221886,
    "best_amp2": 2.510521576385016,
    "best_value": 8.255106579591054e-05,
    "optimization_time": 3159.8322212696075
}