{
    "detuning": 0.3650000000000001,
    "t_duration": 80.0,
    "best_amp1": 3.1901562598042257,
    "best_amp2": 2.822459397010051,
    "best_value": 0.0006565102342207529,
    "optimization_time": 1567.147718667984
}