{
    "detuning": 0.18000000000000002,
    "t_duration": 102.5,
    "best_amp1": 2.3538746328520483,
    "best_amp2": 2.2832193188345227,
    "best_value": 6.003295253131924e-07,
    "optimization_time": 4382.487632513046
}