{
    "detuning": 0.18500000000000003,
    "t_duration": 95.0,
    "best_amp1": 2.30444324396541,
    "best_amp2": 2.2317986361017907,
    "best_value": 4.75490846141291e-07,
    "optimization_time": 2001.618010520935
}