{
    "detuning": 0.21000000000000002,
    "t_duration": 65.0,
    "best_amp1": 2.071229210785285,
    "best_amp2": 1.986001959751909,
    "best_value": 4.370752656912558e-06,
    "optimization_time": 2941.364148378372
}