{
    "detuning": 0.275,
    "t_duration": 117.5,
    "best_amp1": 3.130317291647443,
    "best_amp2": 2.969824578125838,
    "best_value": 1.6364388900513838e-05,
    "optimization_time": 2173.158011674881
}