{
    "detuning": 0.33000000000000007,
    "t_duration": 50.0,
    "best_amp1": 2.436464549707903,
    "best_amp2": 2.1697931555888705,
    "best_value": 0.0024894097472779597,
    "optimization_time": 1081.9304192066193
}