{
    "detuning": 0.3650000000000001,
    "t_duration": 110.0,
    "best_amp1": 3.635539821220809,
    "best_amp2": 3.2796135229051138,
    "best_value": 0.0002010931592509868,
    "optimization_time": 3736.774052143097
}