{
    "detuning": 0.3550000000000001,
    "t_duration": 50.0,
    "best_amp1": 2.6199515469638226,
    "best_amp2": 2.247070243257785,
    "best_value": 0.0032935743868606204,
    "optimization_time": 1349.080940246582
}