{
    "detuning": 0.3400000000000001,
    "t_duration": 75.0,
    "best_amp1": 2.9246134646524884,
    "best_amp2": 2.6491938996998985,
    "best_value": 0.0018176344899114572,
    "optimization_time": 3707.652534723282
}