{
    "detuning": 0.195,
    "t_duration": 110.0,
    "best_amp1": 2.5326656156587872,
    "best_amp2": 2.4503766579413204,
    "best_value": 2.6552628551446134e-07,
    "optimization_time": 2380.6188254356384
}