{
    "detuning": 0.115,
    "t_duration": 87.5,
    "best_amp1": 1.7598908669574498,
    "best_amp2": 1.7259604937337651,
    "best_value": 3.405190706406991e-06,
    "optimization_time": 2891.4168021678925
}