{
    "detuning": 0.3750000000000001,
    "t_duration": 57.5,
    "best_amp1": 2.9467055158027446,
    "best_amp2": 2.4582855156542784,
    "best_value": 0.0007994013970741287,
    "optimization_time": 3598.044090270996
}