{
    "detuning": 0.23000000000000004,
    "t_duration": 50.0,
    "best_amp1": 1.9395248266758018,
    "best_amp2": 1.8388649072657597,
    "best_value": 1.8505138585367398e-05,
    "optimization_time": 1434.2662687301636
}