{
    "detuning": 0.26,
    "t_duration": 75.0,
    "best_amp1": 2.4617598108358685,
    "best_amp2": 2.340374171949949,
    "best_value": 6.305816808038767e-05,
    "optimization_time": 2696.557192325592
}