{
    "detuning": 0.18000000000000002,
    "t_duration": 110.0,
    "best_amp1": 2.4321636857015756,
    "best_amp2": 2.360217336892336,
    "best_value": 1.0308017106552825e-08,
    "optimization_time": 4009.3714966773987
}