{
    "detuning": 0.31500000000000006,
    "t_duration": 72.5,
    "best_amp1": 2.732787954421778,
    "best_amp2": 2.5178122184616614,
    "best_value": 0.00019521315564541286,
    "optimization_time": 2253.318832874298
}