{
    "detuning": 0.125,
    "t_duration": 80.0,
    "best_amp1": 1.7592380530455225,
    "best_amp2": 1.7215604248937586,
    "best_value": 1.6689030414296369e-06,
    "optimization_time": 2552.762321472168
}