{
    "detuning": 0.3750000000000001,
    "t_duration": 72.5,
    "best_amp1": 3.1690558523029653,
    "best_amp2": 2.730036738657601,
    "best_value": 0.0002540430719052411,
    "optimization_time": 1559.485960483551
}