{
    "detuning": 0.31500000000000006,
    "t_duration": 95.0,
    "best_amp1": 3.075156443981366,
    "best_amp2": 2.858541102837063,
    "best_value": 2.458071425692765e-05,
    "optimization_time": 1721.1849360466003
}