{
    "detuning": 0.24500000000000002,
    "t_duration": 57.5,
    "best_amp1": 2.1305539431621887,
    "best_amp2": 2.0157262177915696,
    "best_value": 4.108146684378422e-05,
    "optimization_time": 4120.6341416835785
}