{
    "detuning": 0.15000000000000002,
    "t_duration": 50.0,
    "best_amp1": 1.5640998817285974,
    "best_amp2": 1.5171145224109144,
    "best_value": 5.547406374428743e-05,
    "optimization_time": 1241.1069884300232
}