{
    "detuning": 0.3500000000000001,
    "t_duration": 95.0,
    "best_amp1": 3.302105509582179,
    "best_amp2": 3.0019916601083105,
    "best_value": 0.0014513891335941054,
    "optimization_time": 4229.167330026627
}