{
    "detuning": 0.395,
    "t_duration": 80.0,
    "best_amp1": 3.543266109519102,
    "best_amp2": 2.9323371108897676,
    "best_value": 6.605641484913605e-07,
    "optimization_time": 4209.849592208862
}