{
    "detuning": 0.385,
    "t_duration": 95.0,
    "best_amp1": 3.609973205313474,
    "best_amp2": 3.1366520805937754,
    "best_value": 4.28741701696822e-07,
    "optimization_time": 3435.384965658188
}