{
    "detuning": 0.275,
    "t_duration": 72.5,
    "best_amp1": 2.514993323442391,
    "best_amp2": 2.3648496120175873,
    "best_value": 4.908274574499938e-05,
    "optimization_time": 1550.491630077362
}