{
    "detuning": 0.39,
    "t_duration": 80.0,
    "best_amp1": 3.4627340205852564,
    "best_amp2": 2.9134994291507206,
    "best_value": 2.010067162050433e-06,
    "optimization_time": 2669.704912662506
}