{
    "detuning": 0.14500000000000002,
    "t_duration": 65.0,
    "best_amp1": 1.7230851204980326,
    "best_amp2": 1.6774538027217125,
    "best_value": 2.0194369416470792e-05,
    "optimization_time": 2651.7356050014496
}