{
    "detuning": 0.32000000000000006,
    "t_duration": 125.0,
    "best_amp1": 3.5155534742986707,
    "best_amp2": 3.2818897602037493,
    "best_value": 6.122265012731276e-06,
    "optimization_time": 4559.95076084137
}