{
    "detuning": 0.16000000000000003,
    "t_duration": 80.0,
    "best_amp1": 1.9824721896414093,
    "best_amp2": 1.9272604147432328,
    "best_value": 1.5898162974981034e-07,
    "optimization_time": 1684.3565850257874
}