{
    "detuning": 0.12000000000000001,
    "t_duration": 50.0,
    "best_amp1": 1.4084029895199723,
    "best_amp2": 1.3750923623405715,
    "best_value": 1.9758039397355098e-05,
    "optimization_time": 2039.9636685848236
}