{
    "detuning": 0.10500000000000001,
    "t_duration": 80.0,
    "best_amp1": 1.6202514040460203,
    "best_amp2": 1.591129099784802,
    "best_value": 3.693540563487474e-05,
    "optimization_time": 3481.6538553237915
}