{
    "detuning": 0.195,
    "t_duration": 102.5,
    "best_amp1": 2.4510441977118087,
    "best_amp2": 2.37018498332006,
    "best_value": 9.873342732280577e-08,
    "optimization_time": 3572.7580931186676
}