{
    "detuning": 0.2,
    "t_duration": 57.5,
    "best_amp1": 1.914267022324792,
    "best_amp2": 1.8371388784600906,
    "best_value": 5.461012698049217e-06,
    "optimization_time": 2366.6911537647247
}