{
    "detuning": 0.21000000000000002,
    "t_duration": 87.5,
    "best_amp1": 2.3671776243691522,
    "best_amp2": 2.2781623617450757,
    "best_value": 1.1244381937780545e-06,
    "optimization_time": 2164.9488575458527
}