{
    "detuning": 0.22000000000000003,
    "t_duration": 65.0,
    "best_amp1": 2.1218295059583476,
    "best_amp2": 2.028840664894439,
    "best_value": 7.265517194765536e-06,
    "optimization_time": 3215.6329185962677
}