{
    "detuning": 0.2,
    "t_duration": 100.0,
    "best_amp1": 2.454683513798418,
    "best_amp2": 2.3707057934474407,
    "best_value": 1.2530808490840428e-07,
    "optimization_time": 1208.1211268901825
}