{
    "detuning": 0.2,
    "t_duration": 50.0,
    "best_amp1": 1.802627878069185,
    "best_amp2": 1.7259100356282837,
    "best_value": 4.905231485441419e-06,
    "optimization_time": 871.767603635788
}