{
    "detuning": 0.18000000000000002,
    "t_duration": 50.0,
    "best_amp1": 1.7094209703113223,
    "best_amp2": 1.6458648544471741,
    "best_value": 6.551874215388054e-06,
    "optimization_time": 794.4275658130646
}