{
    "detuning": 0.12000000000000001,
    "t_duration": 75.0,
    "best_amp1": 1.6767817995668586,
    "best_amp2": 1.6417618181945064,
    "best_value": 2.6667637682553647e-06,
    "optimization_time": 932.4169156551361
}