{
    "detuning": 0.24000000000000002,
    "t_duration": 102.5,
    "best_amp1": 2.7296129015898627,
    "best_amp2": 2.6116827086171774,
    "best_value": 5.8467224506308924e-08,
    "optimization_time": 4180.271330118179
}