{
    "detuning": 0.125,
    "t_duration": 72.5,
    "best_amp1": 1.6841307135539758,
    "best_amp2": 1.6471390946908164,
    "best_value": 6.583977559593279e-06,
    "optimization_time": 3773.0845334529877
}