{
    "detuning": 0.28,
    "t_duration": 72.5,
    "best_amp1": 2.5413929132942457,
    "best_amp2": 2.38463023905285,
    "best_value": 2.0702491585589122e-05,
    "optimization_time": 1558.326994895935
}