{
    "detuning": 0.17,
    "t_duration": 117.5,
    "best_amp1": 2.437091583865854,
    "best_amp2": 2.3703637170566205,
    "best_value": 7.278907987462446e-08,
    "optimization_time": 1990.7646927833557
}