{
    "detuning": 0.26,
    "t_duration": 100.0,
    "best_amp1": 2.817429768392356,
    "best_amp2": 2.679519646475775,
    "best_value": 1.6126907762648024e-05,
    "optimization_time": 3020.5565407276154
}