{
    "detuning": 0.32000000000000006,
    "t_duration": 57.5,
    "best_amp1": 2.510077710892839,
    "best_amp2": 2.278961797540167,
    "best_value": 0.0009708829522315776,
    "optimization_time": 1471.3864686489105
}