{
    "detuning": 0.18000000000000002,
    "t_duration": 75.0,
    "best_amp1": 2.0414723542192714,
    "best_amp2": 1.9752798721029954,
    "best_value": 2.5670522452170275e-06,
    "optimization_time": 1042.6936864852905
}