{
    "detuning": 0.14500000000000002,
    "t_duration": 95.0,
    "best_amp1": 2.0422654909669844,
    "best_amp2": 1.993181438161202,
    "best_value": 2.949284008124664e-07,
    "optimization_time": 4680.7590944767
}