{
    "detuning": 0.30500000000000005,
    "t_duration": 125.0,
    "best_amp1": 3.416296812547117,
    "best_amp2": 3.209848726093322,
    "best_value": 3.985562924135877e-08,
    "optimization_time": 2140.310592651367
}