{
    "detuning": 0.16000000000000003,
    "t_duration": 102.5,
    "best_amp1": 2.2195998300490594,
    "best_amp2": 2.161206146335859,
    "best_value": 1.2048546098597512e-06,
    "optimization_time": 2359.7774064540863
}