{
    "detuning": 0.3600000000000001,
    "t_duration": 57.5,
    "best_amp1": 2.786665459724464,
    "best_amp2": 2.408998955869334,
    "best_value": 0.002186277488396282,
    "optimization_time": 2933.1648910045624
}