{
    "detuning": 0.23500000000000004,
    "t_duration": 95.0,
    "best_amp1": 2.6065223171473533,
    "best_amp2": 2.495028043000501,
    "best_value": 2.5902519928955314e-07,
    "optimization_time": 3262.9769983291626
}