{
    "detuning": 0.16500000000000004,
    "t_duration": 80.0,
    "best_amp1": 2.012757364307699,
    "best_amp2": 1.9547411475586363,
    "best_value": 2.8738489560309333e-06,
    "optimization_time": 1865.167979001999
}