{
    "detuning": 0.26,
    "t_duration": 125.0,
    "best_amp1": 3.1244980480805173,
    "best_amp2": 2.9798997091950112,
    "best_value": 3.1320166963277885e-06,
    "optimization_time": 4186.068097352982
}