{
    "detuning": 0.17500000000000002,
    "t_duration": 125.0,
    "best_amp1": 2.5453178619454255,
    "best_amp2": 2.474133400109344,
    "best_value": 1.5475012382637487e-09,
    "optimization_time": 5168.372780561447
}