{
    "detuning": 0.195,
    "t_duration": 57.5,
    "best_amp1": 1.8897634987071914,
    "best_amp2": 1.8160857290573653,
    "best_value": 7.619302792583049e-06,
    "optimization_time": 1366.2176287174225
}