{
    "detuning": 0.28,
    "t_duration": 125.0,
    "best_amp1": 3.2539443138556514,
    "best_amp2": 3.0848060686929224,
    "best_value": 4.402589683039082e-06,
    "optimization_time": 2360.182115793228
}