{
    "detuning": 0.18500000000000003,
    "t_duration": 57.5,
    "best_amp1": 1.8402953864424114,
    "best_amp2": 1.773161355941261,
    "best_value": 3.758909328466231e-06,
    "optimization_time": 2464.5749735832214
}