{
    "detuning": 0.265,
    "t_duration": 65.0,
    "best_amp1": 2.347299899409061,
    "best_amp2": 2.2102718524716143,
    "best_value": 0.00011221777343095596,
    "optimization_time": 1577.256052494049
}