{
    "detuning": 0.32500000000000007,
    "t_duration": 65.0,
    "best_amp1": 2.667314740312765,
    "best_amp2": 2.4281171528705516,
    "best_value": 0.001002713683092904,
    "optimization_time": 1780.6038219928741
}