{
    "detuning": 0.1,
    "t_duration": 125.0,
    "best_amp1": 1.9356323733596656,
    "best_amp2": 1.9052957826605303,
    "best_value": 4.446831452620259e-06,
    "optimization_time": 5570.643173217773
}