{
    "detuning": 0.22500000000000003,
    "t_duration": 57.5,
    "best_amp1": 2.0350307743199645,
    "best_amp2": 1.9386128388305048,
    "best_value": 3.1602067405156475e-06,
    "optimization_time": 2696.338870048523
}