{
    "detuning": 0.30000000000000004,
    "t_duration": 102.5,
    "best_amp1": 3.089278695170005,
    "best_amp2": 2.8973905812130583,
    "best_value": 6.26463513286879e-08,
    "optimization_time": 1760.1112241744995
}