{
    "detuning": 0.3650000000000001,
    "t_duration": 117.5,
    "best_amp1": 3.7402721962853844,
    "best_amp2": 3.384378537690267,
    "best_value": 0.00014814667031681772,
    "optimization_time": 3817.4109194278717
}