{
    "detuning": 0.32500000000000007,
    "t_duration": 102.5,
    "best_amp1": 3.2445838637324553,
    "best_amp2": 3.006387842561508,
    "best_value": 0.00014416967214503362,
    "optimization_time": 1905.7193071842194
}