{
    "detuning": 0.33000000000000007,
    "t_duration": 125.0,
    "best_amp1": 3.5832917345922914,
    "best_amp2": 3.3286136187993147,
    "best_value": 0.00013371779494275593,
    "optimization_time": 2214.7669796943665
}