{
    "detuning": 0.385,
    "t_duration": 125.0,
    "best_amp1": 4.025861834846284,
    "best_amp2": 3.572280349605152,
    "best_value": 4.459726976602241e-08,
    "optimization_time": 2530.391767978668
}