{
    "detuning": 0.12000000000000001,
    "t_duration": 102.5,
    "best_amp1": 1.9290863280627446,
    "best_amp2": 1.8915276064212496,
    "best_value": 4.802109871082649e-06,
    "optimization_time": 1793.0412318706512
}