{
    "detuning": 0.18500000000000003,
    "t_duration": 72.5,
    "best_amp1": 2.0384967910114025,
    "best_amp2": 1.9695132002625482,
    "best_value": 3.2442363652185335e-06,
    "optimization_time": 1741.331842660904
}