{
    "detuning": 0.3600000000000001,
    "t_duration": 50.0,
    "best_amp1": 2.667077587253016,
    "best_amp2": 2.2627747311125614,
    "best_value": 0.0029314879994299936,
    "optimization_time": 2362.8652000427246
}