{
    "detuning": 0.135,
    "t_duration": 65.0,
    "best_amp1": 1.66513299664321,
    "best_amp2": 1.6242849903925902,
    "best_value": 3.2192238368367043e-06,
    "optimization_time": 1362.064154624939
}