{
    "detuning": 0.385,
    "t_duration": 80.0,
    "best_amp1": 3.3946803394675498,
    "best_amp2": 2.8950198840625307,
    "best_value": 1.1072730364825034e-05,
    "optimization_time": 3226.918427467346
}