{
    "detuning": 0.15000000000000002,
    "t_duration": 72.5,
    "best_amp1": 1.8380972699537013,
    "best_amp2": 1.7891563326116873,
    "best_value": 5.167245964443623e-09,
    "optimization_time": 3167.45353102684
}