{
    "detuning": 0.17,
    "t_duration": 72.5,
    "best_amp1": 1.9543740341894247,
    "best_amp2": 1.894523036803,
    "best_value": 5.236185662393922e-06,
    "optimization_time": 3169.5379354953766
}