{
    "detuning": 0.38,
    "t_duration": 75.0,
    "best_amp1": 3.26152010355307,
    "best_amp2": 2.7921445916910224,
    "best_value": 8.016998911386519e-05,
    "optimization_time": 2617.18586063385
}