{
    "detuning": 0.11000000000000001,
    "t_duration": 65.0,
    "best_amp1": 1.5123443162023764,
    "best_amp2": 1.4822701328869274,
    "best_value": 4.2449403668487484e-05,
    "optimization_time": 3265.7134959697723
}