{
    "detuning": 0.30500000000000005,
    "t_duration": 72.5,
    "best_amp1": 2.67651028265955,
    "best_amp2": 2.4805073185096873,
    "best_value": 3.167564798411959e-05,
    "optimization_time": 2132.1189064979553
}