{
    "detuning": 0.31500000000000006,
    "t_duration": 117.5,
    "best_amp1": 3.384804811705795,
    "best_amp2": 3.16296296346788,
    "best_value": 2.0791824834054395e-06,
    "optimization_time": 2085.4573707580566
}