{
    "detuning": 0.19000000000000003,
    "t_duration": 72.5,
    "best_amp1": 2.0660353929156634,
    "best_amp2": 1.993810006618472,
    "best_value": 9.782165066862802e-08,
    "optimization_time": 2952.435120344162
}