{
    "detuning": 0.3400000000000001,
    "t_duration": 50.0,
    "best_amp1": 2.5021311680984315,
    "best_amp2": 2.2005035543873834,
    "best_value": 0.003309183541590266,
    "optimization_time": 3049.866478204727
}