{
    "detuning": 0.3700000000000001,
    "t_duration": 87.5,
    "best_amp1": 3.3490985459871854,
    "best_amp2": 2.96169062919426,
    "best_value": 0.00021437771682686346,
    "optimization_time": 2087.6559727191925
}