{
    "detuning": 0.255,
    "t_duration": 57.5,
    "best_amp1": 2.1783770876143382,
    "best_amp2": 2.0530357287925747,
    "best_value": 0.00010932247529238381,
    "optimization_time": 2766.000740289688
}