{
    "detuning": 0.385,
    "t_duration": 117.5,
    "best_amp1": 3.924570154970429,
    "best_amp2": 3.4684955553368435,
    "best_value": 5.332172936522994e-08,
    "optimization_time": 3633.256365299225
}