{
    "detuning": 0.21000000000000002,
    "t_duration": 95.0,
    "best_amp1": 2.458063490585963,
    "best_amp2": 2.3675740985198224,
    "best_value": 2.3983495645030217e-07,
    "optimization_time": 1904.9057981967926
}