{
    "detuning": 0.21500000000000002,
    "t_duration": 110.0,
    "best_amp1": 2.662350471338791,
    "best_amp2": 2.565135515434365,
    "best_value": 1.849237967976869e-06,
    "optimization_time": 2144.1757583618164
}