{
    "detuning": 0.10500000000000001,
    "t_duration": 110.0,
    "best_amp1": 1.8688673914834786,
    "best_amp2": 1.8373871810057134,
    "best_value": 5.864944373712433e-06,
    "optimization_time": 4486.970778226852
}