{
    "detuning": 0.14500000000000002,
    "t_duration": 102.5,
    "best_amp1": 2.11455842859625,
    "best_amp2": 2.064532776482065,
    "best_value": 9.324611749406131e-09,
    "optimization_time": 4503.015164852142
}