{
    "detuning": 0.31000000000000005,
    "t_duration": 87.5,
    "best_amp1": 2.817343044467484,
    "best_amp2": 2.8923543202182445,
    "best_value": 1.5383196524720866e-05,
    "optimization_time": 1880.3795351982117
}