{
    "detuning": 0.30500000000000005,
    "t_duration": 65.0,
    "best_amp1": 2.554723392938701,
    "best_amp2": 2.358304105352641,
    "best_value": 8.065385244793166e-05,
    "optimization_time": 1052.2894840240479
}