{
    "detuning": 0.275,
    "t_duration": 110.0,
    "best_amp1": 3.0361566049611635,
    "best_amp2": 2.8777552278578167,
    "best_value": 2.2108740019843864e-05,
    "optimization_time": 1860.3688271045685
}