{
    "detuning": 0.125,
    "t_duration": 102.5,
    "best_amp1": 1.9673750064498017,
    "best_amp2": 1.9274641450449865,
    "best_value": 2.906050239337432e-07,
    "optimization_time": 1798.689582824707
}