{
    "detuning": 0.13,
    "t_duration": 72.5,
    "best_amp1": 1.7158333133205417,
    "best_amp2": 1.6765887888137099,
    "best_value": 2.0338662314101086e-05,
    "optimization_time": 1776.836852312088
}