{
    "detuning": 0.28500000000000003,
    "t_duration": 65.0,
    "best_amp1": 2.4491484687177776,
    "best_amp2": 2.2856811739692735,
    "best_value": 1.009856705191936e-05,
    "optimization_time": 1589.6069831848145
}