{
    "detuning": 0.14500000000000002,
    "t_duration": 50.0,
    "best_amp1": 1.4643342885411632,
    "best_amp2": 1.5136786024057811,
    "best_value": 7.007182812324153e-05,
    "optimization_time": 3588.7607622146606
}