{
    "detuning": 0.24000000000000002,
    "t_duration": 100.0,
    "best_amp1": 2.6986861858126554,
    "best_amp2": 2.5813632555493786,
    "best_value": 9.050305826985294e-08,
    "optimization_time": 2828.5866708755493
}