{
    "detuning": 0.24000000000000002,
    "t_duration": 117.5,
    "best_amp1": 2.9083151243763607,
    "best_amp2": 2.7867040006538057,
    "best_value": 8.513832894241347e-08,
    "optimization_time": 3352.521100282669
}