{
    "detuning": 0.31500000000000006,
    "t_duration": 110.0,
    "best_amp1": 3.2846785225392625,
    "best_amp2": 3.0648319477252715,
    "best_value": 4.87434211460247e-06,
    "optimization_time": 2075.2759182453156
}