{
    "detuning": 0.24000000000000002,
    "t_duration": 125.0,
    "best_amp1": 2.9937185926922547,
    "best_amp2": 2.8702191194184685,
    "best_value": 3.344957910655921e-08,
    "optimization_time": 3068.0350086688995
}