{
    "detuning": 0.195,
    "t_duration": 125.0,
    "best_amp1": 2.688508039863247,
    "best_amp2": 2.6033328739817088,
    "best_value": 1.8091569686795594e-07,
    "optimization_time": 2518.6556482315063
}