{
    "detuning": 0.33000000000000007,
    "t_duration": 57.5,
    "best_amp1": 2.568757381036154,
    "best_amp2": 2.3114696808568875,
    "best_value": 0.0018881975245971239,
    "optimization_time": 2518.394010782242
}