{
    "detuning": 0.4,
    "t_duration": 72.5,
    "best_amp1": 3.5691539857862997,
    "best_amp2": 2.822720940593839,
    "best_value": 2.5802376464323373e-06,
    "optimization_time": 2474.2966208457947
}