{
    "detuning": 0.38,
    "t_duration": 110.0,
    "best_amp1": 3.7698120018656556,
    "best_amp2": 3.3410379941890587,
    "best_value": 3.7948786912878063e-07,
    "optimization_time": 2336.180638551712
}