{
    "detuning": 0.2,
    "t_duration": 102.5,
    "best_amp1": 2.482858058413649,
    "best_amp2": 2.3983915258596715,
    "best_value": 2.896209765346214e-07,
    "optimization_time": 4774.322059631348
}