{
    "detuning": 0.3650000000000001,
    "t_duration": 95.0,
    "best_amp1": 3.4183107523601044,
    "best_amp2": 3.059444746583262,
    "best_value": 0.00036340970328951894,
    "optimization_time": 2084.3629648685455
}