{
    "detuning": 0.25,
    "t_duration": 57.5,
    "best_amp1": 2.1544901619644,
    "best_amp2": 2.034439384799924,
    "best_value": 7.656121130128479e-05,
    "optimization_time": 1656.9698069095612
}