{
    "detuning": 0.17,
    "t_duration": 102.5,
    "best_amp1": 2.287486058663809,
    "best_amp2": 2.223126545072221,
    "best_value": 8.554530310789232e-07,
    "optimization_time": 2041.201222896576
}