{
    "detuning": 0.14,
    "t_duration": 65.0,
    "best_amp1": 1.6943037629764315,
    "best_amp2": 1.6510869204012728,
    "best_value": 1.0335653603643635e-05,
    "optimization_time": 4578.9023513793945
}