{
    "detuning": 0.3600000000000001,
    "t_duration": 100.0,
    "best_amp1": 3.45147529880429,
    "best_amp2": 3.1146702045035615,
    "best_value": 0.0006449229673461954,
    "optimization_time": 3450.718677520752
}