{
    "detuning": 0.265,
    "t_duration": 95.0,
    "best_amp1": 2.7808657351080086,
    "best_amp2": 2.6385471744029956,
    "best_value": 3.941024014109118e-05,
    "optimization_time": 1946.4548013210297
}