{
    "detuning": 0.31000000000000005,
    "t_duration": 80.0,
    "best_amp1": 2.821885355429762,
    "best_amp2": 2.616862279133767,
    "best_value": 3.699527968037408e-05,
    "optimization_time": 1753.07324552536
}