{
    "detuning": 0.28,
    "t_duration": 50.0,
    "best_amp1": 2.1704820844941604,
    "best_amp2": 2.0118209861504646,
    "best_value": 7.245612573780758e-05,
    "optimization_time": 3051.975755929947
}