{
    "detuning": 0.32000000000000006,
    "t_duration": 65.0,
    "best_amp1": 2.638280871227307,
    "best_amp2": 2.4109301109215497,
    "best_value": 0.0006274431469490693,
    "optimization_time": 1660.4637134075165
}