{
    "detuning": 0.3600000000000001,
    "t_duration": 125.0,
    "best_amp1": 3.8017150281485166,
    "best_amp2": 3.4641700863485765,
    "best_value": 0.00035812881718944034,
    "optimization_time": 3966.456156730652
}