{
    "detuning": 0.3450000000000001,
    "t_duration": 110.0,
    "best_amp1": 3.4833372004084855,
    "best_amp2": 3.1954382267610963,
    "best_value": 0.0012365275774754991,
    "optimization_time": 4606.315808773041
}