{
    "detuning": 0.2,
    "t_duration": 80.0,
    "best_amp1": 2.2165587467885963,
    "best_amp2": 2.1363011469994633,
    "best_value": 3.8410490843521217e-07,
    "optimization_time": 3906.0965309143066
}