{
    "detuning": 0.2,
    "t_duration": 125.0,
    "best_amp1": 2.7234471865437797,
    "best_amp2": 2.6345201266440057,
    "best_value": 6.442196620604079e-08,
    "optimization_time": 1538.5951142311096
}