{
    "detuning": 0.25,
    "t_duration": 102.5,
    "best_amp1": 2.789759199498069,
    "best_amp2": 2.661917751048995,
    "best_value": 3.5365906225770516e-07,
    "optimization_time": 3751.388684272766
}