{
    "detuning": 0.30000000000000004,
    "t_duration": 57.5,
    "best_amp1": 2.4014748295749118,
    "best_amp2": 2.2123925243628784,
    "best_value": 9.307692764493058e-05,
    "optimization_time": 1564.7382049560547
}