{
    "detuning": 0.14,
    "t_duration": 100.0,
    "best_amp1": 2.055211153397854,
    "best_amp2": 2.008110931437702,
    "best_value": 3.617934408728374e-07,
    "optimization_time": 1333.3092069625854
}