{
    "detuning": 0.29000000000000004,
    "t_duration": 95.0,
    "best_amp1": 2.926101309754698,
    "best_amp2": 2.75129601611892,
    "best_value": 7.932303380808747e-08,
    "optimization_time": 1425.5720555782318
}