{
    "detuning": 0.14,
    "t_duration": 102.5,
    "best_amp1": 2.078590755726629,
    "best_amp2": 2.0311952498309207,
    "best_value": 2.368992214729637e-06,
    "optimization_time": 4549.4925944805145
}