{
    "detuning": 0.3400000000000001,
    "t_duration": 72.5,
    "best_amp1": 2.8840903119222943,
    "best_amp2": 2.607709032300779,
    "best_value": 0.0019121944817320768,
    "optimization_time": 2618.260002374649
}