{
    "detuning": 0.3600000000000001,
    "t_duration": 95.0,
    "best_amp1": 3.377739523003871,
    "best_amp2": 3.0399604690418327,
    "best_value": 0.0007296820133215753,
    "optimization_time": 2222.496695995331
}