{
    "detuning": 0.23500000000000004,
    "t_duration": 57.5,
    "best_amp1": 2.082843588357711,
    "best_amp2": 1.9775882275555035,
    "best_value": 9.819382999154413e-06,
    "optimization_time": 1699.7209355831146
}