{
    "detuning": 0.15500000000000003,
    "t_duration": 87.5,
    "best_amp1": 2.032531807938285,
    "best_amp2": 1.9790695681903636,
    "best_value": 2.1165042937143497e-06,
    "optimization_time": 2901.137876033783
}