{
    "detuning": 0.30000000000000004,
    "t_duration": 100.0,
    "best_amp1": 3.0548791700738995,
    "best_amp2": 2.8636101172576764,
    "best_value": 1.2884415734326637e-07,
    "optimization_time": 4007.6012942790985
}