{
    "detuning": 0.115,
    "t_duration": 117.5,
    "best_amp1": 2.0118424755925863,
    "best_amp2": 1.9752595734586662,
    "best_value": 2.88383551982907e-06,
    "optimization_time": 4281.172943353653
}