{
    "detuning": 0.195,
    "t_duration": 50.0,
    "best_amp1": 1.7795348076421271,
    "best_amp2": 1.7062959267673656,
    "best_value": 8.971165296189909e-07,
    "optimization_time": 1500.387098789215
}