{
    "detuning": 0.22500000000000003,
    "t_duration": 87.5,
    "best_amp1": 2.453486822541299,
    "best_amp2": 2.3524208532209956,
    "best_value": 1.3287147537788258e-07,
    "optimization_time": 2987.667877435684
}