{
    "detuning": 0.32000000000000006,
    "t_duration": 50.0,
    "best_amp1": 2.3770934384202183,
    "best_amp2": 2.139109336838855,
    "best_value": 0.0014770976173875683,
    "optimization_time": 2948.593672275543
}