{
    "detuning": 0.18000000000000002,
    "t_duration": 117.5,
    "best_amp1": 2.5079910486853794,
    "best_amp2": 2.434790439169481,
    "best_value": 2.2500498519928414e-07,
    "optimization_time": 4966.01379442215
}