{
    "detuning": 0.21500000000000002,
    "t_duration": 80.0,
    "best_amp1": 2.3004983959711294,
    "best_amp2": 2.2089483217947903,
    "best_value": 5.864254492227161e-06,
    "optimization_time": 2319.1181795597076
}