{
    "detuning": 0.22500000000000003,
    "t_duration": 125.0,
    "best_amp1": 2.8940337758319976,
    "best_amp2": 2.7845477949145736,
    "best_value": 7.140405433592178e-08,
    "optimization_time": 3892.8519234657288
}