{
    "detuning": 0.2,
    "t_duration": 95.0,
    "best_amp1": 2.3973481471693496,
    "best_amp2": 2.314329325047476,
    "best_value": 1.635459478954715e-07,
    "optimization_time": 4651.063134670258
}