{
    "detuning": 0.4,
    "t_duration": 125.0,
    "best_amp1": 4.209807953466468,
    "best_amp2": 3.6368319103229276,
    "best_value": 1.3941352849933253e-08,
    "optimization_time": 3837.1354534626007
}