{
    "detuning": 0.19000000000000003,
    "t_duration": 102.5,
    "best_amp1": 2.4189519720267767,
    "best_amp2": 2.3415922896680423,
    "best_value": 4.2247581932830514e-07,
    "optimization_time": 4094.4531774520874
}