{
    "detuning": 0.32500000000000007,
    "t_duration": 110.0,
    "best_amp1": 3.349038814993582,
    "best_amp2": 3.1092894634580035,
    "best_value": 9.13802895178284e-05,
    "optimization_time": 2108.7060961723328
}