{
    "detuning": 0.3350000000000001,
    "t_duration": 110.0,
    "best_amp1": 3.4149865361402556,
    "best_amp2": 3.1526305683796587,
    "best_value": 0.0005734454250875265,
    "optimization_time": 3560.6937873363495
}