{
    "detuning": 0.17,
    "t_duration": 87.5,
    "best_amp1": 3.9978241650541566,
    "best_amp2": 3.8849928178544557,
    "best_value": 6.377961614401073e-06,
    "optimization_time": 2892.889563560486
}