{
    "detuning": 0.275,
    "t_duration": 87.5,
    "best_amp1": 2.734985317940291,
    "best_amp2": 2.582205855775972,
    "best_value": 3.418812549549344e-05,
    "optimization_time": 2921.2804391384125
}