{
    "detuning": 0.39,
    "t_duration": 72.5,
    "best_amp1": 3.363166164201447,
    "best_amp2": 2.784814161930884,
    "best_value": 8.65899882085408e-06,
    "optimization_time": 2820.927399158478
}