{
    "detuning": 0.24000000000000002,
    "t_duration": 80.0,
    "best_amp1": 2.437544008926012,
    "best_amp2": 2.3246085412088147,
    "best_value": 8.327472362790189e-07,
    "optimization_time": 4642.7825174331665
}