{
    "detuning": 0.255,
    "t_duration": 117.5,
    "best_amp1": 3.003923129807122,
    "best_amp2": 2.8668999102295296,
    "best_value": 5.137416686507024e-07,
    "optimization_time": 2764.503475666046
}