{
    "detuning": 0.27,
    "t_duration": 117.5,
    "best_amp1": 3.0991974777200166,
    "best_amp2": 2.944792906031773,
    "best_value": 2.732202874022871e-05,
    "optimization_time": 2259.1881527900696
}