{
    "detuning": 0.33000000000000007,
    "t_duration": 110.0,
    "best_amp1": 3.3818353182148195,
    "best_amp2": 3.1310804072084886,
    "best_value": 0.00026239836531782856,
    "optimization_time": 1796.0868113040924
}