{
    "detuning": 0.23000000000000004,
    "t_duration": 65.0,
    "best_amp1": 2.1721578323862483,
    "best_amp2": 2.070735434820337,
    "best_value": 9.009852118824213e-07,
    "optimization_time": 3026.162811756134
}