{
    "detuning": 0.38,
    "t_duration": 100.0,
    "best_amp1": 3.628035616699995,
    "best_amp2": 3.1936010848186083,
    "best_value": 2.64242235081813e-06,
    "optimization_time": 2804.6694827079773
}