{
    "detuning": 0.20500000000000002,
    "t_duration": 117.5,
    "best_amp1": 2.6793147190681834,
    "best_amp2": 2.588068347780283,
    "best_value": 1.0557077390060954e-07,
    "optimization_time": 5077.158626794815
}