{
    "detuning": 0.20500000000000002,
    "t_duration": 65.0,
    "best_amp1": 2.045625144930685,
    "best_amp2": 1.9641140280919678,
    "best_value": 3.771212933711965e-06,
    "optimization_time": 3783.2876138687134
}