{
    "detuning": 0.31000000000000005,
    "t_duration": 117.5,
    "best_amp1": 3.3524514013472997,
    "best_amp2": 3.139637171473158,
    "best_value": 2.9671334988989884e-07,
    "optimization_time": 1854.4534492492676
}