{
    "detuning": 0.4,
    "t_duration": 95.0,
    "best_amp1": 3.8221994744709176,
    "best_amp2": 3.195557746438232,
    "best_value": 3.618992594489612e-08,
    "optimization_time": 2307.692343711853
}