{
    "detuning": 0.30500000000000005,
    "t_duration": 57.5,
    "best_amp1": 2.4277681874828896,
    "best_amp2": 2.2292912017378526,
    "best_value": 0.00019069026870410788,
    "optimization_time": 1225.780033826828
}