{
    "detuning": 0.14,
    "t_duration": 50.0,
    "best_amp1": 1.5135596585840494,
    "best_amp2": 1.4714225203313667,
    "best_value": 1.538845671511524e-05,
    "optimization_time": 847.8045029640198
}