{
    "detuning": 0.195,
    "t_duration": 95.0,
    "best_amp1": 2.3666475657979014,
    "best_amp2": 2.2871907340946875,
    "best_value": 4.438801360917566e-07,
    "optimization_time": 1688.0963797569275
}