{
    "detuning": 0.12000000000000001,
    "t_duration": 87.5,
    "best_amp1": 1.7958792257687362,
    "best_amp2": 1.7597582733631363,
    "best_value": 1.0625223129112626e-05,
    "optimization_time": 3649.014654636383
}