{
    "detuning": 0.28500000000000003,
    "t_duration": 87.5,
    "best_amp1": 2.791364083259602,
    "best_amp2": 2.625314433357196,
    "best_value": 2.1893997959043787e-06,
    "optimization_time": 1908.2018961906433
}