{
    "detuning": 0.28,
    "t_duration": 125.0,
    "best_amp1": 3.2539956580880927,
    "best_amp2": 3.0848007300696,
    "best_value": 4.360037701212072e-06,
    "optimization_time": 4922.869920253754
}