{
    "detuning": 0.24500000000000002,
    "t_duration": 65.0,
    "best_amp1": 2.266659111731602,
    "best_amp2": 2.1105091832923315,
    "best_value": 1.6662785626619936e-05,
    "optimization_time": 1663.1196575164795
}