{
    "detuning": 0.26,
    "t_duration": 50.0,
    "best_amp1": 2.076291165075751,
    "best_amp2": 1.9447483129914562,
    "best_value": 0.0002063613922559382,
    "optimization_time": 2373.3703694343567
}