{
    "detuning": 0.125,
    "t_duration": 57.5,
    "best_amp1": 1.5230657014444025,
    "best_amp2": 1.4878265119328515,
    "best_value": 5.4847659177958974e-05,
    "optimization_time": 1502.8432207107544
}