{
    "detuning": 0.16000000000000003,
    "t_duration": 125.0,
    "best_amp1": 2.4337764285435632,
    "best_amp2": 2.372119705336847,
    "best_value": 7.621922815115312e-08,
    "optimization_time": 1520.1562836170197
}