{
    "detuning": 0.33000000000000007,
    "t_duration": 80.0,
    "best_amp1": 2.9408365035816324,
    "best_amp2": 2.693122145022708,
    "best_value": 0.0008484534835604407,
    "optimization_time": 2000.5931775569916
}