{
    "detuning": 0.24000000000000002,
    "t_duration": 87.5,
    "best_amp1": 2.5385985345399282,
    "best_amp2": 2.424080750835724,
    "best_value": 2.3943230187395415e-07,
    "optimization_time": 4352.653588294983
}