{
    "detuning": 0.3600000000000001,
    "t_duration": 75.0,
    "best_amp1": 3.0696866405107124,
    "best_amp2": 2.721197295708728,
    "best_value": 0.0012439552428532563,
    "optimization_time": 3642.3788170814514
}