{
    "detuning": 0.25,
    "t_duration": 117.5,
    "best_amp1": 2.9721520220166435,
    "best_amp2": 2.8404683021389374,
    "best_value": 1.4996905750574996e-07,
    "optimization_time": 2103.6537516117096
}