{
    "detuning": 0.21500000000000002,
    "t_duration": 57.5,
    "best_amp1": 1.986986278828981,
    "best_amp2": 1.8987009374886819,
    "best_value": 1.6260739953199987e-05,
    "optimization_time": 2945.3587934970856
}