{
    "detuning": 0.12000000000000001,
    "t_duration": 50.0,
    "best_amp1": 1.4084031030247568,
    "best_amp2": 1.3750920328124725,
    "best_value": 1.9758039980999342e-05,
    "optimization_time": 1306.709451675415
}