{
    "detuning": 0.395,
    "t_duration": 95.0,
    "best_amp1": 3.7400927583717607,
    "best_amp2": 3.175662040690482,
    "best_value": 2.5419790938840947e-08,
    "optimization_time": 4345.720105171204
}