{
    "detuning": 0.18000000000000002,
    "t_duration": 95.0,
    "best_amp1": 2.272915046668706,
    "best_amp2": 2.2035155816112155,
    "best_value": 5.072604490896637e-07,
    "optimization_time": 3877.343534708023
}