{
    "detuning": 0.395,
    "t_duration": 72.5,
    "best_amp1": 3.4537107999471535,
    "best_amp2": 2.8034032037092684,
    "best_value": 2.2554272918196006e-06,
    "optimization_time": 3841.855362892151
}