{
    "detuning": 0.395,
    "t_duration": 65.0,
    "best_amp1": 3.3804809190388463,
    "best_amp2": 2.669226515003376,
    "best_value": 8.726497303102043e-06,
    "optimization_time": 3737.092539548874
}