{
    "detuning": 0.32000000000000006,
    "t_duration": 75.0,
    "best_amp1": 2.801984545254074,
    "best_amp2": 2.576398792073612,
    "best_value": 0.00033770418143430625,
    "optimization_time": 3541.8326649665833
}