{
    "detuning": 0.21000000000000002,
    "t_duration": 50.0,
    "best_amp1": 1.8485325127988281,
    "best_amp2": 1.7644628696706781,
    "best_value": 1.7842476689233777e-05,
    "optimization_time": 1508.412413597107
}