{
    "detuning": 0.20500000000000002,
    "t_duration": 80.0,
    "best_amp1": 2.2447235024416106,
    "best_amp2": 2.16086104579974,
    "best_value": 1.22163250626528e-06,
    "optimization_time": 2708.743602991104
}