{
    "detuning": 0.12000000000000001,
    "t_duration": 117.5,
    "best_amp1": 2.0536028848447625,
    "best_amp2": 2.0146481879966416,
    "best_value": 9.007842179942216e-07,
    "optimization_time": 3684.841914653778
}