{
    "detuning": 0.29000000000000004,
    "t_duration": 110.0,
    "best_amp1": 3.128380819482048,
    "best_amp2": 2.949701502705047,
    "best_value": 3.0764732983357135e-08,
    "optimization_time": 1538.9861352443695
}