{
    "detuning": 0.265,
    "t_duration": 125.0,
    "best_amp1": 3.1567641728782916,
    "best_amp2": 3.0063811714072393,
    "best_value": 1.4324717855784819e-05,
    "optimization_time": 2447.211761713028
}