{
    "detuning": 0.32000000000000006,
    "t_duration": 125.0,
    "best_amp1": 3.515533888806558,
    "best_amp2": 3.281885623009344,
    "best_value": 6.121895542610112e-06,
    "optimization_time": 3878.790508747101
}