{
    "detuning": 0.14500000000000002,
    "t_duration": 110.0,
    "best_amp1": 2.184466289901164,
    "best_amp2": 2.1334915603024216,
    "best_value": 7.059056650327022e-08,
    "optimization_time": 3454.6512916088104
}