{
    "detuning": 0.28,
    "t_duration": 95.0,
    "best_amp1": 2.8677666176632677,
    "best_amp2": 2.7068960145508343,
    "best_value": 9.374225207192666e-06,
    "optimization_time": 3547.2600786685944
}