{
    "detuning": 0.3400000000000001,
    "t_duration": 100.0,
    "best_amp1": 3.306519710783807,
    "best_amp2": 3.0332884475485207,
    "best_value": 0.0011440573510237417,
    "optimization_time": 4233.692532777786
}