{
    "detuning": 0.3550000000000001,
    "t_duration": 95.0,
    "best_amp1": 3.3391854805303263,
    "best_amp2": 3.020276449810827,
    "best_value": 0.0011494217786957028,
    "optimization_time": 3162.763418197632
}