{
    "detuning": 0.38,
    "t_duration": 65.0,
    "best_amp1": 3.1165483446069238,
    "best_amp2": 2.6152494043955876,
    "best_value": 0.0002283189698781829,
    "optimization_time": 2932.8270654678345
}