{
    "detuning": 0.11000000000000001,
    "t_duration": 95.0,
    "best_amp1": 1.7878464403367325,
    "best_amp2": 1.7555268564405864,
    "best_value": 1.1850236329435937e-05,
    "optimization_time": 2826.7168214321136
}