{
    "detuning": 0.32000000000000006,
    "t_duration": 117.5,
    "best_amp1": 3.4174351465747916,
    "best_amp2": 3.1860139936567475,
    "best_value": 1.2388570644561447e-05,
    "optimization_time": 1796.3102667331696
}