{
    "detuning": 0.3400000000000001,
    "t_duration": 125.0,
    "best_amp1": 3.652332439413862,
    "best_amp2": 3.3742446421003676,
    "best_value": 0.0007402361064692276,
    "optimization_time": 4887.5070769786835
}