{
    "detuning": 0.30000000000000004,
    "t_duration": 125.0,
    "best_amp1": 3.3836350566594033,
    "best_amp2": 3.185340494119273,
    "best_value": 2.4199689918624756e-08,
    "optimization_time": 4585.139154911041
}