{
    "detuning": 0.14,
    "t_duration": 72.5,
    "best_amp1": 1.7778123785847424,
    "best_amp2": 1.7338509918553024,
    "best_value": 8.042252602979971e-06,
    "optimization_time": 3819.406238794327
}