{
    "detuning": 0.265,
    "t_duration": 50.0,
    "best_amp1": 2.0995625872288195,
    "best_amp2": 1.9616131954331448,
    "best_value": 0.00020132898220714956,
    "optimization_time": 1018.4145560264587
}