{
    "detuning": 0.2,
    "t_duration": 72.5,
    "best_amp1": 2.120478144849711,
    "best_amp2": 2.041462767774793,
    "best_value": 1.6590636957580784e-06,
    "optimization_time": 1413.0647118091583
}