{
    "detuning": 0.3350000000000001,
    "t_duration": 102.5,
    "best_amp1": 3.3093575270782885,
    "best_amp2": 3.048368538924624,
    "best_value": 0.0007035100769924307,
    "optimization_time": 2289.641849040985
}