{
    "detuning": 0.18500000000000003,
    "t_duration": 102.5,
    "best_amp1": 2.3865732192141333,
    "best_amp2": 2.312610474707898,
    "best_value": 8.5387974912976e-08,
    "optimization_time": 1902.7862377166748
}