{
    "detuning": 0.3700000000000001,
    "t_duration": 125.0,
    "best_amp1": 3.884506658273646,
    "best_amp2": 3.5077391402465072,
    "best_value": 1.829400096597933e-05,
    "optimization_time": 2747.2987966537476
}