{
    "detuning": 0.26,
    "t_duration": 72.5,
    "best_amp1": 2.4365278660763483,
    "best_amp2": 2.3043428232904417,
    "best_value": 7.107881196566357e-05,
    "optimization_time": 2794.025621652603
}