{
    "detuning": 0.32000000000000006,
    "t_duration": 72.5,
    "best_amp1": 2.761677732214965,
    "best_amp2": 2.536116068017781,
    "best_value": 0.0003961363143053509,
    "optimization_time": 1671.4283847808838
}