{
    "detuning": 0.10500000000000001,
    "t_duration": 102.5,
    "best_amp1": 1.8099282039220361,
    "best_amp2": 1.7790769897493153,
    "best_value": 2.1377004416622825e-06,
    "optimization_time": 3556.87282538414
}