{
    "detuning": 0.38,
    "t_duration": 125.0,
    "best_amp1": 3.975577050023889,
    "best_amp2": 3.550919527926168,
    "best_value": 3.5129576470005475e-08,
    "optimization_time": 3023.6233842372894
}