{
    "detuning": 0.23500000000000004,
    "t_duration": 117.5,
    "best_amp1": 2.876181084989308,
    "best_amp2": 2.7593504363340666,
    "best_value": 3.622039446149472e-08,
    "optimization_time": 2275.9110028743744
}