{
    "detuning": 0.3550000000000001,
    "t_duration": 65.0,
    "best_amp1": 2.8676682914886,
    "best_amp2": 2.5303338661157917,
    "best_value": 0.00210359152309747,
    "optimization_time": 2687.322409629822
}