{
    "detuning": 0.3550000000000001,
    "t_duration": 72.5,
    "best_amp1": 2.9900218922972406,
    "best_amp2": 2.6611137850688316,
    "best_value": 0.0017610857951033676,
    "optimization_time": 1735.145370721817
}