{
    "detuning": 0.275,
    "t_duration": 65.0,
    "best_amp1": 2.397933463101989,
    "best_amp2": 2.248330043878219,
    "best_value": 6.492915278311084e-05,
    "optimization_time": 1357.9707717895508
}