{
    "detuning": 0.23000000000000004,
    "t_duration": 57.5,
    "best_amp1": 2.0589430643279987,
    "best_amp2": 1.9582165801653384,
    "best_value": 6.570582121279145e-06,
    "optimization_time": 3706.6135585308075
}