{
    "detuning": 0.16000000000000003,
    "t_duration": 100.0,
    "best_amp1": 2.1945071201591126,
    "best_amp2": 2.136487641656313,
    "best_value": 2.4347391658352535e-07,
    "optimization_time": 2766.031147003174
}