{
    "detuning": 0.3400000000000001,
    "t_duration": 65.0,
    "best_amp1": 2.717026857548034,
    "best_amp2": 2.5234830321665407,
    "best_value": 0.0022462357908600294,
    "optimization_time": 1765.7952909469604
}