{
    "detuning": 0.3600000000000001,
    "t_duration": 50.0,
    "best_amp1": 2.66707756370279,
    "best_amp2": 2.262774771401896,
    "best_value": 0.00293148799940679,
    "optimization_time": 2389.7645847797394
}