{
    "detuning": 0.22000000000000003,
    "t_duration": 125.0,
    "best_amp1": 2.8603639891127193,
    "best_amp2": 2.7553225687055454,
    "best_value": 1.28203848759334e-07,
    "optimization_time": 4776.0992975234985
}