{
    "detuning": 0.38,
    "t_duration": 50.0,
    "best_amp1": 2.9385114108028683,
    "best_amp2": 2.3282449083537355,
    "best_value": 0.0008700891905830677,
    "optimization_time": 2662.9929444789886
}