{
    "detuning": 0.15000000000000002,
    "t_duration": 95.0,
    "best_amp1": 2.0764336015621483,
    "best_amp2": 2.0246805764489517,
    "best_value": 2.1535553892393366e-06,
    "optimization_time": 3540.194260120392
}