{
    "detuning": 0.125,
    "t_duration": 125.0,
    "best_amp1": 2.155463354248172,
    "best_amp2": 2.1132521972083738,
    "best_value": 8.681561841639152e-07,
    "optimization_time": 2821.0189611911774
}