{
    "detuning": 0.395,
    "t_duration": 57.5,
    "best_amp1": 3.34717105202192,
    "best_amp2": 2.529846480724865,
    "best_value": 4.698441942674325e-05,
    "optimization_time": 3685.855555534363
}