{
    "detuning": 0.19000000000000003,
    "t_duration": 65.0,
    "best_amp1": 1.9680733513297823,
    "best_amp2": 1.8969081759995827,
    "best_value": 5.232430842494473e-06,
    "optimization_time": 2760.4437856674194
}