{
    "detuning": 0.38,
    "t_duration": 57.5,
    "best_amp1": 3.0163892646258255,
    "best_amp2": 2.4751661121996884,
    "best_value": 0.0004581799933726094,
    "optimization_time": 1396.3482632637024
}