{
    "detuning": 0.17500000000000002,
    "t_duration": 72.5,
    "best_amp1": 1.982683661190886,
    "best_amp2": 1.919864560911133,
    "best_value": 1.0464819772959544e-06,
    "optimization_time": 3821.0887155532837
}