{
    "detuning": 0.10500000000000001,
    "t_duration": 50.0,
    "best_amp1": 1.3249932663930966,
    "best_amp2": 1.2975930163251737,
    "best_value": 0.00023971363573593862,
    "optimization_time": 2933.6541435718536
}