{
    "detuning": 0.32500000000000007,
    "t_duration": 87.5,
    "best_amp1": 3.025528577906491,
    "best_amp2": 2.7894239434654797,
    "best_value": 0.0003331299741456961,
    "optimization_time": 1763.8622341156006
}