{
    "detuning": 0.15500000000000003,
    "t_duration": 57.5,
    "best_amp1": 1.6868816771981283,
    "best_amp2": 1.6368932229121478,
    "best_value": 7.169214111257816e-07,
    "optimization_time": 1060.5947051048279
}