{
    "detuning": 0.27,
    "t_duration": 102.5,
    "best_amp1": 2.9091924981607624,
    "best_amp2": 2.7590734004177087,
    "best_value": 3.838672348643879e-05,
    "optimization_time": 1814.4495768547058
}