{
    "detuning": 0.3550000000000001,
    "t_duration": 57.5,
    "best_amp1": 2.743474702077999,
    "best_amp2": 2.3926228460082926,
    "best_value": 0.002582823050163441,
    "optimization_time": 2720.015372991562
}