{
    "detuning": 0.3350000000000001,
    "t_duration": 65.0,
    "best_amp1": 2.728025191374213,
    "best_amp2": 2.462174966143199,
    "best_value": 0.001892072522967192,
    "optimization_time": 3614.4174978733063
}