{
    "detuning": 0.21500000000000002,
    "t_duration": 117.5,
    "best_amp1": 2.7458242987080936,
    "best_amp2": 2.646588302998986,
    "best_value": 8.015911292513778e-07,
    "optimization_time": 4703.528364181519
}