{
    "detuning": 0.17500000000000002,
    "t_duration": 87.5,
    "best_amp1": 2.158359082460707,
    "best_amp2": 2.0933139629013247,
    "best_value": 1.714741171943146e-06,
    "optimization_time": 3390.653792858124
}