{
    "detuning": 0.3650000000000001,
    "t_duration": 57.5,
    "best_amp1": 2.833975265938782,
    "best_amp2": 2.425356808950158,
    "best_value": 0.0017092925040034235,
    "optimization_time": 1655.9259600639343
}