{
    "detuning": 0.17,
    "t_duration": 110.0,
    "best_amp1": 2.3634671255513835,
    "best_amp2": 2.2979369426079947,
    "best_value": 1.4386475000183196e-07,
    "optimization_time": 1877.9794216156006
}