{
    "detuning": 0.30000000000000004,
    "t_duration": 75.0,
    "best_amp1": 2.6881362000363582,
    "best_amp2": 2.5010139529863147,
    "best_value": 6.879711154650359e-06,
    "optimization_time": 3570.093074321747
}