{
    "detuning": 0.17500000000000002,
    "t_duration": 95.0,
    "best_amp1": 2.241068515357216,
    "best_amp2": 2.1748247070444697,
    "best_value": 4.783160205690251e-07,
    "optimization_time": 2994.395590543747
}