{
    "detuning": 0.16500000000000004,
    "t_duration": 57.5,
    "best_amp1": 1.73899594700142,
    "best_amp2": 1.6836615768791356,
    "best_value": 1.677340637040725e-05,
    "optimization_time": 4005.0444424152374
}