{
    "detuning": 0.33000000000000007,
    "t_duration": 72.5,
    "best_amp1": 2.8211699734320708,
    "best_amp2": 2.5720765647777903,
    "best_value": 0.0011101462673120954,
    "optimization_time": 1725.43865609169
}