{
    "detuning": 0.3400000000000001,
    "t_duration": 102.5,
    "best_amp1": 3.3425541082916554,
    "best_amp2": 3.069098671293674,
    "best_value": 0.0010954028100415014,
    "optimization_time": 1862.3888192176819
}