{
    "detuning": 0.25,
    "t_duration": 80.0,
    "best_amp1": 2.4917299636506334,
    "best_amp2": 2.3690142433962946,
    "best_value": 8.463191717433816e-06,
    "optimization_time": 4017.76078915596
}