{
    "detuning": 0.18500000000000003,
    "t_duration": 80.0,
    "best_amp1": 2.1307901565640925,
    "best_amp2": 2.060656520043261,
    "best_value": 3.225637390524838e-08,
    "optimization_time": 2585.1086525917053
}