{
    "detuning": 0.30000000000000004,
    "t_duration": 72.5,
    "best_amp1": 2.6488726228868367,
    "best_amp2": 2.4618433223005614,
    "best_value": 1.0194267509366917e-05,
    "optimization_time": 1651.6623136997223
}