{
    "detuning": 0.38,
    "t_duration": 50.0,
    "best_amp1": 2.939132505553659,
    "best_amp2": 2.3284308777203906,
    "best_value": 0.0008700891892422513,
    "optimization_time": 3326.805521965027
}