{
    "detuning": 0.15500000000000003,
    "t_duration": 72.5,
    "best_amp1": 1.867667867741431,
    "best_amp2": 1.816121407185573,
    "best_value": 7.148846762006222e-06,
    "optimization_time": 1318.6605534553528
}