{
    "detuning": 0.395,
    "t_duration": 117.5,
    "best_amp1": 4.042205710087832,
    "best_amp2": 3.5104114398305226,
    "best_value": 8.369885895476159e-09,
    "optimization_time": 2065.952773809433
}