{
    "detuning": 0.31000000000000005,
    "t_duration": 125.0,
    "best_amp1": 3.449143466384953,
    "best_amp2": 3.234098857942696,
    "best_value": 1.1176228698062118e-07,
    "optimization_time": 3333.413200378418
}