{
    "detuning": 0.3700000000000001,
    "t_duration": 102.5,
    "best_amp1": 3.5706030464889023,
    "best_amp2": 3.1913507481673844,
    "best_value": 8.564537056676702e-05,
    "optimization_time": 1896.9577362537384
}