{
    "detuning": 0.3700000000000001,
    "t_duration": 110.0,
    "best_amp1": 3.6776813899141687,
    "best_amp2": 3.3000838720712315,
    "best_value": 5.233488364275729e-05,
    "optimization_time": 1839.105652809143
}