{
    "detuning": 0.31000000000000005,
    "t_duration": 57.5,
    "best_amp1": 2.454605996231381,
    "best_amp2": 2.246002403602155,
    "best_value": 0.0003583387537268168,
    "optimization_time": 1363.9244825839996
}