{
    "detuning": 0.30500000000000005,
    "t_duration": 80.0,
    "best_amp1": 2.7934036942234015,
    "best_amp2": 2.597344431102795,
    "best_value": 1.140660987608566e-05,
    "optimization_time": 1215.3371810913086
}