{
    "detuning": 0.265,
    "t_duration": 117.5,
    "best_amp1": 3.0671671420459417,
    "best_amp2": 2.918856470345917,
    "best_value": 1.6141988539608576e-05,
    "optimization_time": 2250.3783841133118
}