{
    "detuning": 0.1,
    "t_duration": 80.0,
    "best_amp1": 1.583822345932783,
    "best_amp2": 1.5566753224398844,
    "best_value": 3.717598107022546e-06,
    "optimization_time": 4098.5497879981995
}