{
    "detuning": 0.26,
    "t_duration": 117.5,
    "best_amp1": 3.0355337690050113,
    "best_amp2": 2.893054269880497,
    "best_value": 5.617200028118496e-06,
    "optimization_time": 4349.474417209625
}