{
    "detuning": 0.4,
    "t_duration": 100.0,
    "best_amp1": 3.8860651608470493,
    "best_amp2": 3.273078636139015,
    "best_value": 2.0772682796099673e-08,
    "optimization_time": 4067.199074983597
}