{
    "detuning": 0.3400000000000001,
    "t_duration": 117.5,
    "best_amp1": 3.5518919936629767,
    "best_amp2": 3.2756725712958468,
    "best_value": 0.0008437296156668106,
    "optimization_time": 4906.975211381912
}