{
    "detuning": 0.15000000000000002,
    "t_duration": 102.5,
    "best_amp1": 2.149995673500442,
    "best_amp2": 2.0972815540096263,
    "best_value": 1.6847545729614666e-06,
    "optimization_time": 4830.022410154343
}