{
    "detuning": 0.385,
    "t_duration": 65.0,
    "best_amp1": 3.18757159014343,
    "best_amp2": 2.632681702889554,
    "best_value": 9.334055152099285e-05,
    "optimization_time": 2996.997350692749
}