{
    "detuning": 0.28,
    "t_duration": 75.0,
    "best_amp1": 2.5795942895455837,
    "best_amp2": 2.4225540934139644,
    "best_value": 1.7303403327617595e-05,
    "optimization_time": 3628.3082950115204
}