{
    "detuning": 0.26,
    "t_duration": 80.0,
    "best_amp1": 2.5457944422338805,
    "best_amp2": 2.4124435446477963,
    "best_value": 4.257789645478738e-05,
    "optimization_time": 4153.20555639267
}