{
    "detuning": 0.29000000000000004,
    "t_duration": 117.5,
    "best_amp1": 3.22484183171882,
    "best_amp2": 3.04405224280919,
    "best_value": 4.325789848547146e-08,
    "optimization_time": 3054.5605154037476
}