{
    "detuning": 0.22500000000000003,
    "t_duration": 110.0,
    "best_amp1": 2.7262828599304734,
    "best_amp2": 2.6202712850462295,
    "best_value": 2.316848046746145e-08,
    "optimization_time": 3402.538720846176
}