{
    "detuning": 0.26,
    "t_duration": 110.0,
    "best_amp1": 2.9440397647211705,
    "best_amp2": 2.8035247619338337,
    "best_value": 9.089980316567825e-06,
    "optimization_time": 5518.70635175705
}