{
    "detuning": 0.18000000000000002,
    "t_duration": 125.0,
    "best_amp1": 2.581674728767329,
    "best_amp2": 2.507137953043755,
    "best_value": 2.0303849512792738e-07,
    "optimization_time": 3042.1748921871185
}