{
    "detuning": 0.16500000000000004,
    "t_duration": 102.5,
    "best_amp1": 2.253731329457239,
    "best_amp2": 2.1924127803353586,
    "best_value": 2.8802447205045212e-08,
    "optimization_time": 2398.2419559955597
}