{
    "detuning": 0.24500000000000002,
    "t_duration": 50.0,
    "best_amp1": 2.007692931319466,
    "best_amp2": 1.8927267393379916,
    "best_value": 9.668189771072644e-05,
    "optimization_time": 2593.0702979564667
}