{
    "detuning": 0.20500000000000002,
    "t_duration": 102.5,
    "best_amp1": 2.5144111145874,
    "best_amp2": 2.4262293261814856,
    "best_value": 1.1916720199511843e-07,
    "optimization_time": 4081.6540150642395
}