{
    "detuning": 0.14,
    "t_duration": 75.0,
    "best_amp1": 1.8047939444368761,
    "best_amp2": 1.7605766580057665,
    "best_value": 1.0223228386729843e-05,
    "optimization_time": 931.0044603347778
}