{
    "detuning": 0.2,
    "t_duration": 75.0,
    "best_amp1": 2.152984189239617,
    "best_amp2": 2.073560757417066,
    "best_value": 5.39423292034158e-07,
    "optimization_time": 989.3645865917206
}