{
    "detuning": 0.195,
    "t_duration": 87.5,
    "best_amp1": 2.2791441353213564,
    "best_amp2": 2.2010683577039525,
    "best_value": 4.5377169266558326e-07,
    "optimization_time": 3896.8195176124573
}