{
    "detuning": 0.1,
    "t_duration": 100.0,
    "best_amp1": 1.7490450426829345,
    "best_amp2": 1.7204764818832157,
    "best_value": 1.1019426979785862e-06,
    "optimization_time": 2279.4929869174957
}