{
    "detuning": 0.3650000000000001,
    "t_duration": 102.5,
    "best_amp1": 3.528276858548552,
    "best_amp2": 3.1713950450362645,
    "best_value": 0.000270709073895703,
    "optimization_time": 2135.9343354701996
}