{
    "detuning": 0.27,
    "t_duration": 80.0,
    "best_amp1": 2.599982641319007,
    "best_amp2": 2.454954350677984,
    "best_value": 6.852262216527905e-05,
    "optimization_time": 1561.6914989948273
}