{
    "detuning": 0.10500000000000001,
    "t_duration": 65.0,
    "best_amp1": 1.480202446235014,
    "best_amp2": 1.4521039484982439,
    "best_value": 6.337003484069292e-06,
    "optimization_time": 3318.381572008133
}