{
    "detuning": 0.28500000000000003,
    "t_duration": 102.5,
    "best_amp1": 2.9988746397833452,
    "best_amp2": 2.829295236507138,
    "best_value": 5.935111201393894e-07,
    "optimization_time": 1734.8705451488495
}