{
    "detuning": 0.32000000000000006,
    "t_duration": 50.0,
    "best_amp1": 2.3770941776238512,
    "best_amp2": 2.139107849980318,
    "best_value": 0.0014770976174641737,
    "optimization_time": 1476.2557799816132
}