{
    "detuning": 0.195,
    "t_duration": 117.5,
    "best_amp1": 2.6117607885841987,
    "best_amp2": 2.527986631855768,
    "best_value": 2.076854832555597e-08,
    "optimization_time": 3214.7769820690155
}