{
    "detuning": 0.3700000000000001,
    "t_duration": 95.0,
    "best_amp1": 3.460973940739833,
    "best_amp2": 3.0787758473138322,
    "best_value": 0.0001362701047900039,
    "optimization_time": 3473.881274461746
}