{
    "detuning": 0.4,
    "t_duration": 65.0,
    "best_amp1": 3.525638036613102,
    "best_amp2": 2.6889920456639462,
    "best_value": 1.508177855280568e-05,
    "optimization_time": 1917.590759754181
}