{
    "detuning": 0.3650000000000001,
    "t_duration": 50.0,
    "best_amp1": 2.7200148596420246,
    "best_amp2": 2.278638998256674,
    "best_value": 0.0024537265294752864,
    "optimization_time": 1179.6918482780457
}