{
    "detuning": 0.38,
    "t_duration": 102.5,
    "best_amp1": 3.6638029602188054,
    "best_amp2": 3.2310872379310847,
    "best_value": 1.6864379386305473e-06,
    "optimization_time": 2883.5719084739685
}