{
    "detuning": 0.14,
    "t_duration": 57.5,
    "best_amp1": 1.6064543673121698,
    "best_amp2": 1.5638786952719388,
    "best_value": 1.294689760911183e-05,
    "optimization_time": 3550.808123111725
}