{
    "t_tot": 170.0,
    "best_amp": 15.194119798888991,
    "best_w_d": 0.003288370379151716,
    "best_ramp": 0.1323771711635209,
    "best_value": 0.00019448773206787173,
    "optimization_time": 3511.5277984142303,
    "budget_used": 3000
}