{
    "detuning": 0.1,
    "t_duration": 50.0,
    "best_amp1": 1.2183681681691048,
    "best_amp2": 1.283833989942642,
    "best_value": 0.01896097800149199,
    "optimization_time": 142.0888316631317
}