{
    "detuning": 0.5,
    "t_duration": 200.0,
    "best_amp1": 5.2633562150317506,
    "best_amp2": 4.920845096722949,
    "best_value": 3.90485629270243e-05,
    "optimization_time": 2432.2263457775116,
    "budget_used": 1000
}