{
    "detuning": 0.4,
    "t_duration": 100.0,
    "best_amp1": 3.8860684363917897,
    "best_amp2": 3.273074809218934,
    "best_value": 2.1421688645162362e-08,
    "optimization_time": 2127.1433901786804,
    "budget_used": 1000
}