{
    "detuning": 0.1,
    "t_duration": 200.0,
    "best_amp1": 2.4098933591164706,
    "best_amp2": 2.374318225648308,
    "best_value": 9.822115210056381e-08,
    "optimization_time": 2408.1052012443542,
    "budget_used": 1000
}