{
    "detuning": 0.1,
    "t_duration": 100.0,
    "best_amp1": 1.7467735760382859,
    "best_amp2": 1.759588633539281,
    "best_value": 0.002980678378561419,
    "optimization_time": 146.31100726127625
}