{
    "detuning": 0.4,
    "t_duration": 50.0,
    "best_amp1": 3.8041421149720795,
    "best_amp2": 2.3761417451310587,
    "best_value": 0.009667159551438154,
    "optimization_time": 2025.7783362865448,
    "budget_used": 1000
}