{
    "detuning": 0.3,
    "t_duration": 100.0,
    "best_amp1": 3.0548832968951394,
    "best_amp2": 2.8636064053363883,
    "best_value": 1.2786506142781207e-07,
    "optimization_time": 2131.1195616722107,
    "budget_used": 1000
}