{
    "60.0": {
        "t_tot": 60.0,
        "best_amp": 12.760590904611231,
        "best_w_d": 0.0029797285702497242,
        "best_ramp": 0.24284518719838957,
        "best_value": 0.0004497338519626673,
        "optimization_time": 3549.4639072418213
    },
    "80.0": {
        "t_tot": 80.0,
        "best_amp": 16.239934267999125,
        "best_w_d": 0.004346578698512314,
        "best_ramp": 0.1428656554549991,
        "best_value": 0.0022981344926877633,
        "optimization_time": 1103.4072506427765
    },
    "100.0": {
        "t_tot": 100.0,
        "best_amp": 18.149523679513226,
        "best_w_d": 0.003312831498432493,
        "best_ramp": 0.10980077262022106,
        "best_value": 0.01628281898710797,
        "optimization_time": 1401.1718142032623
    },
    "105.0": {
        "t_tot": 105.0,
        "best_amp": 17.070059424027114,
        "best_w_d": 0.003483865529578946,
        "best_ramp": 0.1190797790502961,
        "best_value": 0.0011196055989969996,
        "optimization_time": 1413.6287500858307
    },
    "57.5": {
        "t_tot": 57.5,
        "best_amp": 12.565969904425401,
        "best_w_d": 0.003205443801648604,
        "best_ramp": 0.23104223170444269,
        "best_value": 0.0003267592803299043,
        "optimization_time": 3789.4909205436707
    },
    "92.5": {
        "t_tot": 92.5,
        "best_amp": 13.417090600879032,
        "best_w_d": 0.004273469876620475,
        "best_ramp": 0.1950469330804816,
        "best_value": 0.005922981262597348,
        "optimization_time": 3445.7451407909393
    },
    "50.0": {
        "t_tot": 50.0,
        "best_amp": 11.712586433636776,
        "best_w_d": 0.0036082881292154798,
        "best_ramp": 0.22476214852548917,
        "best_value": 0.0001436437898493024,
        "optimization_time": 3905.26407456398
    },
    "95.0": {
        "t_tot": 95.0,
        "best_amp": 17.53628869196317,
        "best_w_d": 0.004281740217840123,
        "best_ramp": 0.1621897226811473,
        "best_value": 0.0001139210982090556,
        "optimization_time": 4276.82790851593
    },
    "55.0": {
        "t_tot": 55.0,
        "best_amp": 12.30613309708367,
        "best_w_d": 0.003280463649160535,
        "best_ramp": 0.22499511748085624,
        "best_value": 8.569418188244306e-05,
        "optimization_time": 3847.955714225769
    },
    "65.0": {
        "t_tot": 65.0,
        "best_amp": 18.239538945525883,
        "best_w_d": 0.0038162424506044484,
        "best_ramp": 0.2758699978365623,
        "best_value": 0.0001018138654127335,
        "optimization_time": 1138.991598367691
    },
    "77.5": {
        "t_tot": 77.5,
        "best_amp": 18.854070849874574,
        "best_w_d": 0.004144993634199859,
        "best_ramp": 0.14249536619231176,
        "best_value": 0.02701200588659933,
        "optimization_time": 2741.157115459442
    },
    "102.5": {
        "t_tot": 102.5,
        "best_amp": 14.712392582247947,
        "best_w_d": 0.003704071735281789,
        "best_ramp": 0.17769228971924023,
        "best_value": 0.010248856592246182,
        "optimization_time": 2880.7717599868774
    },
    "90.0": {
        "t_tot": 90.0,
        "best_amp": 14.031868469277123,
        "best_w_d": 0.004042556021337687,
        "best_ramp": 0.12604902775549714,
        "best_value": 0.0019323495276375316,
        "optimization_time": 4206.249932050705
    },
    "110.0": {
        "t_tot": 110.0,
        "best_amp": 10.523533432132545,
        "best_w_d": 0.0035340729245087335,
        "best_ramp": 0.0721815773471846,
        "best_value": 0.003669511770516949,
        "optimization_time": 3852.287786960602
    },
    "70.0": {
        "t_tot": 70.0,
        "best_amp": 19.724323358020357,
        "best_w_d": 0.004303297746025205,
        "best_ramp": 0.16453906175822597,
        "best_value": 0.00491581590245196,
        "optimization_time": 3553.497262954712
    },
    "85.0": {
        "t_tot": 85.0,
        "best_amp": 15.368337602254293,
        "best_w_d": 0.004289563337103375,
        "best_ramp": 0.17649155489559387,
        "best_value": 0.00012118260587921661,
        "optimization_time": 3467.3925013542175
    },
    "87.5": {
        "t_tot": 87.5,
        "best_amp": 15.654008316743406,
        "best_w_d": 0.004255339978937928,
        "best_ramp": 0.20887101923334936,
        "best_value": 0.001108886453085189,
        "optimization_time": 3314.2660658359528
    },
    "82.5": {
        "t_tot": 82.5,
        "best_amp": 15.085946315014317,
        "best_w_d": 0.004273600207299335,
        "best_ramp": 0.16704892916157227,
        "best_value": 0.029697433447138252,
        "optimization_time": 3906.5338423252106
    },
    "75.0": {
        "t_tot": 75.0,
        "best_amp": 19.70945629441206,
        "best_w_d": 0.00445366271218792,
        "best_ramp": 0.18334245728677415,
        "best_value": 0.001243226686191312,
        "optimization_time": 1210.8054993152618
    },
    "72.5": {
        "t_tot": 72.5,
        "best_amp": 19.155951805551616,
        "best_w_d": 0.00431426633270524,
        "best_ramp": 0.21471539665664274,
        "best_value": 0.007729745162370732,
        "optimization_time": 2405.2996547222137
    },
    "107.5": {
        "t_tot": 107.5,
        "best_amp": 11.228807800896085,
        "best_w_d": 0.0036495749612370904,
        "best_ramp": 0.09872763068898806,
        "best_value": 0.0001898314737104174,
        "optimization_time": 1192.579038143158
    },
    "115.0": {
        "t_tot": 115.0,
        "best_amp": 11.038051201978762,
        "best_w_d": 0.003833433018123696,
        "best_ramp": 0.15158251070030687,
        "best_value": 1.795310497181755e-05,
        "optimization_time": 1405.4165487289429
    },
    "97.5": {
        "t_tot": 97.5,
        "best_amp": 14.953539776041135,
        "best_w_d": 0.004020095055932399,
        "best_ramp": 0.22622401396949057,
        "best_value": 0.0029942893656471972,
        "optimization_time": 3983.5208864212036
    },
    "112.5": {
        "t_tot": 112.5,
        "best_amp": 12.370610719411724,
        "best_w_d": 0.0036405036498894467,
        "best_ramp": 0.10448581634328012,
        "best_value": 0.00012170738614802646,
        "optimization_time": 3877.5986726284027
    },
    "62.5": {
        "t_tot": 62.5,
        "best_amp": 13.106676502918743,
        "best_w_d": 0.003023728983645111,
        "best_ramp": 0.2411613178243133,
        "best_value": 4.2133719270537144e-05,
        "optimization_time": 3865.7181186676025
    },
    "120.0": {
        "t_tot": 120.0,
        "best_amp": 11.932360210225921,
        "best_w_d": 0.0035136231017899333,
        "best_ramp": 0.1011071844604906,
        "best_value": 4.629444494889627e-05,
        "optimization_time": 5515.12496137619
    },
    "52.5": {
        "t_tot": 52.5,
        "best_amp": 11.548015687637772,
        "best_w_d": 0.0032944565714242307,
        "best_ramp": 0.2236218784320721,
        "best_value": 0.00027083238297783346,
        "optimization_time": 1992.345740556717
    },
    "117.5": {
        "t_tot": 117.5,
        "best_amp": 11.885042010346005,
        "best_w_d": 0.003635795525834994,
        "best_ramp": 0.1528424189669876,
        "best_value": 6.1114401480564005e-06,
        "optimization_time": 1932.7941908836365
    },
    "67.5": {
        "t_tot": 67.5,
        "best_amp": 19.745032283637084,
        "best_w_d": 0.003982606110388448,
        "best_ramp": 0.21899823161723106,
        "best_value": 0.016125542382635007,
        "optimization_time": 4246.344426870346
    }
}