{
    "t_tot": 72.5,
    "best_amp": 19.155951805551616,
    "best_w_d": 0.00431426633270524,
    "best_ramp": 0.21471539665664274,
    "best_value": 0.007729745162370732,
    "optimization_time": 2405.2996547222137
}