{
    "t_tot": 105.0,
    "best_amp": 17.070059424027114,
    "best_w_d": 0.003483865529578946,
    "best_ramp": 0.1190797790502961,
    "best_value": 0.0011196055989969996,
    "optimization_time": 1413.6287500858307
}