{
    "t_tot": 102.5,
    "best_amp": 14.712392582247947,
    "best_w_d": 0.003704071735281789,
    "best_ramp": 0.17769228971924023,
    "best_value": 0.010248856592246182,
    "optimization_time": 2880.7717599868774
}