{
    "t_tot": 52.5,
    "best_amp": 11.548015687637772,
    "best_w_d": 0.0032944565714242307,
    "best_ramp": 0.2236218784320721,
    "best_value": 0.00027083238297783346,
    "optimization_time": 1992.345740556717
}