{
    "t_tot": 77.5,
    "best_amp": 18.854070849874574,
    "best_w_d": 0.004144993634199859,
    "best_ramp": 0.14249536619231176,
    "best_value": 0.02701200588659933,
    "optimization_time": 2741.157115459442
}