{
    "t_tot": 100.0,
    "best_amp": 18.149523679513226,
    "best_w_d": 0.003312831498432493,
    "best_ramp": 0.10980077262022106,
    "best_value": 0.01628281898710797,
    "optimization_time": 1401.1718142032623
}