{
    "t_tot": 92.5,
    "best_amp": 13.417090600879032,
    "best_w_d": 0.004273469876620475,
    "best_ramp": 0.1950469330804816,
    "best_value": 0.005922981262597348,
    "optimization_time": 3445.7451407909393
}