{
    "t_tot": 55.0,
    "best_amp": 12.30613309708367,
    "best_w_d": 0.003280463649160535,
    "best_ramp": 0.22499511748085624,
    "best_value": 8.569418188244306e-05,
    "optimization_time": 3847.955714225769
}