{
    "t_tot": 117.5,
    "best_amp": 11.885042010346005,
    "best_w_d": 0.003635795525834994,
    "best_ramp": 0.1528424189669876,
    "best_value": 6.1114401480564005e-06,
    "optimization_time": 1932.7941908836365
}