{
    "t_tot": 50.0,
    "best_amp": 11.712586433636776,
    "best_w_d": 0.0036082881292154798,
    "best_ramp": 0.22476214852548917,
    "best_value": 0.0001436437898493024,
    "optimization_time": 3905.26407456398
}