{
    "t_tot": 85.0,
    "best_amp": 15.368337602254293,
    "best_w_d": 0.004289563337103375,
    "best_ramp": 0.17649155489559387,
    "best_value": 0.00012118260587921661,
    "optimization_time": 3467.3925013542175
}