{
    "t_tot": 115.0,
    "best_amp": 11.038051201978762,
    "best_w_d": 0.003833433018123696,
    "best_ramp": 0.15158251070030687,
    "best_value": 1.795310497181755e-05,
    "optimization_time": 1405.4165487289429
}