{
    "t_tot": 57.5,
    "best_amp": 12.565969904425401,
    "best_w_d": 0.003205443801648604,
    "best_ramp": 0.23104223170444269,
    "best_value": 0.0003267592803299043,
    "optimization_time": 3789.4909205436707
}