{
    "t_tot": 62.5,
    "best_amp": 13.106676502918743,
    "best_w_d": 0.003023728983645111,
    "best_ramp": 0.2411613178243133,
    "best_value": 4.2133719270537144e-05,
    "optimization_time": 3865.7181186676025
}