{
    "t_tot": 112.5,
    "best_amp": 12.370610719411724,
    "best_w_d": 0.0036405036498894467,
    "best_ramp": 0.10448581634328012,
    "best_value": 0.00012170738614802646,
    "optimization_time": 3877.5986726284027
}