{
    "t_tot": 90.0,
    "best_amp": 14.031868469277123,
    "best_w_d": 0.004042556021337687,
    "best_ramp": 0.12604902775549714,
    "best_value": 0.0019323495276375316,
    "optimization_time": 4206.249932050705
}