{
    "t_tot": 120.0,
    "best_amp": 11.932360210225921,
    "best_w_d": 0.0035136231017899333,
    "best_ramp": 0.1011071844604906,
    "best_value": 4.629444494889627e-05,
    "optimization_time": 5515.12496137619
}