{
    "t_tot": 87.5,
    "best_amp": 15.654008316743406,
    "best_w_d": 0.004255339978937928,
    "best_ramp": 0.20887101923334936,
    "best_value": 0.001108886453085189,
    "optimization_time": 3314.2660658359528
}