{
    "t_tot": 97.5,
    "best_amp": 14.953539776041135,
    "best_w_d": 0.004020095055932399,
    "best_ramp": 0.22622401396949057,
    "best_value": 0.0029942893656471972,
    "optimization_time": 3983.5208864212036
}