{
    "t_tot": 82.5,
    "best_amp": 15.085946315014317,
    "best_w_d": 0.004273600207299335,
    "best_ramp": 0.16704892916157227,
    "best_value": 0.029697433447138252,
    "optimization_time": 3906.5338423252106
}