{
    "t_tot": 80.0,
    "best_amp": 16.239934267999125,
    "best_w_d": 0.004346578698512314,
    "best_ramp": 0.1428656554549991,
    "best_value": 0.0022981344926877633,
    "optimization_time": 1103.4072506427765
}