{
    "t_tot": 67.5,
    "best_amp": 19.745032283637084,
    "best_w_d": 0.003982606110388448,
    "best_ramp": 0.21899823161723106,
    "best_value": 0.016125542382635007,
    "optimization_time": 4246.344426870346
}