{
    "t_tot": 65.0,
    "best_amp": 18.239538945525883,
    "best_w_d": 0.0038162424506044484,
    "best_ramp": 0.2758699978365623,
    "best_value": 0.0001018138654127335,
    "optimization_time": 1138.991598367691
}