{
    "t_tot": 70.0,
    "best_amp": 19.724323358020357,
    "best_w_d": 0.004303297746025205,
    "best_ramp": 0.16453906175822597,
    "best_value": 0.00491581590245196,
    "optimization_time": 3553.497262954712
}