{
    "t_tot": 95.0,
    "best_amp": 17.53628869196317,
    "best_w_d": 0.004281740217840123,
    "best_ramp": 0.1621897226811473,
    "best_value": 0.0001139210982090556,
    "optimization_time": 4276.82790851593
}