{
    "t_tot": 110.0,
    "best_amp": 10.523533432132545,
    "best_w_d": 0.0035340729245087335,
    "best_ramp": 0.0721815773471846,
    "best_value": 0.003669511770516949,
    "optimization_time": 3852.287786960602
}