{
    "t_tot": 107.5,
    "best_amp": 11.228807800896085,
    "best_w_d": 0.0036495749612370904,
    "best_ramp": 0.09872763068898806,
    "best_value": 0.0001898314737104174,
    "optimization_time": 1192.579038143158
}