{
    "t_tot": 75.0,
    "best_amp": 19.70945629441206,
    "best_w_d": 0.00445366271218792,
    "best_ramp": 0.18334245728677415,
    "best_value": 0.001243226686191312,
    "optimization_time": 1210.8054993152618
}