{
    "t_tot": 60.0,
    "best_amp": 12.760590904611231,
    "best_w_d": 0.0029797285702497242,
    "best_ramp": 0.24284518719838957,
    "best_value": 0.0004497338519626673,
    "optimization_time": 3549.4639072418213
}