{
    "t_tot": 180.0,
    "best_amp": 13.584211011412647,
    "best_w_d": 0.0033912716005638113,
    "best_ramp": 0.09660078015069014,
    "best_value": 0.0004023216469396518,
    "optimization_time": 3265.7340202331543,
    "budget_used": 3000
}