{
    "t_tot": 80.0,
    "best_amp": 16.107706904399414,
    "best_w_d": 0.004192801774244991,
    "best_ramp": 0.16247554589632116,
    "best_value": 0.0004749461297686164,
    "optimization_time": 3998.7732586860657,
    "budget_used": 4000
}