{
    "t_tot": 160.0,
    "best_amp": 9.096701538379687,
    "best_w_d": 0.003486141196653757,
    "best_ramp": 0.07866043232434985,
    "best_value": 5.254236531193612e-06,
    "optimization_time": 4160.1624138355255,
    "budget_used": 4000
}