{
    "t_tot": 220.0,
    "best_amp": 1.718668440105231,
    "best_w_d": 0.0033088214509589663,
    "best_ramp": 0.47907868103084017,
    "best_value": 0.059797392888202516,
    "optimization_time": 4369.118575811386,
    "budget_used": 4000
}