{
    "t_tot": 200.0,
    "best_amp": 1.743436209612446,
    "best_w_d": 0.003595746817786426,
    "best_ramp": 0.49999999990351945,
    "best_value": 0.1586181302549895,
    "optimization_time": 4295.1774644851685,
    "budget_used": 4000
}