{
    "t_tot": 70.0,
    "best_amp": 17.326102689380654,
    "best_w_d": 0.004162030538871409,
    "best_ramp": 0.19807555391066628,
    "best_value": 0.0004951038825208309,
    "optimization_time": 3999.5025672912598,
    "budget_used": 4000
}