{
    "t_tot": 50.0,
    "best_amp": 14.893086762669098,
    "best_w_d": 0.003325735874170857,
    "best_ramp": 0.24045795279336082,
    "best_value": 0.0006296119023148083,
    "optimization_time": 3900.9269785881042,
    "budget_used": 4000
}