{
    "t_tot": 180.0,
    "best_amp": 1.770514650654302,
    "best_w_d": 0.003975535883081469,
    "best_ramp": 0.4999999979214464,
    "best_value": 0.30521284628736345,
    "optimization_time": 4241.390239477158,
    "budget_used": 4000
}