{
    "t_tot": 250.0,
    "best_amp": 1.6906486141836599,
    "best_w_d": 0.003002024491608557,
    "best_ramp": 0.4039161409637154,
    "best_value": 0.0002956229011910061,
    "optimization_time": 4403.136741876602,
    "budget_used": 4000
}