{
    "t_tot": 90.0,
    "best_amp": 12.494816947422294,
    "best_w_d": 0.0039580186804560975,
    "best_ramp": 0.19380763115909289,
    "best_value": 8.509824028890556e-06,
    "optimization_time": 3999.9066574573517,
    "budget_used": 4000
}