{
    "t_tot": 210.0,
    "best_amp": 1.730850012196902,
    "best_w_d": 0.0034431136947856945,
    "best_ramp": 0.4915568962162568,
    "best_value": 0.10320860783585772,
    "optimization_time": 4335.303039073944,
    "budget_used": 4000
}