{
    "t_tot": 60.0,
    "best_amp": 18.629758485771667,
    "best_w_d": 0.003096767498839877,
    "best_ramp": 0.21317705421279315,
    "best_value": 0.0019487777707447584,
    "optimization_time": 3974.053675889969,
    "budget_used": 4000
}