{
    "regime": "amp_2_wd_1_ramp_0_t77.5",
    "t_tot_center": 77.5,
    "best_t_tot": 76.25001092520101,
    "best_amp": 15.976456121396941,
    "best_w_d": 0.0034757670488407147,
    "best_ramp": 0.14891459776560836,
    "best_value": 0.14571248876334697,
    "optimization_time": 1211.7449898719788,
    "regime_bounds": {
        "amp": {
            "lower": 13.333333333333332,
            "upper": 16.0
        },
        "w_d": {
            "lower": 0.00314,
            "upper": 0.0034799999999999996
        },
        "ramp": {
            "lower": 1e-10,
            "upper": 0.5
        },
        "t_tot": {
            "lower": 76.25,
            "upper": 78.75
        }
    }
}