{
    "regime": "amp_4_wd_0_ramp_0_t90.0",
    "t_tot_center": 90.0,
    "best_t_tot": 88.7500053813082,
    "best_amp": 18.731621657252838,
    "best_w_d": 0.0030918301026041702,
    "best_ramp": 0.14571904716255157,
    "best_value": 0.15185008824828278,
    "optimization_time": 2807.6912848949432,
    "regime_bounds": {
        "amp": {
            "lower": 18.666666666666664,
            "upper": 21.333333333333332
        },
        "w_d": {
            "lower": 0.0028,
            "upper": 0.00314
        },
        "ramp": {
            "lower": 1e-10,
            "upper": 0.5
        },
        "t_tot": {
            "lower": 88.75,
            "upper": 91.25
        }
    }
}