{
    "regime": "amp_5_wd_1_ramp_0_t77.5",
    "t_tot_center": 77.5,
    "best_t_tot": 77.46744954372046,
    "best_amp": 21.973577487669235,
    "best_w_d": 0.0034712103852169306,
    "best_ramp": 0.22150787125160193,
    "best_value": 0.018205079076017303,
    "optimization_time": 2216.8496890068054,
    "regime_bounds": {
        "amp": {
            "lower": 21.333333333333332,
            "upper": 24.0
        },
        "w_d": {
            "lower": 0.00314,
            "upper": 0.0034799999999999996
        },
        "ramp": {
            "lower": 1e-10,
            "upper": 0.5
        },
        "t_tot": {
            "lower": 76.25,
            "upper": 78.75
        }
    }
}