{
    "regime": "amp_4_wd_2_ramp_0_t70.0",
    "t_tot_center": 70.0,
    "best_t_tot": 69.73607826354063,
    "best_amp": 19.7991843108328,
    "best_w_d": 0.003785592049483028,
    "best_ramp": 0.18970113303913566,
    "best_value": 0.024019847649876573,
    "optimization_time": 2333.9725840091705,
    "regime_bounds": {
        "amp": {
            "lower": 18.666666666666664,
            "upper": 21.333333333333332
        },
        "w_d": {
            "lower": 0.0034799999999999996,
            "upper": 0.0038199999999999996
        },
        "ramp": {
            "lower": 1e-10,
            "upper": 0.5
        },
        "t_tot": {
            "lower": 68.75,
            "upper": 71.25
        }
    }
}