{
    "regime": "amp_0_wd_3_ramp_0_t80.0",
    "t_tot_center": 80.0,
    "best_t_tot": 78.75001513318692,
    "best_amp": 10.649447488602425,
    "best_w_d": 0.004104789247676307,
    "best_ramp": 0.15665969872529997,
    "best_value": 0.4684002378489194,
    "optimization_time": 2554.2991392612457,
    "regime_bounds": {
        "amp": {
            "lower": 8.0,
            "upper": 10.666666666666666
        },
        "w_d": {
            "lower": 0.0038199999999999996,
            "upper": 0.00416
        },
        "ramp": {
            "lower": 1e-10,
            "upper": 0.5
        },
        "t_tot": {
            "lower": 78.75,
            "upper": 81.25
        }
    }
}