{
    "regime": "amp_4_wd_0_ramp_0_t110.0",
    "t_tot_center": 110.0,
    "best_t_tot": 109.10247901965346,
    "best_amp": 18.847975321402572,
    "best_w_d": 0.003113582366733011,
    "best_ramp": 0.13151245551474333,
    "best_value": 0.0033206604490879036,
    "optimization_time": 3482.2978217601776,
    "regime_bounds": {
        "amp": {
            "lower": 18.666666666666664,
            "upper": 21.333333333333332
        },
        "w_d": {
            "lower": 0.0028,
            "upper": 0.00314
        },
        "ramp": {
            "lower": 1e-10,
            "upper": 0.5
        },
        "t_tot": {
            "lower": 108.75,
            "upper": 111.25
        }
    }
}