{
    "regime": "amp_4_wd_1_ramp_0_t77.5",
    "t_tot_center": 77.5,
    "best_t_tot": 77.06155938085166,
    "best_amp": 18.992621131555637,
    "best_w_d": 0.003385729689845222,
    "best_ramp": 0.3423157240097729,
    "best_value": 0.006362495808376216,
    "optimization_time": 1421.0988342761993,
    "regime_bounds": {
        "amp": {
            "lower": 18.666666666666664,
            "upper": 21.333333333333332
        },
        "w_d": {
            "lower": 0.00314,
            "upper": 0.0034799999999999996
        },
        "ramp": {
            "lower": 1e-10,
            "upper": 0.5
        },
        "t_tot": {
            "lower": 76.25,
            "upper": 78.75
        }
    }
}