{
    "regime": "amp_4_wd_0_ramp_0_t60.0",
    "t_tot_center": 60.0,
    "best_t_tot": 60.22073742379343,
    "best_amp": 18.77175531252814,
    "best_w_d": 0.002975860012529577,
    "best_ramp": 0.3505046302355838,
    "best_value": 0.018087823993236843,
    "optimization_time": 2383.209749698639,
    "regime_bounds": {
        "amp": {
            "lower": 18.666666666666664,
            "upper": 21.333333333333332
        },
        "w_d": {
            "lower": 0.0028,
            "upper": 0.00314
        },
        "ramp": {
            "lower": 1e-10,
            "upper": 0.5
        },
        "t_tot": {
            "lower": 58.75,
            "upper": 61.25
        }
    }
}