{
    "regime": "amp_5_wd_4_ramp_0_t102.5",
    "t_tot_center": 102.5,
    "best_t_tot": 102.47769298848709,
    "best_amp": 21.647966645626063,
    "best_w_d": 0.004169320717786033,
    "best_ramp": 0.1537638712059712,
    "best_value": 0.0005867154747389717,
    "optimization_time": 1736.9567975997925,
    "regime_bounds": {
        "amp": {
            "lower": 21.333333333333332,
            "upper": 24.0
        },
        "w_d": {
            "lower": 0.00416,
            "upper": 0.0045
        },
        "ramp": {
            "lower": 1e-10,
            "upper": 0.5
        },
        "t_tot": {
            "lower": 101.25,
            "upper": 103.75
        }
    }
}