{
    "regime": "amp_0_wd_1_ramp_0_t110.0",
    "t_tot_center": 110.0,
    "best_t_tot": 111.24577429874635,
    "best_amp": 10.393711627763423,
    "best_w_d": 0.0034798900726119874,
    "best_ramp": 0.07839144871235983,
    "best_value": 0.013817788869843183,
    "optimization_time": 1928.4807579517365,
    "regime_bounds": {
        "amp": {
            "lower": 8.0,
            "upper": 10.666666666666666
        },
        "w_d": {
            "lower": 0.00314,
            "upper": 0.0034799999999999996
        },
        "ramp": {
            "lower": 1e-10,
            "upper": 0.5
        },
        "t_tot": {
            "lower": 108.75,
            "upper": 111.25
        }
    }
}