{
    "regime": "amp_4_wd_4_ramp_0_t105.0",
    "t_tot_center": 105.0,
    "best_t_tot": 104.71396212457277,
    "best_amp": 18.773225640383398,
    "best_w_d": 0.004198571469763595,
    "best_ramp": 0.10717725331747234,
    "best_value": 0.011339177623434692,
    "optimization_time": 2836.5665757656097,
    "regime_bounds": {
        "amp": {
            "lower": 18.666666666666664,
            "upper": 21.333333333333332
        },
        "w_d": {
            "lower": 0.00416,
            "upper": 0.0045
        },
        "ramp": {
            "lower": 1e-10,
            "upper": 0.5
        },
        "t_tot": {
            "lower": 103.75,
            "upper": 106.25
        }
    }
}