{
    "regime": "amp_3_wd_2_ramp_0_t72.5",
    "t_tot_center": 72.5,
    "best_t_tot": 71.86089691678255,
    "best_amp": 18.50326897790857,
    "best_w_d": 0.0037867228110719875,
    "best_ramp": 0.177824922665334,
    "best_value": 0.05249977705710919,
    "optimization_time": 2623.2708644866943,
    "regime_bounds": {
        "amp": {
            "lower": 16.0,
            "upper": 18.666666666666664
        },
        "w_d": {
            "lower": 0.0034799999999999996,
            "upper": 0.0038199999999999996
        },
        "ramp": {
            "lower": 1e-10,
            "upper": 0.5
        },
        "t_tot": {
            "lower": 71.25,
            "upper": 73.75
        }
    }
}