{
    "regime": "amp_2_wd_4_ramp_0_t67.5",
    "t_tot_center": 67.5,
    "best_t_tot": 67.13347749527374,
    "best_amp": 15.935635204422137,
    "best_w_d": 0.004316435401671808,
    "best_ramp": 0.18725902387916876,
    "best_value": 0.1093541141332962,
    "optimization_time": 1855.0677905082703,
    "regime_bounds": {
        "amp": {
            "lower": 13.333333333333332,
            "upper": 16.0
        },
        "w_d": {
            "lower": 0.00416,
            "upper": 0.0045
        },
        "ramp": {
            "lower": 1e-10,
            "upper": 0.5
        },
        "t_tot": {
            "lower": 66.25,
            "upper": 68.75
        }
    }
}