{
    "regime": "amp_4_wd_3_ramp_0_t105.0",
    "t_tot_center": 105.0,
    "best_t_tot": 105.14935214010029,
    "best_amp": 18.7999230977609,
    "best_w_d": 0.0038262513230399526,
    "best_ramp": 0.1154886523893646,
    "best_value": 0.005450430792629646,
    "optimization_time": 3234.8849380016327,
    "regime_bounds": {
        "amp": {
            "lower": 18.666666666666664,
            "upper": 21.333333333333332
        },
        "w_d": {
            "lower": 0.0038199999999999996,
            "upper": 0.00416
        },
        "ramp": {
            "lower": 1e-10,
            "upper": 0.5
        },
        "t_tot": {
            "lower": 103.75,
            "upper": 106.25
        }
    }
}