{
    "regime": "amp_3_wd_1_ramp_0_t50.0",
    "t_tot_center": 50.0,
    "best_t_tot": 49.90105733842446,
    "best_amp": 16.180798491540468,
    "best_w_d": 0.003473953317910606,
    "best_ramp": 0.2711920326996798,
    "best_value": 0.04028050221955159,
    "optimization_time": 1450.618352174759,
    "regime_bounds": {
        "amp": {
            "lower": 16.0,
            "upper": 18.666666666666664
        },
        "w_d": {
            "lower": 0.00314,
            "upper": 0.0034799999999999996
        },
        "ramp": {
            "lower": 1e-10,
            "upper": 0.5
        },
        "t_tot": {
            "lower": 48.75,
            "upper": 51.25
        }
    }
}