{
    "regime": "amp_5_wd_0_ramp_0_t80.0",
    "t_tot_center": 80.0,
    "best_t_tot": 80.3140261444043,
    "best_amp": 21.404339722940815,
    "best_w_d": 0.0031359109977953255,
    "best_ramp": 0.2462343356263153,
    "best_value": 0.0002556704962940346,
    "optimization_time": 3144.640994310379,
    "regime_bounds": {
        "amp": {
            "lower": 21.333333333333332,
            "upper": 24.0
        },
        "w_d": {
            "lower": 0.0028,
            "upper": 0.00314
        },
        "ramp": {
            "lower": 1e-10,
            "upper": 0.5
        },
        "t_tot": {
            "lower": 78.75,
            "upper": 81.25
        }
    }
}