{
    "regime": "amp_2_wd_2_ramp_0_t80.0",
    "t_tot_center": 80.0,
    "best_t_tot": 79.91492997584446,
    "best_amp": 15.992109287020238,
    "best_w_d": 0.0038026503975510735,
    "best_ramp": 0.14490691539218986,
    "best_value": 0.08786945380404729,
    "optimization_time": 1541.3636922836304,
    "regime_bounds": {
        "amp": {
            "lower": 13.333333333333332,
            "upper": 16.0
        },
        "w_d": {
            "lower": 0.0034799999999999996,
            "upper": 0.0038199999999999996
        },
        "ramp": {
            "lower": 1e-10,
            "upper": 0.5
        },
        "t_tot": {
            "lower": 78.75,
            "upper": 81.25
        }
    }
}