{
    "regime": "amp_0_wd_1_ramp_0_t105.0",
    "t_tot_center": 105.0,
    "best_t_tot": 106.24897595224705,
    "best_amp": 10.666615137479617,
    "best_w_d": 0.003467992693096229,
    "best_ramp": 0.05890654453907726,
    "best_value": 0.144366545537368,
    "optimization_time": 2989.2689530849457,
    "regime_bounds": {
        "amp": {
            "lower": 8.0,
            "upper": 10.666666666666666
        },
        "w_d": {
            "lower": 0.00314,
            "upper": 0.0034799999999999996
        },
        "ramp": {
            "lower": 1e-10,
            "upper": 0.5
        },
        "t_tot": {
            "lower": 103.75,
            "upper": 106.25
        }
    }
}