{
    "regime": "amp_2_wd_0_ramp_0_t65.0",
    "t_tot_center": 65.0,
    "best_t_tot": 64.8425098562446,
    "best_amp": 13.594579403298177,
    "best_w_d": 0.002970574839818209,
    "best_ramp": 0.24529109855031137,
    "best_value": 2.7476772869520277e-05,
    "optimization_time": 1575.2185921669006,
    "regime_bounds": {
        "amp": {
            "lower": 13.333333333333332,
            "upper": 16.0
        },
        "w_d": {
            "lower": 0.0028,
            "upper": 0.00314
        },
        "ramp": {
            "lower": 1e-10,
            "upper": 0.5
        },
        "t_tot": {
            "lower": 63.75,
            "upper": 66.25
        }
    }
}