{
    "regime": "amp_5_wd_1_ramp_0_t75.0",
    "t_tot_center": 75.0,
    "best_t_tot": 75.04916745617778,
    "best_amp": 21.39997118773769,
    "best_w_d": 0.0034627481398071306,
    "best_ramp": 0.16116862491282047,
    "best_value": 0.0001547585412041378,
    "optimization_time": 1405.2250986099243,
    "regime_bounds": {
        "amp": {
            "lower": 21.333333333333332,
            "upper": 24.0
        },
        "w_d": {
            "lower": 0.00314,
            "upper": 0.0034799999999999996
        },
        "ramp": {
            "lower": 1e-10,
            "upper": 0.5
        },
        "t_tot": {
            "lower": 73.75,
            "upper": 76.25
        }
    }
}