{
    "regime": "amp_1_wd_4_ramp_0_t77.5",
    "t_tot_center": 77.5,
    "best_t_tot": 78.74998026840153,
    "best_amp": 12.997204328881828,
    "best_w_d": 0.004383860112583428,
    "best_ramp": 0.11433171259112695,
    "best_value": 0.09230476075502826,
    "optimization_time": 2281.8570210933685,
    "regime_bounds": {
        "amp": {
            "lower": 10.666666666666666,
            "upper": 13.333333333333332
        },
        "w_d": {
            "lower": 0.00416,
            "upper": 0.0045
        },
        "ramp": {
            "lower": 1e-10,
            "upper": 0.5
        },
        "t_tot": {
            "lower": 76.25,
            "upper": 78.75
        }
    }
}