{
    "regime": "amp_0_wd_2_ramp_0_t62.5",
    "t_tot_center": 62.5,
    "best_t_tot": 61.25000056459041,
    "best_amp": 10.666666384459326,
    "best_w_d": 0.0034800002378101587,
    "best_ramp": 0.2374575346065,
    "best_value": 0.5185662508541133,
    "optimization_time": 1910.805002450943,
    "regime_bounds": {
        "amp": {
            "lower": 8.0,
            "upper": 10.666666666666666
        },
        "w_d": {
            "lower": 0.0034799999999999996,
            "upper": 0.0038199999999999996
        },
        "ramp": {
            "lower": 1e-10,
            "upper": 0.5
        },
        "t_tot": {
            "lower": 61.25,
            "upper": 63.75
        }
    }
}