{
    "regime": "amp_1_wd_1_ramp_0_t110.0",
    "t_tot_center": 110.0,
    "best_t_tot": 110.24507048497317,
    "best_amp": 10.730426990173187,
    "best_w_d": 0.003468991059731394,
    "best_ramp": 0.06641444694135856,
    "best_value": 0.012376818131343191,
    "optimization_time": 2246.4692871570587,
    "regime_bounds": {
        "amp": {
            "lower": 10.666666666666666,
            "upper": 13.333333333333332
        },
        "w_d": {
            "lower": 0.00314,
            "upper": 0.0034799999999999996
        },
        "ramp": {
            "lower": 1e-10,
            "upper": 0.5
        },
        "t_tot": {
            "lower": 108.75,
            "upper": 111.25
        }
    }
}