{
    "regime": "amp_1_wd_2_ramp_0_t52.5",
    "t_tot_center": 52.5,
    "best_t_tot": 51.25000797509519,
    "best_amp": 12.008960881611882,
    "best_w_d": 0.0036210447938331025,
    "best_ramp": 0.2153834405388654,
    "best_value": 0.0011064009008696796,
    "optimization_time": 1667.2327101230621,
    "regime_bounds": {
        "amp": {
            "lower": 10.666666666666666,
            "upper": 13.333333333333332
        },
        "w_d": {
            "lower": 0.0034799999999999996,
            "upper": 0.0038199999999999996
        },
        "ramp": {
            "lower": 1e-10,
            "upper": 0.5
        },
        "t_tot": {
            "lower": 51.25,
            "upper": 53.75
        }
    }
}