{
    "regime": "amp_1_wd_1_ramp_0_t102.5",
    "t_tot_center": 102.5,
    "best_t_tot": 103.74977286906316,
    "best_amp": 13.132237617090128,
    "best_w_d": 0.0033968329671853342,
    "best_ramp": 0.08082607853095199,
    "best_value": 0.06514512756141923,
    "optimization_time": 2394.822450876236,
    "regime_bounds": {
        "amp": {
            "lower": 10.666666666666666,
            "upper": 13.333333333333332
        },
        "w_d": {
            "lower": 0.00314,
            "upper": 0.0034799999999999996
        },
        "ramp": {
            "lower": 1e-10,
            "upper": 0.5
        },
        "t_tot": {
            "lower": 101.25,
            "upper": 103.75
        }
    }
}