{
    "regime": "amp_1_wd_1_ramp_0_t67.5",
    "t_tot_center": 67.5,
    "best_t_tot": 67.05851828112954,
    "best_amp": 13.09207129099634,
    "best_w_d": 0.0033455512962509426,
    "best_ramp": 0.306011784965835,
    "best_value": 0.04960019164786,
    "optimization_time": 2860.7646355628967,
    "regime_bounds": {
        "amp": {
            "lower": 10.666666666666666,
            "upper": 13.333333333333332
        },
        "w_d": {
            "lower": 0.00314,
            "upper": 0.0034799999999999996
        },
        "ramp": {
            "lower": 1e-10,
            "upper": 0.5
        },
        "t_tot": {
            "lower": 66.25,
            "upper": 68.75
        }
    }
}