{
    "regime": "amp_5_wd_3_ramp_0_t57.5",
    "t_tot_center": 57.5,
    "best_t_tot": 57.73465207595772,
    "best_amp": 21.756385416407326,
    "best_w_d": 0.0038837275409269695,
    "best_ramp": 0.36269721738945687,
    "best_value": 0.02313005146487751,
    "optimization_time": 2631.112602710724,
    "regime_bounds": {
        "amp": {
            "lower": 21.333333333333332,
            "upper": 24.0
        },
        "w_d": {
            "lower": 0.0038199999999999996,
            "upper": 0.00416
        },
        "ramp": {
            "lower": 1e-10,
            "upper": 0.5
        },
        "t_tot": {
            "lower": 56.25,
            "upper": 58.75
        }
    }
}