{
    "regime": "amp_3_wd_1_ramp_0_t72.5",
    "t_tot_center": 72.5,
    "best_t_tot": 72.18711037940798,
    "best_amp": 18.250278115593318,
    "best_w_d": 0.0034554647947372128,
    "best_ramp": 0.23659669560363036,
    "best_value": 0.022688807684416015,
    "optimization_time": 2922.4449903964996,
    "regime_bounds": {
        "amp": {
            "lower": 16.0,
            "upper": 18.666666666666664
        },
        "w_d": {
            "lower": 0.00314,
            "upper": 0.0034799999999999996
        },
        "ramp": {
            "lower": 1e-10,
            "upper": 0.5
        },
        "t_tot": {
            "lower": 71.25,
            "upper": 73.75
        }
    }
}