{
    "regime": "amp_0_wd_4_ramp_0_t95.0",
    "t_tot_center": 95.0,
    "best_t_tot": 95.08981885930872,
    "best_amp": 10.38750701901072,
    "best_w_d": 0.004197136389041718,
    "best_ramp": 0.08796701856291535,
    "best_value": 0.0010404454237384095,
    "optimization_time": 3066.627192258835,
    "regime_bounds": {
        "amp": {
            "lower": 8.0,
            "upper": 10.666666666666666
        },
        "w_d": {
            "lower": 0.00416,
            "upper": 0.0045
        },
        "ramp": {
            "lower": 1e-10,
            "upper": 0.5
        },
        "t_tot": {
            "lower": 93.75,
            "upper": 96.25
        }
    }
}