{
    "regime": "amp_2_wd_3_ramp_0_t120.0",
    "t_tot_center": 120.0,
    "best_t_tot": 120.0823333048884,
    "best_amp": 13.605120181695435,
    "best_w_d": 0.003831175074827985,
    "best_ramp": 0.1831295668203526,
    "best_value": 8.585505570041642e-05,
    "optimization_time": 3964.488799571991,
    "regime_bounds": {
        "amp": {
            "lower": 13.333333333333332,
            "upper": 16.0
        },
        "w_d": {
            "lower": 0.0038199999999999996,
            "upper": 0.00416
        },
        "ramp": {
            "lower": 1e-10,
            "upper": 0.5
        },
        "t_tot": {
            "lower": 118.75,
            "upper": 121.25
        }
    }
}