{
    "regime": "amp_3_wd_0_ramp_0_t57.5",
    "t_tot_center": 57.5,
    "best_t_tot": 57.53814244677225,
    "best_amp": 16.23995918939474,
    "best_w_d": 0.0029246693090503144,
    "best_ramp": 0.2606009988634633,
    "best_value": 0.030909032996218434,
    "optimization_time": 1726.1074378490448,
    "regime_bounds": {
        "amp": {
            "lower": 16.0,
            "upper": 18.666666666666664
        },
        "w_d": {
            "lower": 0.0028,
            "upper": 0.00314
        },
        "ramp": {
            "lower": 1e-10,
            "upper": 0.5
        },
        "t_tot": {
            "lower": 56.25,
            "upper": 58.75
        }
    }
}