{
    "regime": "amp_3_wd_4_ramp_0_t85.0",
    "t_tot_center": 85.0,
    "best_t_tot": 85.12480390668989,
    "best_amp": 16.3746138611917,
    "best_w_d": 0.004355359581069,
    "best_ramp": 0.21951740017925453,
    "best_value": 0.0001741705103565506,
    "optimization_time": 3063.6482367515564,
    "regime_bounds": {
        "amp": {
            "lower": 16.0,
            "upper": 18.666666666666664
        },
        "w_d": {
            "lower": 0.00416,
            "upper": 0.0045
        },
        "ramp": {
            "lower": 1e-10,
            "upper": 0.5
        },
        "t_tot": {
            "lower": 83.75,
            "upper": 86.25
        }
    }
}