{
    "regime": "amp_5_wd_0_ramp_0_t52.5",
    "t_tot_center": 52.5,
    "best_t_tot": 51.8282712264024,
    "best_amp": 21.337998385674396,
    "best_w_d": 0.003039749706448966,
    "best_ramp": 0.48641065447322396,
    "best_value": 0.018693238317819657,
    "optimization_time": 2392.8605437278748,
    "regime_bounds": {
        "amp": {
            "lower": 21.333333333333332,
            "upper": 24.0
        },
        "w_d": {
            "lower": 0.0028,
            "upper": 0.00314
        },
        "ramp": {
            "lower": 1e-10,
            "upper": 0.5
        },
        "t_tot": {
            "lower": 51.25,
            "upper": 53.75
        }
    }
}