{
    "regime": "amp_0_wd_2_ramp_0_t52.5",
    "t_tot_center": 52.5,
    "best_t_tot": 51.25014414660876,
    "best_amp": 10.538085663249646,
    "best_w_d": 0.0035858245986220196,
    "best_ramp": 0.3012930662275921,
    "best_value": 0.04776801857556273,
    "optimization_time": 992.0341141223907,
    "regime_bounds": {
        "amp": {
            "lower": 8.0,
            "upper": 10.666666666666666
        },
        "w_d": {
            "lower": 0.0034799999999999996,
            "upper": 0.0038199999999999996
        },
        "ramp": {
            "lower": 1e-10,
            "upper": 0.5
        },
        "t_tot": {
            "lower": 51.25,
            "upper": 53.75
        }
    }
}