{
    "regime": "amp_4_wd_3_ramp_0_t55.0",
    "t_tot_center": 55.0,
    "best_t_tot": 56.001925237110285,
    "best_amp": 18.876723911785945,
    "best_w_d": 0.00387270619911021,
    "best_ramp": 0.24792190478782114,
    "best_value": 0.03044383954713295,
    "optimization_time": 2201.7840938568115,
    "regime_bounds": {
        "amp": {
            "lower": 18.666666666666664,
            "upper": 21.333333333333332
        },
        "w_d": {
            "lower": 0.0038199999999999996,
            "upper": 0.00416
        },
        "ramp": {
            "lower": 1e-10,
            "upper": 0.5
        },
        "t_tot": {
            "lower": 53.75,
            "upper": 56.25
        }
    }
}