{
    "regime": "amp_0_wd_1_ramp_0_t77.5",
    "t_tot_center": 77.5,
    "best_t_tot": 76.25031841424948,
    "best_amp": 10.666527596712058,
    "best_w_d": 0.003478833113930011,
    "best_ramp": 0.12042602929091302,
    "best_value": 0.6239129806331758,
    "optimization_time": 1862.5112223625183,
    "regime_bounds": {
        "amp": {
            "lower": 8.0,
            "upper": 10.666666666666666
        },
        "w_d": {
            "lower": 0.00314,
            "upper": 0.0034799999999999996
        },
        "ramp": {
            "lower": 1e-10,
            "upper": 0.5
        },
        "t_tot": {
            "lower": 76.25,
            "upper": 78.75
        }
    }
}