{
    "regime": "amp_0_wd_3_ramp_0_t105.0",
    "t_tot_center": 105.0,
    "best_t_tot": 104.47427839413271,
    "best_amp": 10.46738113386292,
    "best_w_d": 0.0038416510272985143,
    "best_ramp": 0.09679615509551019,
    "best_value": 0.00011387210171587289,
    "optimization_time": 2385.4858391284943,
    "regime_bounds": {
        "amp": {
            "lower": 8.0,
            "upper": 10.666666666666666
        },
        "w_d": {
            "lower": 0.0038199999999999996,
            "upper": 0.00416
        },
        "ramp": {
            "lower": 1e-10,
            "upper": 0.5
        },
        "t_tot": {
            "lower": 103.75,
            "upper": 106.25
        }
    }
}