{
    "regime": "amp_2_wd_1_ramp_0_t87.5",
    "t_tot_center": 87.5,
    "best_t_tot": 87.2858594360528,
    "best_amp": 13.994974653831827,
    "best_w_d": 0.0034750039629755903,
    "best_ramp": 0.12468769862092625,
    "best_value": 0.23721124616912137,
    "optimization_time": 2149.024742603302,
    "regime_bounds": {
        "amp": {
            "lower": 13.333333333333332,
            "upper": 16.0
        },
        "w_d": {
            "lower": 0.00314,
            "upper": 0.0034799999999999996
        },
        "ramp": {
            "lower": 1e-10,
            "upper": 0.5
        },
        "t_tot": {
            "lower": 86.25,
            "upper": 88.75
        }
    }
}