{
    "regime": "amp_3_wd_0_ramp_0_t50.0",
    "t_tot_center": 50.0,
    "best_t_tot": 50.13711161786583,
    "best_amp": 16.303918183127887,
    "best_w_d": 0.0031081831829781045,
    "best_ramp": 0.34505562012024965,
    "best_value": 0.02823992229121198,
    "optimization_time": 1912.4286422729492,
    "regime_bounds": {
        "amp": {
            "lower": 16.0,
            "upper": 18.666666666666664
        },
        "w_d": {
            "lower": 0.0028,
            "upper": 0.00314
        },
        "ramp": {
            "lower": 1e-10,
            "upper": 0.5
        },
        "t_tot": {
            "lower": 48.75,
            "upper": 51.25
        }
    }
}