{
    "regime": "amp_3_wd_0_ramp_0_t60.0",
    "t_tot_center": 60.0,
    "best_t_tot": 60.63693479319346,
    "best_amp": 16.237312987324376,
    "best_w_d": 0.0029699350980379683,
    "best_ramp": 0.23155576019292073,
    "best_value": 0.03066570490001251,
    "optimization_time": 2225.964683532715,
    "regime_bounds": {
        "amp": {
            "lower": 16.0,
            "upper": 18.666666666666664
        },
        "w_d": {
            "lower": 0.0028,
            "upper": 0.00314
        },
        "ramp": {
            "lower": 1e-10,
            "upper": 0.5
        },
        "t_tot": {
            "lower": 58.75,
            "upper": 61.25
        }
    }
}