{
    "regime": "amp_4_wd_2_ramp_0_t90.0",
    "t_tot_center": 90.0,
    "best_t_tot": 90.17843898572382,
    "best_amp": 18.7677917595085,
    "best_w_d": 0.0038029008082110754,
    "best_ramp": 0.16540852161934833,
    "best_value": 0.0007008479127374955,
    "optimization_time": 3003.731261730194,
    "regime_bounds": {
        "amp": {
            "lower": 18.666666666666664,
            "upper": 21.333333333333332
        },
        "w_d": {
            "lower": 0.0034799999999999996,
            "upper": 0.0038199999999999996
        },
        "ramp": {
            "lower": 1e-10,
            "upper": 0.5
        },
        "t_tot": {
            "lower": 88.75,
            "upper": 91.25
        }
    }
}