{
    "regime": "amp_5_wd_1_ramp_0_t97.5",
    "t_tot_center": 97.5,
    "best_t_tot": 97.86580856300021,
    "best_amp": 22.243712786863426,
    "best_w_d": 0.0033339624268994084,
    "best_ramp": 0.1590198115599092,
    "best_value": 0.002587471250643896,
    "optimization_time": 4114.56192946434,
    "regime_bounds": {
        "amp": {
            "lower": 21.333333333333332,
            "upper": 24.0
        },
        "w_d": {
            "lower": 0.00314,
            "upper": 0.0034799999999999996
        },
        "ramp": {
            "lower": 1e-10,
            "upper": 0.5
        },
        "t_tot": {
            "lower": 96.25,
            "upper": 98.75
        }
    }
}