{
    "regime": "amp_4_wd_0_ramp_0_t75.0",
    "t_tot_center": 75.0,
    "best_t_tot": 74.99616700331255,
    "best_amp": 19.965039104715956,
    "best_w_d": 0.0031399252678447963,
    "best_ramp": 0.20065601001509073,
    "best_value": 0.0007539403580019717,
    "optimization_time": 3257.1999006271362,
    "regime_bounds": {
        "amp": {
            "lower": 18.666666666666664,
            "upper": 21.333333333333332
        },
        "w_d": {
            "lower": 0.0028,
            "upper": 0.00314
        },
        "ramp": {
            "lower": 1e-10,
            "upper": 0.5
        },
        "t_tot": {
            "lower": 73.75,
            "upper": 76.25
        }
    }
}