{
    "regime": "amp_3_wd_3_ramp_0_t77.5",
    "t_tot_center": 77.5,
    "best_t_tot": 78.7499951687016,
    "best_amp": 16.40850572173368,
    "best_w_d": 0.004156984805073602,
    "best_ramp": 0.1326793925014702,
    "best_value": 0.040130781898629904,
    "optimization_time": 3225.1185591220856,
    "regime_bounds": {
        "amp": {
            "lower": 16.0,
            "upper": 18.666666666666664
        },
        "w_d": {
            "lower": 0.0038199999999999996,
            "upper": 0.00416
        },
        "ramp": {
            "lower": 1e-10,
            "upper": 0.5
        },
        "t_tot": {
            "lower": 76.25,
            "upper": 78.75
        }
    }
}