{
    "regime": "amp_3_wd_1_ramp_0_t112.5",
    "t_tot_center": 112.5,
    "best_t_tot": 111.9237592410054,
    "best_amp": 16.19860928421983,
    "best_w_d": 0.003452045801176455,
    "best_ramp": 0.15256054092556423,
    "best_value": 0.0001911083473243467,
    "optimization_time": 4238.205284118652,
    "regime_bounds": {
        "amp": {
            "lower": 16.0,
            "upper": 18.666666666666664
        },
        "w_d": {
            "lower": 0.00314,
            "upper": 0.0034799999999999996
        },
        "ramp": {
            "lower": 1e-10,
            "upper": 0.5
        },
        "t_tot": {
            "lower": 111.25,
            "upper": 113.75
        }
    }
}