{
    "regime": "amp_3_wd_1_ramp_0_t55.0",
    "t_tot_center": 55.0,
    "best_t_tot": 55.293889086842775,
    "best_amp": 16.87892532899301,
    "best_w_d": 0.0033443479408748525,
    "best_ramp": 0.4953149951042843,
    "best_value": 4.106877921792217e-06,
    "optimization_time": 2029.5393242835999,
    "regime_bounds": {
        "amp": {
            "lower": 16.0,
            "upper": 18.666666666666664
        },
        "w_d": {
            "lower": 0.00314,
            "upper": 0.0034799999999999996
        },
        "ramp": {
            "lower": 1e-10,
            "upper": 0.5
        },
        "t_tot": {
            "lower": 53.75,
            "upper": 56.25
        }
    }
}