{
    "regime": "amp_2_wd_2_ramp_0_t85.0",
    "t_tot_center": 85.0,
    "best_t_tot": 84.80315743342251,
    "best_amp": 15.986339361766428,
    "best_w_d": 0.003770713446371089,
    "best_ramp": 0.2129960297600193,
    "best_value": 0.10626792115178055,
    "optimization_time": 3119.7251510620117,
    "regime_bounds": {
        "amp": {
            "lower": 13.333333333333332,
            "upper": 16.0
        },
        "w_d": {
            "lower": 0.0034799999999999996,
            "upper": 0.0038199999999999996
        },
        "ramp": {
            "lower": 1e-10,
            "upper": 0.5
        },
        "t_tot": {
            "lower": 83.75,
            "upper": 86.25
        }
    }
}