{
    "regime": "amp_2_wd_1_ramp_0_t90.0",
    "t_tot_center": 90.0,
    "best_t_tot": 88.75000553030175,
    "best_amp": 14.29020145356379,
    "best_w_d": 0.0034319010905359782,
    "best_ramp": 0.1319912458677716,
    "best_value": 0.22830630284649714,
    "optimization_time": 2154.698485851288,
    "regime_bounds": {
        "amp": {
            "lower": 13.333333333333332,
            "upper": 16.0
        },
        "w_d": {
            "lower": 0.00314,
            "upper": 0.0034799999999999996
        },
        "ramp": {
            "lower": 1e-10,
            "upper": 0.5
        },
        "t_tot": {
            "lower": 88.75,
            "upper": 91.25
        }
    }
}