{
    "regime": "amp_1_wd_0_ramp_0_t67.5",
    "t_tot_center": 67.5,
    "best_t_tot": 66.25029773562645,
    "best_amp": 13.31181260356997,
    "best_w_d": 0.0030555095183865924,
    "best_ramp": 0.22051472779090012,
    "best_value": 0.015343337591158534,
    "optimization_time": 2080.396129846573,
    "regime_bounds": {
        "amp": {
            "lower": 10.666666666666666,
            "upper": 13.333333333333332
        },
        "w_d": {
            "lower": 0.0028,
            "upper": 0.00314
        },
        "ramp": {
            "lower": 1e-10,
            "upper": 0.5
        },
        "t_tot": {
            "lower": 66.25,
            "upper": 68.75
        }
    }
}