{
    "regime": "amp_5_wd_3_ramp_0_t92.5",
    "t_tot_center": 92.5,
    "best_t_tot": 92.6347801424052,
    "best_amp": 21.405629373651166,
    "best_w_d": 0.004063027986308532,
    "best_ramp": 0.1916465517274843,
    "best_value": 0.00013845321532250958,
    "optimization_time": 2595.032001018524,
    "regime_bounds": {
        "amp": {
            "lower": 21.333333333333332,
            "upper": 24.0
        },
        "w_d": {
            "lower": 0.0038199999999999996,
            "upper": 0.00416
        },
        "ramp": {
            "lower": 1e-10,
            "upper": 0.5
        },
        "t_tot": {
            "lower": 91.25,
            "upper": 93.75
        }
    }
}