{
    "regime": "amp_0_wd_3_ramp_0_t67.5",
    "t_tot_center": 67.5,
    "best_t_tot": 66.2500333576095,
    "best_amp": 10.666638102089127,
    "best_w_d": 0.004116545657086211,
    "best_ramp": 0.10594307029433425,
    "best_value": 0.4682858398185924,
    "optimization_time": 1850.9410800933838,
    "regime_bounds": {
        "amp": {
            "lower": 8.0,
            "upper": 10.666666666666666
        },
        "w_d": {
            "lower": 0.0038199999999999996,
            "upper": 0.00416
        },
        "ramp": {
            "lower": 1e-10,
            "upper": 0.5
        },
        "t_tot": {
            "lower": 66.25,
            "upper": 68.75
        }
    }
}