{
    "regime": "amp_2_wd_0_ramp_0_t102.5",
    "t_tot_center": 102.5,
    "best_t_tot": 103.72944482147167,
    "best_amp": 15.999976764506396,
    "best_w_d": 0.0031364482868938464,
    "best_ramp": 0.09193402568538979,
    "best_value": 0.13665098541196344,
    "optimization_time": 2763.13623046875,
    "regime_bounds": {
        "amp": {
            "lower": 13.333333333333332,
            "upper": 16.0
        },
        "w_d": {
            "lower": 0.0028,
            "upper": 0.00314
        },
        "ramp": {
            "lower": 1e-10,
            "upper": 0.5
        },
        "t_tot": {
            "lower": 101.25,
            "upper": 103.75
        }
    }
}