{
    "regime": "amp_0_wd_3_ramp_0_t55.0",
    "t_tot_center": 55.0,
    "best_t_tot": 53.75013945497035,
    "best_amp": 10.586904208390969,
    "best_w_d": 0.0038200006635707583,
    "best_ramp": 0.36707072491250314,
    "best_value": 0.14204487272097582,
    "optimization_time": 1512.171345949173,
    "regime_bounds": {
        "amp": {
            "lower": 8.0,
            "upper": 10.666666666666666
        },
        "w_d": {
            "lower": 0.0038199999999999996,
            "upper": 0.00416
        },
        "ramp": {
            "lower": 1e-10,
            "upper": 0.5
        },
        "t_tot": {
            "lower": 53.75,
            "upper": 56.25
        }
    }
}