{
    "regime": "amp_2_wd_1_ramp_0_t105.0",
    "t_tot_center": 105.0,
    "best_t_tot": 105.1978370410184,
    "best_amp": 15.73763734969828,
    "best_w_d": 0.003315500425102555,
    "best_ramp": 0.10365973345245316,
    "best_value": 0.003471971219073787,
    "optimization_time": 1333.444373369217,
    "regime_bounds": {
        "amp": {
            "lower": 13.333333333333332,
            "upper": 16.0
        },
        "w_d": {
            "lower": 0.00314,
            "upper": 0.0034799999999999996
        },
        "ramp": {
            "lower": 1e-10,
            "upper": 0.5
        },
        "t_tot": {
            "lower": 103.75,
            "upper": 106.25
        }
    }
}