{
    "regime": "amp_1_wd_4_ramp_0_t97.5",
    "t_tot_center": 97.5,
    "best_t_tot": 97.95456550456655,
    "best_amp": 12.924341016414024,
    "best_w_d": 0.004192662635138887,
    "best_ramp": 0.14210406797123293,
    "best_value": 9.402714052694315e-05,
    "optimization_time": 2149.2376387119293,
    "regime_bounds": {
        "amp": {
            "lower": 10.666666666666666,
            "upper": 13.333333333333332
        },
        "w_d": {
            "lower": 0.00416,
            "upper": 0.0045
        },
        "ramp": {
            "lower": 1e-10,
            "upper": 0.5
        },
        "t_tot": {
            "lower": 96.25,
            "upper": 98.75
        }
    }
}