{
    "regime": "amp_5_wd_3_ramp_0_t117.5",
    "t_tot_center": 117.5,
    "best_t_tot": 117.59889874311743,
    "best_amp": 21.412688460012447,
    "best_w_d": 0.003847416282768257,
    "best_ramp": 0.10055069739149844,
    "best_value": 0.006936313543526262,
    "optimization_time": 3905.114750623703,
    "regime_bounds": {
        "amp": {
            "lower": 21.333333333333332,
            "upper": 24.0
        },
        "w_d": {
            "lower": 0.0038199999999999996,
            "upper": 0.00416
        },
        "ramp": {
            "lower": 1e-10,
            "upper": 0.5
        },
        "t_tot": {
            "lower": 116.25,
            "upper": 118.75
        }
    }
}