{
    "regime": "amp_0_wd_0_ramp_0_t87.5",
    "t_tot_center": 87.5,
    "best_t_tot": 86.77701108721287,
    "best_amp": 9.072523559632389,
    "best_w_d": 0.003004517995133105,
    "best_ramp": 0.08096198501250389,
    "best_value": 0.6656485701024399,
    "optimization_time": 5568.726799488068,
    "regime_bounds": {
        "amp": {
            "lower": 8.0,
            "upper": 10.666666666666666
        },
        "w_d": {
            "lower": 0.0028,
            "upper": 0.00314
        },
        "ramp": {
            "lower": 1e-10,
            "upper": 0.5
        },
        "t_tot": {
            "lower": 86.25,
            "upper": 88.75
        }
    }
}