{
    "regime": "amp_0_wd_3_ramp_0_t115.0",
    "t_tot_center": 115.0,
    "best_t_tot": 114.9791350555485,
    "best_amp": 9.472358466538585,
    "best_w_d": 0.003859353284243311,
    "best_ramp": 0.09536298576378156,
    "best_value": 1.2683386260764266e-05,
    "optimization_time": 2990.072912454605,
    "regime_bounds": {
        "amp": {
            "lower": 8.0,
            "upper": 10.666666666666666
        },
        "w_d": {
            "lower": 0.0038199999999999996,
            "upper": 0.00416
        },
        "ramp": {
            "lower": 1e-10,
            "upper": 0.5
        },
        "t_tot": {
            "lower": 113.75,
            "upper": 116.25
        }
    }
}