{
    "regime": "amp_1_wd_1_ramp_0_t80.0",
    "t_tot_center": 80.0,
    "best_t_tot": 78.75012044559685,
    "best_amp": 13.239897597969621,
    "best_w_d": 0.0034723337040178594,
    "best_ramp": 0.19744490995798375,
    "best_value": 0.36388359518244184,
    "optimization_time": 1516.2161602973938,
    "regime_bounds": {
        "amp": {
            "lower": 10.666666666666666,
            "upper": 13.333333333333332
        },
        "w_d": {
            "lower": 0.00314,
            "upper": 0.0034799999999999996
        },
        "ramp": {
            "lower": 1e-10,
            "upper": 0.5
        },
        "t_tot": {
            "lower": 78.75,
            "upper": 81.25
        }
    }
}