{
    "regime": "amp_1_wd_3_ramp_0_t52.5",
    "t_tot_center": 52.5,
    "best_t_tot": 51.504362677005766,
    "best_amp": 11.78919940686467,
    "best_w_d": 0.00383002669606226,
    "best_ramp": 0.3213205673373684,
    "best_value": 0.009448629687218657,
    "optimization_time": 1601.2519102096558,
    "regime_bounds": {
        "amp": {
            "lower": 10.666666666666666,
            "upper": 13.333333333333332
        },
        "w_d": {
            "lower": 0.0038199999999999996,
            "upper": 0.00416
        },
        "ramp": {
            "lower": 1e-10,
            "upper": 0.5
        },
        "t_tot": {
            "lower": 51.25,
            "upper": 53.75
        }
    }
}