{
    "regime": "amp_4_wd_1_ramp_0_t97.5",
    "t_tot_center": 97.5,
    "best_t_tot": 97.889280157244,
    "best_amp": 18.81144822007948,
    "best_w_d": 0.0033300611467858487,
    "best_ramp": 0.12663065545249202,
    "best_value": 0.03031866110068516,
    "optimization_time": 2701.149621486664,
    "regime_bounds": {
        "amp": {
            "lower": 18.666666666666664,
            "upper": 21.333333333333332
        },
        "w_d": {
            "lower": 0.00314,
            "upper": 0.0034799999999999996
        },
        "ramp": {
            "lower": 1e-10,
            "upper": 0.5
        },
        "t_tot": {
            "lower": 96.25,
            "upper": 98.75
        }
    }
}