{
    "regime": "amp_1_wd_0_ramp_0_t107.5",
    "t_tot_center": 107.5,
    "best_t_tot": 108.25715762784338,
    "best_amp": 13.293203165607462,
    "best_w_d": 0.0031180814833977884,
    "best_ramp": 0.06887862854724289,
    "best_value": 0.23259414896837036,
    "optimization_time": 2249.2897896766663,
    "regime_bounds": {
        "amp": {
            "lower": 10.666666666666666,
            "upper": 13.333333333333332
        },
        "w_d": {
            "lower": 0.0028,
            "upper": 0.00314
        },
        "ramp": {
            "lower": 1e-10,
            "upper": 0.5
        },
        "t_tot": {
            "lower": 106.25,
            "upper": 108.75
        }
    }
}