{
    "regime": "amp_5_wd_1_ramp_0_t92.5",
    "t_tot_center": 92.5,
    "best_t_tot": 92.71864705635485,
    "best_amp": 21.830576820610634,
    "best_w_d": 0.0034404332307015543,
    "best_ramp": 0.13873832621045645,
    "best_value": 0.01135007124389269,
    "optimization_time": 3167.727222919464,
    "regime_bounds": {
        "amp": {
            "lower": 21.333333333333332,
            "upper": 24.0
        },
        "w_d": {
            "lower": 0.00314,
            "upper": 0.0034799999999999996
        },
        "ramp": {
            "lower": 1e-10,
            "upper": 0.5
        },
        "t_tot": {
            "lower": 91.25,
            "upper": 93.75
        }
    }
}