{
    "regime": "amp_5_wd_0_ramp_0_t85.0",
    "t_tot_center": 85.0,
    "best_t_tot": 85.03436186662368,
    "best_amp": 21.475986689121,
    "best_w_d": 0.003125909800527774,
    "best_ramp": 0.27409365955295706,
    "best_value": 0.010160577694203756,
    "optimization_time": 4228.9316918849945,
    "regime_bounds": {
        "amp": {
            "lower": 21.333333333333332,
            "upper": 24.0
        },
        "w_d": {
            "lower": 0.0028,
            "upper": 0.00314
        },
        "ramp": {
            "lower": 1e-10,
            "upper": 0.5
        },
        "t_tot": {
            "lower": 83.75,
            "upper": 86.25
        }
    }
}