{
    "regime": "amp_4_wd_0_ramp_0_t77.5",
    "t_tot_center": 77.5,
    "best_t_tot": 77.11831977448756,
    "best_amp": 18.943604965840464,
    "best_w_d": 0.003097463567874536,
    "best_ramp": 0.21833497662033938,
    "best_value": 0.004557137252690315,
    "optimization_time": 3748.160490512848,
    "regime_bounds": {
        "amp": {
            "lower": 18.666666666666664,
            "upper": 21.333333333333332
        },
        "w_d": {
            "lower": 0.0028,
            "upper": 0.00314
        },
        "ramp": {
            "lower": 1e-10,
            "upper": 0.5
        },
        "t_tot": {
            "lower": 76.25,
            "upper": 78.75
        }
    }
}