{
    "regime": "amp_5_wd_2_ramp_0_t102.5",
    "t_tot_center": 102.5,
    "best_t_tot": 102.05912539142484,
    "best_amp": 21.52193030297524,
    "best_w_d": 0.0035192278958612365,
    "best_ramp": 0.14034612824066894,
    "best_value": 0.0017660522023027624,
    "optimization_time": 3571.893816947937,
    "regime_bounds": {
        "amp": {
            "lower": 21.333333333333332,
            "upper": 24.0
        },
        "w_d": {
            "lower": 0.0034799999999999996,
            "upper": 0.0038199999999999996
        },
        "ramp": {
            "lower": 1e-10,
            "upper": 0.5
        },
        "t_tot": {
            "lower": 101.25,
            "upper": 103.75
        }
    }
}