{
    "regime": "amp_4_wd_2_ramp_0_t110.0",
    "t_tot_center": 110.0,
    "best_t_tot": 110.41454387563083,
    "best_amp": 18.970317380409163,
    "best_w_d": 0.003503179965502286,
    "best_ramp": 0.11759480722154955,
    "best_value": 0.0019130831703186035,
    "optimization_time": 2746.7480845451355,
    "regime_bounds": {
        "amp": {
            "lower": 18.666666666666664,
            "upper": 21.333333333333332
        },
        "w_d": {
            "lower": 0.0034799999999999996,
            "upper": 0.0038199999999999996
        },
        "ramp": {
            "lower": 1e-10,
            "upper": 0.5
        },
        "t_tot": {
            "lower": 108.75,
            "upper": 111.25
        }
    }
}