{
    "regime": "amp_0_wd_1_ramp_0_t65.0",
    "t_tot_center": 65.0,
    "best_t_tot": 63.75000429157773,
    "best_amp": 10.6666665611493,
    "best_w_d": 0.0031400000469974576,
    "best_ramp": 0.3167544032864144,
    "best_value": 0.23268320536339518,
    "optimization_time": 1164.6742479801178,
    "regime_bounds": {
        "amp": {
            "lower": 8.0,
            "upper": 10.666666666666666
        },
        "w_d": {
            "lower": 0.00314,
            "upper": 0.0034799999999999996
        },
        "ramp": {
            "lower": 1e-10,
            "upper": 0.5
        },
        "t_tot": {
            "lower": 63.75,
            "upper": 66.25
        }
    }
}