{
    "regime": "amp_3_wd_1_ramp_0_t57.5",
    "t_tot_center": 57.5,
    "best_t_tot": 57.82205812841012,
    "best_amp": 16.112469248369287,
    "best_w_d": 0.0031421472222294988,
    "best_ramp": 0.2978383512437604,
    "best_value": 0.018114527916584286,
    "optimization_time": 3183.5408561229706,
    "regime_bounds": {
        "amp": {
            "lower": 16.0,
            "upper": 18.666666666666664
        },
        "w_d": {
            "lower": 0.00314,
            "upper": 0.0034799999999999996
        },
        "ramp": {
            "lower": 1e-10,
            "upper": 0.5
        },
        "t_tot": {
            "lower": 56.25,
            "upper": 58.75
        }
    }
}