{
    "regime": "amp_3_wd_2_ramp_0_t120.0",
    "t_tot_center": 120.0,
    "best_t_tot": 119.75705499627456,
    "best_amp": 16.508002459675637,
    "best_w_d": 0.003486873369461647,
    "best_ramp": 0.16580431942222199,
    "best_value": 7.840328132644775e-06,
    "optimization_time": 1758.706748008728,
    "regime_bounds": {
        "amp": {
            "lower": 16.0,
            "upper": 18.666666666666664
        },
        "w_d": {
            "lower": 0.0034799999999999996,
            "upper": 0.0038199999999999996
        },
        "ramp": {
            "lower": 1e-10,
            "upper": 0.5
        },
        "t_tot": {
            "lower": 118.75,
            "upper": 121.25
        }
    }
}