{
    "regime": "amp_4_wd_1_ramp_0_t50.0",
    "t_tot_center": 50.0,
    "best_t_tot": 50.60642454941426,
    "best_amp": 18.74123172381345,
    "best_w_d": 0.0034605823273139206,
    "best_ramp": 0.24297198912840498,
    "best_value": 0.05859623835927025,
    "optimization_time": 3363.5751824378967,
    "regime_bounds": {
        "amp": {
            "lower": 18.666666666666664,
            "upper": 21.333333333333332
        },
        "w_d": {
            "lower": 0.00314,
            "upper": 0.0034799999999999996
        },
        "ramp": {
            "lower": 1e-10,
            "upper": 0.5
        },
        "t_tot": {
            "lower": 48.75,
            "upper": 51.25
        }
    }
}