{
    "regime": "amp_0_wd_3_ramp_0_t97.5",
    "t_tot_center": 97.5,
    "best_t_tot": 98.69374058218631,
    "best_amp": 10.603616785990965,
    "best_w_d": 0.00391402373517389,
    "best_ramp": 0.070636038393459,
    "best_value": 0.018479491528112613,
    "optimization_time": 1052.9317483901978,
    "regime_bounds": {
        "amp": {
            "lower": 8.0,
            "upper": 10.666666666666666
        },
        "w_d": {
            "lower": 0.0038199999999999996,
            "upper": 0.00416
        },
        "ramp": {
            "lower": 1e-10,
            "upper": 0.5
        },
        "t_tot": {
            "lower": 96.25,
            "upper": 98.75
        }
    }
}