{
    "regime": "amp_1_wd_2_ramp_0_t102.5",
    "t_tot_center": 102.5,
    "best_t_tot": 103.74996527445538,
    "best_amp": 13.065212389876992,
    "best_w_d": 0.003551311394256054,
    "best_ramp": 0.08993393223227311,
    "best_value": 0.006184644348840812,
    "optimization_time": 4941.100583314896,
    "regime_bounds": {
        "amp": {
            "lower": 10.666666666666666,
            "upper": 13.333333333333332
        },
        "w_d": {
            "lower": 0.0034799999999999996,
            "upper": 0.0038199999999999996
        },
        "ramp": {
            "lower": 1e-10,
            "upper": 0.5
        },
        "t_tot": {
            "lower": 101.25,
            "upper": 103.75
        }
    }
}