{
    "regime": "amp_1_wd_2_ramp_0_t60.0",
    "t_tot_center": 60.0,
    "best_t_tot": 59.74082627420112,
    "best_amp": 13.22784830061924,
    "best_w_d": 0.0034814331697782335,
    "best_ramp": 0.27071376037258177,
    "best_value": 0.006874297985134621,
    "optimization_time": 2793.847103834152,
    "regime_bounds": {
        "amp": {
            "lower": 10.666666666666666,
            "upper": 13.333333333333332
        },
        "w_d": {
            "lower": 0.0034799999999999996,
            "upper": 0.0038199999999999996
        },
        "ramp": {
            "lower": 1e-10,
            "upper": 0.5
        },
        "t_tot": {
            "lower": 58.75,
            "upper": 61.25
        }
    }
}