{
    "regime": "amp_2_wd_3_ramp_0_t100.0",
    "t_tot_center": 100.0,
    "best_t_tot": 99.39037996227951,
    "best_amp": 15.551072665797482,
    "best_w_d": 0.0038264582364302712,
    "best_ramp": 0.19490841718767082,
    "best_value": 0.0002592493810685045,
    "optimization_time": 1630.334906578064,
    "regime_bounds": {
        "amp": {
            "lower": 13.333333333333332,
            "upper": 16.0
        },
        "w_d": {
            "lower": 0.0038199999999999996,
            "upper": 0.00416
        },
        "ramp": {
            "lower": 1e-10,
            "upper": 0.5
        },
        "t_tot": {
            "lower": 98.75,
            "upper": 101.25
        }
    }
}