{
    "regime": "amp_3_wd_4_ramp_0_t80.0",
    "t_tot_center": 80.0,
    "best_t_tot": 80.04555530078909,
    "best_amp": 16.125788668912282,
    "best_w_d": 0.0043464782965350725,
    "best_ramp": 0.17364470995172682,
    "best_value": 0.01353223241785679,
    "optimization_time": 4231.823187351227,
    "regime_bounds": {
        "amp": {
            "lower": 16.0,
            "upper": 18.666666666666664
        },
        "w_d": {
            "lower": 0.00416,
            "upper": 0.0045
        },
        "ramp": {
            "lower": 1e-10,
            "upper": 0.5
        },
        "t_tot": {
            "lower": 78.75,
            "upper": 81.25
        }
    }
}