{
    "regime": "amp_4_wd_3_ramp_0_t62.5",
    "t_tot_center": 62.5,
    "best_t_tot": 62.69090025027361,
    "best_amp": 18.906054802826855,
    "best_w_d": 0.0038471600473720014,
    "best_ramp": 0.2460474977752036,
    "best_value": 0.0026228941439087826,
    "optimization_time": 2044.2778267860413,
    "regime_bounds": {
        "amp": {
            "lower": 18.666666666666664,
            "upper": 21.333333333333332
        },
        "w_d": {
            "lower": 0.0038199999999999996,
            "upper": 0.00416
        },
        "ramp": {
            "lower": 1e-10,
            "upper": 0.5
        },
        "t_tot": {
            "lower": 61.25,
            "upper": 63.75
        }
    }
}