{
    "regime": "amp_1_wd_2_ramp_0_t72.5",
    "t_tot_center": 72.5,
    "best_t_tot": 71.25000536369832,
    "best_amp": 13.333332770515224,
    "best_w_d": 0.0037733082373381187,
    "best_ramp": 0.14739063589879128,
    "best_value": 0.25059184689899167,
    "optimization_time": 2125.9850268363953,
    "regime_bounds": {
        "amp": {
            "lower": 10.666666666666666,
            "upper": 13.333333333333332
        },
        "w_d": {
            "lower": 0.0034799999999999996,
            "upper": 0.0038199999999999996
        },
        "ramp": {
            "lower": 1e-10,
            "upper": 0.5
        },
        "t_tot": {
            "lower": 71.25,
            "upper": 73.75
        }
    }
}