{
    "regime": "amp_4_wd_2_ramp_0_t67.5",
    "t_tot_center": 67.5,
    "best_t_tot": 67.5254936958015,
    "best_amp": 19.582786758168993,
    "best_w_d": 0.0037908014995578125,
    "best_ramp": 0.22240932602294644,
    "best_value": 0.011257852625664404,
    "optimization_time": 2273.027188062668,
    "regime_bounds": {
        "amp": {
            "lower": 18.666666666666664,
            "upper": 21.333333333333332
        },
        "w_d": {
            "lower": 0.0034799999999999996,
            "upper": 0.0038199999999999996
        },
        "ramp": {
            "lower": 1e-10,
            "upper": 0.5
        },
        "t_tot": {
            "lower": 66.25,
            "upper": 68.75
        }
    }
}