{
    "regime": "amp_1_wd_3_ramp_0_t95.0",
    "t_tot_center": 95.0,
    "best_t_tot": 94.0501786807532,
    "best_amp": 13.227431192947776,
    "best_w_d": 0.004058961522688541,
    "best_ramp": 0.15472096460155918,
    "best_value": 0.004402449932559007,
    "optimization_time": 1624.20836186409,
    "regime_bounds": {
        "amp": {
            "lower": 10.666666666666666,
            "upper": 13.333333333333332
        },
        "w_d": {
            "lower": 0.0038199999999999996,
            "upper": 0.00416
        },
        "ramp": {
            "lower": 1e-10,
            "upper": 0.5
        },
        "t_tot": {
            "lower": 93.75,
            "upper": 96.25
        }
    }
}