{
    "regime": "amp_0_wd_0_ramp_0_t65.0",
    "t_tot_center": 65.0,
    "best_t_tot": 63.750058386830204,
    "best_amp": 10.609416093152065,
    "best_w_d": 0.0029161415928072617,
    "best_ramp": 0.3212578279405312,
    "best_value": 0.12709559200134818,
    "optimization_time": 5175.20096039772,
    "regime_bounds": {
        "amp": {
            "lower": 8.0,
            "upper": 10.666666666666666
        },
        "w_d": {
            "lower": 0.0028,
            "upper": 0.00314
        },
        "ramp": {
            "lower": 1e-10,
            "upper": 0.5
        },
        "t_tot": {
            "lower": 63.75,
            "upper": 66.25
        }
    }
}