{
    "regime": "amp_4_wd_0_ramp_0_t95.0",
    "t_tot_center": 95.0,
    "best_t_tot": 94.84886891767452,
    "best_amp": 18.79487691039684,
    "best_w_d": 0.003139999847281029,
    "best_ramp": 0.13609232279910363,
    "best_value": 0.08829893679639128,
    "optimization_time": 2884.028550863266,
    "regime_bounds": {
        "amp": {
            "lower": 18.666666666666664,
            "upper": 21.333333333333332
        },
        "w_d": {
            "lower": 0.0028,
            "upper": 0.00314
        },
        "ramp": {
            "lower": 1e-10,
            "upper": 0.5
        },
        "t_tot": {
            "lower": 93.75,
            "upper": 96.25
        }
    }
}