{
    "regime": "amp_0_wd_4_ramp_0_t52.5",
    "t_tot_center": 52.5,
    "best_t_tot": 51.25003011663938,
    "best_amp": 10.57329131752924,
    "best_w_d": 0.004287271637777848,
    "best_ramp": 0.20223010731662192,
    "best_value": 0.3747744043831991,
    "optimization_time": 817.6249194145203,
    "regime_bounds": {
        "amp": {
            "lower": 8.0,
            "upper": 10.666666666666666
        },
        "w_d": {
            "lower": 0.00416,
            "upper": 0.0045
        },
        "ramp": {
            "lower": 1e-10,
            "upper": 0.5
        },
        "t_tot": {
            "lower": 51.25,
            "upper": 53.75
        }
    }
}