{
    "regime": "amp_4_wd_2_ramp_0_t50.0",
    "t_tot_center": 50.0,
    "best_t_tot": 50.74213199236858,
    "best_amp": 19.59427030570709,
    "best_w_d": 0.003575182643705977,
    "best_ramp": 0.3974093092820798,
    "best_value": 0.027814055232867976,
    "optimization_time": 2206.9378888607025,
    "regime_bounds": {
        "amp": {
            "lower": 18.666666666666664,
            "upper": 21.333333333333332
        },
        "w_d": {
            "lower": 0.0034799999999999996,
            "upper": 0.0038199999999999996
        },
        "ramp": {
            "lower": 1e-10,
            "upper": 0.5
        },
        "t_tot": {
            "lower": 48.75,
            "upper": 51.25
        }
    }
}