{
    "regime": "amp_2_wd_1_ramp_0_t100.0",
    "t_tot_center": 100.0,
    "best_t_tot": 101.24997115033827,
    "best_amp": 15.595037762236922,
    "best_w_d": 0.0033559492886054356,
    "best_ramp": 0.09147746460542588,
    "best_value": 0.03250450729397817,
    "optimization_time": 3668.5293889045715,
    "regime_bounds": {
        "amp": {
            "lower": 13.333333333333332,
            "upper": 16.0
        },
        "w_d": {
            "lower": 0.00314,
            "upper": 0.0034799999999999996
        },
        "ramp": {
            "lower": 1e-10,
            "upper": 0.5
        },
        "t_tot": {
            "lower": 98.75,
            "upper": 101.25
        }
    }
}