{
    "regime": "amp_3_wd_4_ramp_0_t57.5",
    "t_tot_center": 57.5,
    "best_t_tot": 56.94731983080996,
    "best_amp": 16.05262131870361,
    "best_w_d": 0.004183997514130508,
    "best_ramp": 0.25261413673553945,
    "best_value": 0.0041777188152860925,
    "optimization_time": 1776.1357626914978,
    "regime_bounds": {
        "amp": {
            "lower": 16.0,
            "upper": 18.666666666666664
        },
        "w_d": {
            "lower": 0.00416,
            "upper": 0.0045
        },
        "ramp": {
            "lower": 1e-10,
            "upper": 0.5
        },
        "t_tot": {
            "lower": 56.25,
            "upper": 58.75
        }
    }
}