{
    "regime": "amp_0_wd_2_ramp_0_t90.0",
    "t_tot_center": 90.0,
    "best_t_tot": 91.24999809443098,
    "best_amp": 10.627100787127292,
    "best_w_d": 0.0038199998449775126,
    "best_ramp": 0.08020581361989829,
    "best_value": 0.38702759275498744,
    "optimization_time": 1361.2435865402222,
    "regime_bounds": {
        "amp": {
            "lower": 8.0,
            "upper": 10.666666666666666
        },
        "w_d": {
            "lower": 0.0034799999999999996,
            "upper": 0.0038199999999999996
        },
        "ramp": {
            "lower": 1e-10,
            "upper": 0.5
        },
        "t_tot": {
            "lower": 88.75,
            "upper": 91.25
        }
    }
}