{
    "regime": "amp_4_wd_3_ramp_0_t112.5",
    "t_tot_center": 112.5,
    "best_t_tot": 112.54233758336423,
    "best_amp": 18.676668308519318,
    "best_w_d": 0.003863239268036475,
    "best_ramp": 0.14092838876748312,
    "best_value": 0.0001436636802063067,
    "optimization_time": 3589.0634462833405,
    "regime_bounds": {
        "amp": {
            "lower": 18.666666666666664,
            "upper": 21.333333333333332
        },
        "w_d": {
            "lower": 0.0038199999999999996,
            "upper": 0.00416
        },
        "ramp": {
            "lower": 1e-10,
            "upper": 0.5
        },
        "t_tot": {
            "lower": 111.25,
            "upper": 113.75
        }
    }
}