{
    "regime": "amp_2_wd_1_ramp_0_t57.5",
    "t_tot_center": 57.5,
    "best_t_tot": 58.643530627814705,
    "best_amp": 13.44187560253781,
    "best_w_d": 0.0031512132742147598,
    "best_ramp": 0.3038919628290511,
    "best_value": 0.0004397022607864342,
    "optimization_time": 2817.0369503498077,
    "regime_bounds": {
        "amp": {
            "lower": 13.333333333333332,
            "upper": 16.0
        },
        "w_d": {
            "lower": 0.00314,
            "upper": 0.0034799999999999996
        },
        "ramp": {
            "lower": 1e-10,
            "upper": 0.5
        },
        "t_tot": {
            "lower": 56.25,
            "upper": 58.75
        }
    }
}