{
    "regime": "amp_2_wd_1_ramp_0_t107.5",
    "t_tot_center": 107.5,
    "best_t_tot": 107.96615135392554,
    "best_amp": 13.80386505230215,
    "best_w_d": 0.0034416937502464574,
    "best_ramp": 0.10521383467639982,
    "best_value": 0.00043588336153600814,
    "optimization_time": 3585.614884376526,
    "regime_bounds": {
        "amp": {
            "lower": 13.333333333333332,
            "upper": 16.0
        },
        "w_d": {
            "lower": 0.00314,
            "upper": 0.0034799999999999996
        },
        "ramp": {
            "lower": 1e-10,
            "upper": 0.5
        },
        "t_tot": {
            "lower": 106.25,
            "upper": 108.75
        }
    }
}