{
    "regime": "amp_1_wd_1_ramp_0_t75.0",
    "t_tot_center": 75.0,
    "best_t_tot": 73.75012237530655,
    "best_amp": 13.284081554988356,
    "best_w_d": 0.0034741591628703414,
    "best_ramp": 0.12891080973774113,
    "best_value": 0.29416726396018894,
    "optimization_time": 2941.874994277954,
    "regime_bounds": {
        "amp": {
            "lower": 10.666666666666666,
            "upper": 13.333333333333332
        },
        "w_d": {
            "lower": 0.00314,
            "upper": 0.0034799999999999996
        },
        "ramp": {
            "lower": 1e-10,
            "upper": 0.5
        },
        "t_tot": {
            "lower": 73.75,
            "upper": 76.25
        }
    }
}