{
    "regime": "amp_3_wd_2_ramp_0_t110.0",
    "t_tot_center": 110.0,
    "best_t_tot": 109.88803149262546,
    "best_amp": 16.056526835423565,
    "best_w_d": 0.0034800024292353827,
    "best_ramp": 0.1264575577698298,
    "best_value": 0.003898800275945178,
    "optimization_time": 1801.9088926315308,
    "regime_bounds": {
        "amp": {
            "lower": 16.0,
            "upper": 18.666666666666664
        },
        "w_d": {
            "lower": 0.0034799999999999996,
            "upper": 0.0038199999999999996
        },
        "ramp": {
            "lower": 1e-10,
            "upper": 0.5
        },
        "t_tot": {
            "lower": 108.75,
            "upper": 111.25
        }
    }
}