{
    "regime": "amp_2_wd_2_ramp_0_t57.5",
    "t_tot_center": 57.5,
    "best_t_tot": 57.266735990237784,
    "best_amp": 13.569901622597637,
    "best_w_d": 0.0035258437210411945,
    "best_ramp": 0.22405646088569312,
    "best_value": 0.00033212001528521806,
    "optimization_time": 2234.394404411316,
    "regime_bounds": {
        "amp": {
            "lower": 13.333333333333332,
            "upper": 16.0
        },
        "w_d": {
            "lower": 0.0034799999999999996,
            "upper": 0.0038199999999999996
        },
        "ramp": {
            "lower": 1e-10,
            "upper": 0.5
        },
        "t_tot": {
            "lower": 56.25,
            "upper": 58.75
        }
    }
}