{
    "regime": "amp_5_wd_0_ramp_0_t70.0",
    "t_tot_center": 70.0,
    "best_t_tot": 70.67047036896291,
    "best_amp": 22.22486731058677,
    "best_w_d": 0.0031087432557113212,
    "best_ramp": 0.2710391899277526,
    "best_value": 0.02272304646055135,
    "optimization_time": 3685.828407049179,
    "regime_bounds": {
        "amp": {
            "lower": 21.333333333333332,
            "upper": 24.0
        },
        "w_d": {
            "lower": 0.0028,
            "upper": 0.00314
        },
        "ramp": {
            "lower": 1e-10,
            "upper": 0.5
        },
        "t_tot": {
            "lower": 68.75,
            "upper": 71.25
        }
    }
}