{
    "regime": "amp_5_wd_1_ramp_0_t110.0",
    "t_tot_center": 110.0,
    "best_t_tot": 109.93997902102276,
    "best_amp": 21.350421459430695,
    "best_w_d": 0.0034611065791633603,
    "best_ramp": 0.11238480682766985,
    "best_value": 0.011414860507230208,
    "optimization_time": 3563.5272648334503,
    "regime_bounds": {
        "amp": {
            "lower": 21.333333333333332,
            "upper": 24.0
        },
        "w_d": {
            "lower": 0.00314,
            "upper": 0.0034799999999999996
        },
        "ramp": {
            "lower": 1e-10,
            "upper": 0.5
        },
        "t_tot": {
            "lower": 108.75,
            "upper": 111.25
        }
    }
}