{
    "regime": "amp_3_wd_3_ramp_0_t72.5",
    "t_tot_center": 72.5,
    "best_t_tot": 73.2060493821136,
    "best_amp": 18.410426980848065,
    "best_w_d": 0.004147110094739258,
    "best_ramp": 0.16639321523240852,
    "best_value": 0.020435677881036316,
    "optimization_time": 1414.411453485489,
    "regime_bounds": {
        "amp": {
            "lower": 16.0,
            "upper": 18.666666666666664
        },
        "w_d": {
            "lower": 0.0038199999999999996,
            "upper": 0.00416
        },
        "ramp": {
            "lower": 1e-10,
            "upper": 0.5
        },
        "t_tot": {
            "lower": 71.25,
            "upper": 73.75
        }
    }
}