{
    "regime": "amp_0_wd_3_ramp_0_t82.5",
    "t_tot_center": 82.5,
    "best_t_tot": 83.74999338753092,
    "best_amp": 10.638701888360425,
    "best_w_d": 0.004159998888054127,
    "best_ramp": 0.0774225585229943,
    "best_value": 0.3238599003341286,
    "optimization_time": 3904.9001286029816,
    "regime_bounds": {
        "amp": {
            "lower": 8.0,
            "upper": 10.666666666666666
        },
        "w_d": {
            "lower": 0.0038199999999999996,
            "upper": 0.00416
        },
        "ramp": {
            "lower": 1e-10,
            "upper": 0.5
        },
        "t_tot": {
            "lower": 81.25,
            "upper": 83.75
        }
    }
}