{
    "regime": "amp_1_wd_4_ramp_0_t105.0",
    "t_tot_center": 105.0,
    "best_t_tot": 104.97020347310651,
    "best_amp": 12.700303908044281,
    "best_w_d": 0.004184609858456122,
    "best_ramp": 0.14155230116867118,
    "best_value": 0.0032428168201641024,
    "optimization_time": 1895.3792309761047,
    "regime_bounds": {
        "amp": {
            "lower": 10.666666666666666,
            "upper": 13.333333333333332
        },
        "w_d": {
            "lower": 0.00416,
            "upper": 0.0045
        },
        "ramp": {
            "lower": 1e-10,
            "upper": 0.5
        },
        "t_tot": {
            "lower": 103.75,
            "upper": 106.25
        }
    }
}