{
    "regime": "amp_5_wd_2_ramp_0_t50.0",
    "t_tot_center": 50.0,
    "best_t_tot": 49.83670783776423,
    "best_amp": 21.487427169038067,
    "best_w_d": 0.00364932572788261,
    "best_ramp": 0.2584729052607316,
    "best_value": 0.06592107465152479,
    "optimization_time": 2287.9582426548004,
    "regime_bounds": {
        "amp": {
            "lower": 21.333333333333332,
            "upper": 24.0
        },
        "w_d": {
            "lower": 0.0034799999999999996,
            "upper": 0.0038199999999999996
        },
        "ramp": {
            "lower": 1e-10,
            "upper": 0.5
        },
        "t_tot": {
            "lower": 48.75,
            "upper": 51.25
        }
    }
}