{
    "regime": "amp_1_wd_0_ramp_0_t50.0",
    "t_tot_center": 50.0,
    "best_t_tot": 51.24999932710325,
    "best_amp": 11.226442410892213,
    "best_w_d": 0.0030967785213560457,
    "best_ramp": 0.20616883820831827,
    "best_value": 0.004098883751009255,
    "optimization_time": 1547.0164768695831,
    "regime_bounds": {
        "amp": {
            "lower": 10.666666666666666,
            "upper": 13.333333333333332
        },
        "w_d": {
            "lower": 0.0028,
            "upper": 0.00314
        },
        "ramp": {
            "lower": 1e-10,
            "upper": 0.5
        },
        "t_tot": {
            "lower": 48.75,
            "upper": 51.25
        }
    }
}