{
    "regime": "amp_1_wd_3_ramp_0_t82.5",
    "t_tot_center": 82.5,
    "best_t_tot": 82.39630377707158,
    "best_amp": 13.171048176820792,
    "best_w_d": 0.004157480298691685,
    "best_ramp": 0.11948598808644653,
    "best_value": 0.08560925790718663,
    "optimization_time": 2768.888679742813,
    "regime_bounds": {
        "amp": {
            "lower": 10.666666666666666,
            "upper": 13.333333333333332
        },
        "w_d": {
            "lower": 0.0038199999999999996,
            "upper": 0.00416
        },
        "ramp": {
            "lower": 1e-10,
            "upper": 0.5
        },
        "t_tot": {
            "lower": 81.25,
            "upper": 83.75
        }
    }
}