{
    "regime": "amp_4_wd_1_ramp_0_t92.5",
    "t_tot_center": 92.5,
    "best_t_tot": 93.3776446852775,
    "best_amp": 19.024568741420257,
    "best_w_d": 0.003478736236035853,
    "best_ramp": 0.12372403348045889,
    "best_value": 0.02597919843343129,
    "optimization_time": 2884.306536436081,
    "regime_bounds": {
        "amp": {
            "lower": 18.666666666666664,
            "upper": 21.333333333333332
        },
        "w_d": {
            "lower": 0.00314,
            "upper": 0.0034799999999999996
        },
        "ramp": {
            "lower": 1e-10,
            "upper": 0.5
        },
        "t_tot": {
            "lower": 91.25,
            "upper": 93.75
        }
    }
}