{
    "regime": "amp_0_wd_4_ramp_0_t85.0",
    "t_tot_center": 85.0,
    "best_t_tot": 86.18587656038669,
    "best_amp": 10.460477873959052,
    "best_w_d": 0.004472721720343098,
    "best_ramp": 0.07886254833294998,
    "best_value": 0.031549898058141825,
    "optimization_time": 1776.8495659828186,
    "regime_bounds": {
        "amp": {
            "lower": 8.0,
            "upper": 10.666666666666666
        },
        "w_d": {
            "lower": 0.00416,
            "upper": 0.0045
        },
        "ramp": {
            "lower": 1e-10,
            "upper": 0.5
        },
        "t_tot": {
            "lower": 83.75,
            "upper": 86.25
        }
    }
}