{
    "regime": "amp_5_wd_1_ramp_0_t115.0",
    "t_tot_center": 115.0,
    "best_t_tot": 114.7852593472609,
    "best_amp": 21.48672313602138,
    "best_w_d": 0.003438314741241389,
    "best_ramp": 0.14007952231487666,
    "best_value": 0.0007033366251885094,
    "optimization_time": 4533.580122947693,
    "regime_bounds": {
        "amp": {
            "lower": 21.333333333333332,
            "upper": 24.0
        },
        "w_d": {
            "lower": 0.00314,
            "upper": 0.0034799999999999996
        },
        "ramp": {
            "lower": 1e-10,
            "upper": 0.5
        },
        "t_tot": {
            "lower": 113.75,
            "upper": 116.25
        }
    }
}