{
    "regime": "amp_5_wd_0_ramp_0_t90.0",
    "t_tot_center": 90.0,
    "best_t_tot": 89.61989013676522,
    "best_amp": 21.735025435872043,
    "best_w_d": 0.0030860088901302086,
    "best_ramp": 0.17920613571542307,
    "best_value": 0.08224927164435976,
    "optimization_time": 4270.742254972458,
    "regime_bounds": {
        "amp": {
            "lower": 21.333333333333332,
            "upper": 24.0
        },
        "w_d": {
            "lower": 0.0028,
            "upper": 0.00314
        },
        "ramp": {
            "lower": 1e-10,
            "upper": 0.5
        },
        "t_tot": {
            "lower": 88.75,
            "upper": 91.25
        }
    }
}