{
    "regime": "amp_5_wd_0_ramp_0_t100.0",
    "t_tot_center": 100.0,
    "best_t_tot": 99.686580331726,
    "best_amp": 21.343054265147284,
    "best_w_d": 0.0030878880456522784,
    "best_ramp": 0.19161939322150345,
    "best_value": 0.04902856959181473,
    "optimization_time": 2009.0841550827026,
    "regime_bounds": {
        "amp": {
            "lower": 21.333333333333332,
            "upper": 24.0
        },
        "w_d": {
            "lower": 0.0028,
            "upper": 0.00314
        },
        "ramp": {
            "lower": 1e-10,
            "upper": 0.5
        },
        "t_tot": {
            "lower": 98.75,
            "upper": 101.25
        }
    }
}