{
    "regime": "amp_1_wd_1_ramp_0_t112.5",
    "t_tot_center": 112.5,
    "best_t_tot": 112.37247099793369,
    "best_amp": 11.217064793989266,
    "best_w_d": 0.003438030578339265,
    "best_ramp": 0.08611054025182123,
    "best_value": 0.00016268803293672688,
    "optimization_time": 3422.876097202301,
    "regime_bounds": {
        "amp": {
            "lower": 10.666666666666666,
            "upper": 13.333333333333332
        },
        "w_d": {
            "lower": 0.00314,
            "upper": 0.0034799999999999996
        },
        "ramp": {
            "lower": 1e-10,
            "upper": 0.5
        },
        "t_tot": {
            "lower": 111.25,
            "upper": 113.75
        }
    }
}