{
    "regime": "amp_2_wd_4_ramp_0_t115.0",
    "t_tot_center": 115.0,
    "best_t_tot": 115.26976409094279,
    "best_amp": 13.73646545481071,
    "best_w_d": 0.004180903700123521,
    "best_ramp": 0.20684897885186965,
    "best_value": 0.000349536543016321,
    "optimization_time": 2032.1939022541046,
    "regime_bounds": {
        "amp": {
            "lower": 13.333333333333332,
            "upper": 16.0
        },
        "w_d": {
            "lower": 0.00416,
            "upper": 0.0045
        },
        "ramp": {
            "lower": 1e-10,
            "upper": 0.5
        },
        "t_tot": {
            "lower": 113.75,
            "upper": 116.25
        }
    }
}