{
    "regime": "amp_3_wd_1_ramp_0_t115.0",
    "t_tot_center": 115.0,
    "best_t_tot": 114.91323238605507,
    "best_amp": 16.106056958034134,
    "best_w_d": 0.003437410275153182,
    "best_ramp": 0.15782911947642694,
    "best_value": 0.0002173513880462281,
    "optimization_time": 2774.067940711975,
    "regime_bounds": {
        "amp": {
            "lower": 16.0,
            "upper": 18.666666666666664
        },
        "w_d": {
            "lower": 0.00314,
            "upper": 0.0034799999999999996
        },
        "ramp": {
            "lower": 1e-10,
            "upper": 0.5
        },
        "t_tot": {
            "lower": 113.75,
            "upper": 116.25
        }
    }
}