{
    "regime": "amp_2_wd_3_ramp_0_t85.0",
    "t_tot_center": 85.0,
    "best_t_tot": 84.75960121241562,
    "best_amp": 15.914012469732354,
    "best_w_d": 0.004132741324878152,
    "best_ramp": 0.14182093697110812,
    "best_value": 0.0009036212162014307,
    "optimization_time": 1806.491834640503,
    "regime_bounds": {
        "amp": {
            "lower": 13.333333333333332,
            "upper": 16.0
        },
        "w_d": {
            "lower": 0.0038199999999999996,
            "upper": 0.00416
        },
        "ramp": {
            "lower": 1e-10,
            "upper": 0.5
        },
        "t_tot": {
            "lower": 83.75,
            "upper": 86.25
        }
    }
}