{
    "regime": "amp_2_wd_3_ramp_0_t110.0",
    "t_tot_center": 110.0,
    "best_t_tot": 109.16521703631471,
    "best_amp": 14.595811897172036,
    "best_w_d": 0.0039613123842875695,
    "best_ramp": 0.1627442675805513,
    "best_value": 0.00027385386783167415,
    "optimization_time": 2344.434977054596,
    "regime_bounds": {
        "amp": {
            "lower": 13.333333333333332,
            "upper": 16.0
        },
        "w_d": {
            "lower": 0.0038199999999999996,
            "upper": 0.00416
        },
        "ramp": {
            "lower": 1e-10,
            "upper": 0.5
        },
        "t_tot": {
            "lower": 108.75,
            "upper": 111.25
        }
    }
}