{
    "regime": "amp_1_wd_2_ramp_0_t50.0",
    "t_tot_center": 50.0,
    "best_t_tot": 49.51099436313803,
    "best_amp": 11.577530214985728,
    "best_w_d": 0.0036208637687195496,
    "best_ramp": 0.22865030913131953,
    "best_value": 0.00016790596750433922,
    "optimization_time": 932.0251722335815,
    "regime_bounds": {
        "amp": {
            "lower": 10.666666666666666,
            "upper": 13.333333333333332
        },
        "w_d": {
            "lower": 0.0034799999999999996,
            "upper": 0.0038199999999999996
        },
        "ramp": {
            "lower": 1e-10,
            "upper": 0.5
        },
        "t_tot": {
            "lower": 48.75,
            "upper": 51.25
        }
    }
}