{
    "regime": "amp_4_wd_4_ramp_0_t107.5",
    "t_tot_center": 107.5,
    "best_t_tot": 107.282558129676,
    "best_amp": 18.824352748108666,
    "best_w_d": 0.004165491277319856,
    "best_ramp": 0.03031814843149031,
    "best_value": 0.04880593970106942,
    "optimization_time": 1784.267930984497,
    "regime_bounds": {
        "amp": {
            "lower": 18.666666666666664,
            "upper": 21.333333333333332
        },
        "w_d": {
            "lower": 0.00416,
            "upper": 0.0045
        },
        "ramp": {
            "lower": 1e-10,
            "upper": 0.5
        },
        "t_tot": {
            "lower": 106.25,
            "upper": 108.75
        }
    }
}