{
    "regime": "amp_4_wd_3_ramp_0_t87.5",
    "t_tot_center": 87.5,
    "best_t_tot": 87.49655894341106,
    "best_amp": 19.453041045586573,
    "best_w_d": 0.004141556317682195,
    "best_ramp": 0.25931443185481723,
    "best_value": 2.4658127200076925e-05,
    "optimization_time": 2277.0016770362854,
    "regime_bounds": {
        "amp": {
            "lower": 18.666666666666664,
            "upper": 21.333333333333332
        },
        "w_d": {
            "lower": 0.0038199999999999996,
            "upper": 0.00416
        },
        "ramp": {
            "lower": 1e-10,
            "upper": 0.5
        },
        "t_tot": {
            "lower": 86.25,
            "upper": 88.75
        }
    }
}