{
    "regime": "amp_3_wd_0_ramp_0_t112.5",
    "t_tot_center": 112.5,
    "best_t_tot": 112.89282784303461,
    "best_amp": 16.096203020554952,
    "best_w_d": 0.0031167605200614415,
    "best_ramp": 0.12079855093601063,
    "best_value": 0.003938745100135757,
    "optimization_time": 2912.3763704299927,
    "regime_bounds": {
        "amp": {
            "lower": 16.0,
            "upper": 18.666666666666664
        },
        "w_d": {
            "lower": 0.0028,
            "upper": 0.00314
        },
        "ramp": {
            "lower": 1e-10,
            "upper": 0.5
        },
        "t_tot": {
            "lower": 111.25,
            "upper": 113.75
        }
    }
}