{
    "regime": "amp_0_wd_4_ramp_0_t75.0",
    "t_tot_center": 75.0,
    "best_t_tot": 73.75011501932636,
    "best_amp": 10.666662641301382,
    "best_w_d": 0.004322202468969865,
    "best_ramp": 0.14757077389555356,
    "best_value": 0.3909830458285413,
    "optimization_time": 1524.855954170227,
    "regime_bounds": {
        "amp": {
            "lower": 8.0,
            "upper": 10.666666666666666
        },
        "w_d": {
            "lower": 0.00416,
            "upper": 0.0045
        },
        "ramp": {
            "lower": 1e-10,
            "upper": 0.5
        },
        "t_tot": {
            "lower": 73.75,
            "upper": 76.25
        }
    }
}