{
    "regime": "amp_2_wd_4_ramp_0_t117.5",
    "t_tot_center": 117.5,
    "best_t_tot": 117.61934519733502,
    "best_amp": 13.640809640889804,
    "best_w_d": 0.004194786417717403,
    "best_ramp": 0.12835039298746784,
    "best_value": 0.021018127792942317,
    "optimization_time": 1439.8112542629242,
    "regime_bounds": {
        "amp": {
            "lower": 13.333333333333332,
            "upper": 16.0
        },
        "w_d": {
            "lower": 0.00416,
            "upper": 0.0045
        },
        "ramp": {
            "lower": 1e-10,
            "upper": 0.5
        },
        "t_tot": {
            "lower": 116.25,
            "upper": 118.75
        }
    }
}