{
    "regime": "amp_2_wd_0_ramp_0_t107.5",
    "t_tot_center": 107.5,
    "best_t_tot": 108.74985026423698,
    "best_amp": 13.81537375203928,
    "best_w_d": 0.0031399878012282312,
    "best_ramp": 0.07182942146984438,
    "best_value": 0.13318959484118056,
    "optimization_time": 2793.655923843384,
    "regime_bounds": {
        "amp": {
            "lower": 13.333333333333332,
            "upper": 16.0
        },
        "w_d": {
            "lower": 0.0028,
            "upper": 0.00314
        },
        "ramp": {
            "lower": 1e-10,
            "upper": 0.5
        },
        "t_tot": {
            "lower": 106.25,
            "upper": 108.75
        }
    }
}