{
    "regime": "amp_0_wd_2_ramp_0_t65.0",
    "t_tot_center": 65.0,
    "best_t_tot": 64.23219423192421,
    "best_amp": 10.655984766481946,
    "best_w_d": 0.0035154519922034667,
    "best_ramp": 0.43325219023622047,
    "best_value": 0.3991473306315726,
    "optimization_time": 1327.2015755176544,
    "regime_bounds": {
        "amp": {
            "lower": 8.0,
            "upper": 10.666666666666666
        },
        "w_d": {
            "lower": 0.0034799999999999996,
            "upper": 0.0038199999999999996
        },
        "ramp": {
            "lower": 1e-10,
            "upper": 0.5
        },
        "t_tot": {
            "lower": 63.75,
            "upper": 66.25
        }
    }
}