{
    "regime": "amp_3_wd_2_ramp_0_t57.5",
    "t_tot_center": 57.5,
    "best_t_tot": 58.18654181237685,
    "best_amp": 16.393586333022228,
    "best_w_d": 0.003520749401439927,
    "best_ramp": 0.2612397624644041,
    "best_value": 0.015820713990855766,
    "optimization_time": 1893.7442677021027,
    "regime_bounds": {
        "amp": {
            "lower": 16.0,
            "upper": 18.666666666666664
        },
        "w_d": {
            "lower": 0.0034799999999999996,
            "upper": 0.0038199999999999996
        },
        "ramp": {
            "lower": 1e-10,
            "upper": 0.5
        },
        "t_tot": {
            "lower": 56.25,
            "upper": 58.75
        }
    }
}