{
    "regime": "amp_3_wd_0_ramp_0_t52.5",
    "t_tot_center": 52.5,
    "best_t_tot": 52.79106921084721,
    "best_amp": 16.021785333096307,
    "best_w_d": 0.0031193634940106835,
    "best_ramp": 0.2663879309557752,
    "best_value": 0.03813389128415365,
    "optimization_time": 3020.286440372467,
    "regime_bounds": {
        "amp": {
            "lower": 16.0,
            "upper": 18.666666666666664
        },
        "w_d": {
            "lower": 0.0028,
            "upper": 0.00314
        },
        "ramp": {
            "lower": 1e-10,
            "upper": 0.5
        },
        "t_tot": {
            "lower": 51.25,
            "upper": 53.75
        }
    }
}