{
    "regime": "amp_2_wd_1_ramp_0_t60.0",
    "t_tot_center": 60.0,
    "best_t_tot": 60.351200828747714,
    "best_amp": 13.462591801404283,
    "best_w_d": 0.0032003682682365453,
    "best_ramp": 0.26628336924743645,
    "best_value": 0.00022128453849280975,
    "optimization_time": 1724.05548620224,
    "regime_bounds": {
        "amp": {
            "lower": 13.333333333333332,
            "upper": 16.0
        },
        "w_d": {
            "lower": 0.00314,
            "upper": 0.0034799999999999996
        },
        "ramp": {
            "lower": 1e-10,
            "upper": 0.5
        },
        "t_tot": {
            "lower": 58.75,
            "upper": 61.25
        }
    }
}