{
    "regime": "amp_2_wd_3_ramp_0_t55.0",
    "t_tot_center": 55.0,
    "best_t_tot": 54.46732365711084,
    "best_amp": 13.614323603279855,
    "best_w_d": 0.0038577920221277238,
    "best_ramp": 0.24543762792803037,
    "best_value": 0.001822661097518075,
    "optimization_time": 1803.4066643714905,
    "regime_bounds": {
        "amp": {
            "lower": 13.333333333333332,
            "upper": 16.0
        },
        "w_d": {
            "lower": 0.0038199999999999996,
            "upper": 0.00416
        },
        "ramp": {
            "lower": 1e-10,
            "upper": 0.5
        },
        "t_tot": {
            "lower": 53.75,
            "upper": 56.25
        }
    }
}