{
    "regime": "amp_2_wd_4_ramp_0_t60.0",
    "t_tot_center": 60.0,
    "best_t_tot": 59.55547029417208,
    "best_amp": 13.859116251028501,
    "best_w_d": 0.004206909907985036,
    "best_ramp": 0.3638714178223532,
    "best_value": 0.04456962517660375,
    "optimization_time": 2900.6485488414764,
    "regime_bounds": {
        "amp": {
            "lower": 13.333333333333332,
            "upper": 16.0
        },
        "w_d": {
            "lower": 0.00416,
            "upper": 0.0045
        },
        "ramp": {
            "lower": 1e-10,
            "upper": 0.5
        },
        "t_tot": {
            "lower": 58.75,
            "upper": 61.25
        }
    }
}