{
    "regime": "amp_3_wd_3_ramp_0_t100.0",
    "t_tot_center": 100.0,
    "best_t_tot": 99.88941957409568,
    "best_amp": 18.083073142316636,
    "best_w_d": 0.00384471005040564,
    "best_ramp": 0.14783550256975503,
    "best_value": 0.00031174295647389683,
    "optimization_time": 2761.525459289551,
    "regime_bounds": {
        "amp": {
            "lower": 16.0,
            "upper": 18.666666666666664
        },
        "w_d": {
            "lower": 0.0038199999999999996,
            "upper": 0.00416
        },
        "ramp": {
            "lower": 1e-10,
            "upper": 0.5
        },
        "t_tot": {
            "lower": 98.75,
            "upper": 101.25
        }
    }
}