{
    "regime": "amp_3_wd_1_ramp_0_t95.0",
    "t_tot_center": 95.0,
    "best_t_tot": 96.24997992155129,
    "best_amp": 16.84893492856107,
    "best_w_d": 0.003478812388799105,
    "best_ramp": 0.10433344929612894,
    "best_value": 0.02435001650582909,
    "optimization_time": 1187.712081193924,
    "regime_bounds": {
        "amp": {
            "lower": 16.0,
            "upper": 18.666666666666664
        },
        "w_d": {
            "lower": 0.00314,
            "upper": 0.0034799999999999996
        },
        "ramp": {
            "lower": 1e-10,
            "upper": 0.5
        },
        "t_tot": {
            "lower": 93.75,
            "upper": 96.25
        }
    }
}