{
    "regime": "amp_5_wd_2_ramp_0_t92.5",
    "t_tot_center": 92.5,
    "best_t_tot": 92.62820478848396,
    "best_amp": 21.46602774811971,
    "best_w_d": 0.0038116162309066127,
    "best_ramp": 0.13213486910920572,
    "best_value": 0.01388689668225636,
    "optimization_time": 3997.5566470623016,
    "regime_bounds": {
        "amp": {
            "lower": 21.333333333333332,
            "upper": 24.0
        },
        "w_d": {
            "lower": 0.0034799999999999996,
            "upper": 0.0038199999999999996
        },
        "ramp": {
            "lower": 1e-10,
            "upper": 0.5
        },
        "t_tot": {
            "lower": 91.25,
            "upper": 93.75
        }
    }
}