{
    "regime": "amp_5_wd_1_ramp_0_t52.5",
    "t_tot_center": 52.5,
    "best_t_tot": 51.884303012188894,
    "best_amp": 21.680722538148782,
    "best_w_d": 0.0034157827012727894,
    "best_ramp": 0.4622446363558379,
    "best_value": 0.02207337990462211,
    "optimization_time": 1109.1311423778534,
    "regime_bounds": {
        "amp": {
            "lower": 21.333333333333332,
            "upper": 24.0
        },
        "w_d": {
            "lower": 0.00314,
            "upper": 0.0034799999999999996
        },
        "ramp": {
            "lower": 1e-10,
            "upper": 0.5
        },
        "t_tot": {
            "lower": 51.25,
            "upper": 53.75
        }
    }
}