{
    "regime": "amp_4_wd_3_ramp_0_t120.0",
    "t_tot_center": 120.0,
    "best_t_tot": 120.12294128126204,
    "best_amp": 18.744905099933955,
    "best_w_d": 0.003835668394385489,
    "best_ramp": 0.12259863699419193,
    "best_value": 0.000536615712816269,
    "optimization_time": 3273.340462207794,
    "regime_bounds": {
        "amp": {
            "lower": 18.666666666666664,
            "upper": 21.333333333333332
        },
        "w_d": {
            "lower": 0.0038199999999999996,
            "upper": 0.00416
        },
        "ramp": {
            "lower": 1e-10,
            "upper": 0.5
        },
        "t_tot": {
            "lower": 118.75,
            "upper": 121.25
        }
    }
}