{
    "regime": "amp_2_wd_3_ramp_0_t92.5",
    "t_tot_center": 92.5,
    "best_t_tot": 93.54473640517531,
    "best_amp": 14.115730549591278,
    "best_w_d": 0.00406845605627698,
    "best_ramp": 0.13672198222103554,
    "best_value": 0.00015024521859061641,
    "optimization_time": 1318.8267929553986,
    "regime_bounds": {
        "amp": {
            "lower": 13.333333333333332,
            "upper": 16.0
        },
        "w_d": {
            "lower": 0.0038199999999999996,
            "upper": 0.00416
        },
        "ramp": {
            "lower": 1e-10,
            "upper": 0.5
        },
        "t_tot": {
            "lower": 91.25,
            "upper": 93.75
        }
    }
}