{
    "regime": "amp_5_wd_0_ramp_0_t102.5",
    "t_tot_center": 102.5,
    "best_t_tot": 102.56715062621751,
    "best_amp": 21.683925297055463,
    "best_w_d": 0.003123662838865125,
    "best_ramp": 0.10940754256454359,
    "best_value": 0.028676030445551285,
    "optimization_time": 3243.7194213867188,
    "regime_bounds": {
        "amp": {
            "lower": 21.333333333333332,
            "upper": 24.0
        },
        "w_d": {
            "lower": 0.0028,
            "upper": 0.00314
        },
        "ramp": {
            "lower": 1e-10,
            "upper": 0.5
        },
        "t_tot": {
            "lower": 101.25,
            "upper": 103.75
        }
    }
}