{
    "regime": "amp_4_wd_3_ramp_0_t100.0",
    "t_tot_center": 100.0,
    "best_t_tot": 100.50324782184339,
    "best_amp": 19.12058566286269,
    "best_w_d": 0.003859818138954815,
    "best_ramp": 0.12996304415869359,
    "best_value": 0.0012195255386892102,
    "optimization_time": 1274.9082369804382,
    "regime_bounds": {
        "amp": {
            "lower": 18.666666666666664,
            "upper": 21.333333333333332
        },
        "w_d": {
            "lower": 0.0038199999999999996,
            "upper": 0.00416
        },
        "ramp": {
            "lower": 1e-10,
            "upper": 0.5
        },
        "t_tot": {
            "lower": 98.75,
            "upper": 101.25
        }
    }
}