{
    "regime": "amp_1_wd_4_ramp_0_t75.0",
    "t_tot_center": 75.0,
    "best_t_tot": 74.52665697008143,
    "best_amp": 13.046229024923345,
    "best_w_d": 0.004353076233175543,
    "best_ramp": 0.2029546883962664,
    "best_value": 0.17022609976667719,
    "optimization_time": 3315.618090391159,
    "regime_bounds": {
        "amp": {
            "lower": 10.666666666666666,
            "upper": 13.333333333333332
        },
        "w_d": {
            "lower": 0.00416,
            "upper": 0.0045
        },
        "ramp": {
            "lower": 1e-10,
            "upper": 0.5
        },
        "t_tot": {
            "lower": 73.75,
            "upper": 76.25
        }
    }
}