{
    "regime": "amp_4_wd_3_ramp_0_t107.5",
    "t_tot_center": 107.5,
    "best_t_tot": 107.60007204764702,
    "best_amp": 18.72088280370542,
    "best_w_d": 0.003841856160972316,
    "best_ramp": 0.19927382575207464,
    "best_value": 2.6653747418407293e-05,
    "optimization_time": 2876.524517774582,
    "regime_bounds": {
        "amp": {
            "lower": 18.666666666666664,
            "upper": 21.333333333333332
        },
        "w_d": {
            "lower": 0.0038199999999999996,
            "upper": 0.00416
        },
        "ramp": {
            "lower": 1e-10,
            "upper": 0.5
        },
        "t_tot": {
            "lower": 106.25,
            "upper": 108.75
        }
    }
}