{
    "regime": "amp_0_wd_3_ramp_0_t70.0",
    "t_tot_center": 70.0,
    "best_t_tot": 71.24987401217103,
    "best_amp": 10.531809893986553,
    "best_w_d": 0.004159997951632163,
    "best_ramp": 0.10137226432449117,
    "best_value": 0.47978375208597,
    "optimization_time": 2559.9062807559967,
    "regime_bounds": {
        "amp": {
            "lower": 8.0,
            "upper": 10.666666666666666
        },
        "w_d": {
            "lower": 0.0038199999999999996,
            "upper": 0.00416
        },
        "ramp": {
            "lower": 1e-10,
            "upper": 0.5
        },
        "t_tot": {
            "lower": 68.75,
            "upper": 71.25
        }
    }
}