{
    "regime": "amp_2_wd_4_ramp_0_t77.5",
    "t_tot_center": 77.5,
    "best_t_tot": 77.73177856395343,
    "best_amp": 15.74597931947082,
    "best_w_d": 0.004485532250440281,
    "best_ramp": 0.14058425275655417,
    "best_value": 0.003500376348797899,
    "optimization_time": 2579.049097299576,
    "regime_bounds": {
        "amp": {
            "lower": 13.333333333333332,
            "upper": 16.0
        },
        "w_d": {
            "lower": 0.00416,
            "upper": 0.0045
        },
        "ramp": {
            "lower": 1e-10,
            "upper": 0.5
        },
        "t_tot": {
            "lower": 76.25,
            "upper": 78.75
        }
    }
}