{
    "regime": "amp_5_wd_2_ramp_0_t97.5",
    "t_tot_center": 97.5,
    "best_t_tot": 97.18120346616465,
    "best_amp": 21.50781159335939,
    "best_w_d": 0.003492347342005349,
    "best_ramp": 0.3488742299120858,
    "best_value": 0.05899018493987898,
    "optimization_time": 3629.0688996315002,
    "regime_bounds": {
        "amp": {
            "lower": 21.333333333333332,
            "upper": 24.0
        },
        "w_d": {
            "lower": 0.0034799999999999996,
            "upper": 0.0038199999999999996
        },
        "ramp": {
            "lower": 1e-10,
            "upper": 0.5
        },
        "t_tot": {
            "lower": 96.25,
            "upper": 98.75
        }
    }
}