{
    "regime": "amp_1_wd_0_ramp_0_t102.5",
    "t_tot_center": 102.5,
    "best_t_tot": 102.19236349102628,
    "best_amp": 13.332573603007983,
    "best_w_d": 0.003078186979349938,
    "best_ramp": 0.16363661374920488,
    "best_value": 0.33045707954153314,
    "optimization_time": 1095.8942885398865,
    "regime_bounds": {
        "amp": {
            "lower": 10.666666666666666,
            "upper": 13.333333333333332
        },
        "w_d": {
            "lower": 0.0028,
            "upper": 0.00314
        },
        "ramp": {
            "lower": 1e-10,
            "upper": 0.5
        },
        "t_tot": {
            "lower": 101.25,
            "upper": 103.75
        }
    }
}