{
    "regime": "amp_0_wd_3_ramp_0_t52.5",
    "t_tot_center": 52.5,
    "best_t_tot": 51.25003875893895,
    "best_amp": 10.512286733169026,
    "best_w_d": 0.0038200039158042317,
    "best_ramp": 0.333136594498303,
    "best_value": 0.09635217867618956,
    "optimization_time": 1481.5433979034424,
    "regime_bounds": {
        "amp": {
            "lower": 8.0,
            "upper": 10.666666666666666
        },
        "w_d": {
            "lower": 0.0038199999999999996,
            "upper": 0.00416
        },
        "ramp": {
            "lower": 1e-10,
            "upper": 0.5
        },
        "t_tot": {
            "lower": 51.25,
            "upper": 53.75
        }
    }
}