{
    "regime": "amp_2_wd_1_ramp_0_t95.0",
    "t_tot_center": 95.0,
    "best_t_tot": 96.24988520655313,
    "best_amp": 14.003096974516367,
    "best_w_d": 0.0034574721660096015,
    "best_ramp": 0.08696998124081758,
    "best_value": 0.16695315573612599,
    "optimization_time": 2187.519501209259,
    "regime_bounds": {
        "amp": {
            "lower": 13.333333333333332,
            "upper": 16.0
        },
        "w_d": {
            "lower": 0.00314,
            "upper": 0.0034799999999999996
        },
        "ramp": {
            "lower": 1e-10,
            "upper": 0.5
        },
        "t_tot": {
            "lower": 93.75,
            "upper": 96.25
        }
    }
}