{
    "regime": "amp_0_wd_3_ramp_0_t112.5",
    "t_tot_center": 112.5,
    "best_t_tot": 112.53881515101172,
    "best_amp": 10.274369417266763,
    "best_w_d": 0.0038603116544441937,
    "best_ramp": 0.0840946089380066,
    "best_value": 4.8609566888321626e-05,
    "optimization_time": 1448.551944732666,
    "regime_bounds": {
        "amp": {
            "lower": 8.0,
            "upper": 10.666666666666666
        },
        "w_d": {
            "lower": 0.0038199999999999996,
            "upper": 0.00416
        },
        "ramp": {
            "lower": 1e-10,
            "upper": 0.5
        },
        "t_tot": {
            "lower": 111.25,
            "upper": 113.75
        }
    }
}