{
    "regime": "amp_1_wd_3_ramp_0_t120.0",
    "t_tot_center": 120.0,
    "best_t_tot": 119.85971266582521,
    "best_amp": 11.989458179853909,
    "best_w_d": 0.003844699930071093,
    "best_ramp": 0.08803579001830752,
    "best_value": 0.006402300248660368,
    "optimization_time": 3448.7980482578278,
    "regime_bounds": {
        "amp": {
            "lower": 10.666666666666666,
            "upper": 13.333333333333332
        },
        "w_d": {
            "lower": 0.0038199999999999996,
            "upper": 0.00416
        },
        "ramp": {
            "lower": 1e-10,
            "upper": 0.5
        },
        "t_tot": {
            "lower": 118.75,
            "upper": 121.25
        }
    }
}