{
    "regime": "amp_5_wd_2_ramp_0_t55.0",
    "t_tot_center": 55.0,
    "best_t_tot": 56.24991369410872,
    "best_amp": 21.40012636046421,
    "best_w_d": 0.0036845128878838,
    "best_ramp": 0.30083901897419046,
    "best_value": 0.038352608377706134,
    "optimization_time": 2659.8588347434998,
    "regime_bounds": {
        "amp": {
            "lower": 21.333333333333332,
            "upper": 24.0
        },
        "w_d": {
            "lower": 0.0034799999999999996,
            "upper": 0.0038199999999999996
        },
        "ramp": {
            "lower": 1e-10,
            "upper": 0.5
        },
        "t_tot": {
            "lower": 53.75,
            "upper": 56.25
        }
    }
}