{
    "regime": "amp_4_wd_1_ramp_0_t100.0",
    "t_tot_center": 100.0,
    "best_t_tot": 99.8383987602665,
    "best_amp": 18.962926561794408,
    "best_w_d": 0.0033093192505689274,
    "best_ramp": 0.11269574676642907,
    "best_value": 0.001309975495990354,
    "optimization_time": 2755.5177958011627,
    "regime_bounds": {
        "amp": {
            "lower": 18.666666666666664,
            "upper": 21.333333333333332
        },
        "w_d": {
            "lower": 0.00314,
            "upper": 0.0034799999999999996
        },
        "ramp": {
            "lower": 1e-10,
            "upper": 0.5
        },
        "t_tot": {
            "lower": 98.75,
            "upper": 101.25
        }
    }
}