{
    "regime": "amp_5_wd_4_ramp_0_t97.5",
    "t_tot_center": 97.5,
    "best_t_tot": 97.29158299321183,
    "best_amp": 22.174896881668733,
    "best_w_d": 0.004243122922691096,
    "best_ramp": 0.2092916560104711,
    "best_value": 9.884630112257815e-05,
    "optimization_time": 3078.679262638092,
    "regime_bounds": {
        "amp": {
            "lower": 21.333333333333332,
            "upper": 24.0
        },
        "w_d": {
            "lower": 0.00416,
            "upper": 0.0045
        },
        "ramp": {
            "lower": 1e-10,
            "upper": 0.5
        },
        "t_tot": {
            "lower": 96.25,
            "upper": 98.75
        }
    }
}