{
    "regime": "amp_0_wd_2_ramp_0_t75.0",
    "t_tot_center": 75.0,
    "best_t_tot": 73.75005273091733,
    "best_amp": 10.64905244476554,
    "best_w_d": 0.0038010020456573906,
    "best_ramp": 0.15162567031340182,
    "best_value": 0.6148795189435636,
    "optimization_time": 1506.8697435855865,
    "regime_bounds": {
        "amp": {
            "lower": 8.0,
            "upper": 10.666666666666666
        },
        "w_d": {
            "lower": 0.0034799999999999996,
            "upper": 0.0038199999999999996
        },
        "ramp": {
            "lower": 1e-10,
            "upper": 0.5
        },
        "t_tot": {
            "lower": 73.75,
            "upper": 76.25
        }
    }
}