{
    "regime": "amp_1_wd_4_ramp_0_t65.0",
    "t_tot_center": 65.0,
    "best_t_tot": 63.753083894382286,
    "best_amp": 12.823629445054511,
    "best_w_d": 0.004221794961195621,
    "best_ramp": 0.21627404639330985,
    "best_value": 0.2194533888805884,
    "optimization_time": 3177.9079184532166,
    "regime_bounds": {
        "amp": {
            "lower": 10.666666666666666,
            "upper": 13.333333333333332
        },
        "w_d": {
            "lower": 0.00416,
            "upper": 0.0045
        },
        "ramp": {
            "lower": 1e-10,
            "upper": 0.5
        },
        "t_tot": {
            "lower": 63.75,
            "upper": 66.25
        }
    }
}