{
    "regime": "amp_0_wd_2_ramp_0_t70.0",
    "t_tot_center": 70.0,
    "best_t_tot": 68.7500777171993,
    "best_amp": 10.66666494071007,
    "best_w_d": 0.0038199934775624005,
    "best_ramp": 0.11155902302229728,
    "best_value": 0.5136291952976721,
    "optimization_time": 1178.6081161499023,
    "regime_bounds": {
        "amp": {
            "lower": 8.0,
            "upper": 10.666666666666666
        },
        "w_d": {
            "lower": 0.0034799999999999996,
            "upper": 0.0038199999999999996
        },
        "ramp": {
            "lower": 1e-10,
            "upper": 0.5
        },
        "t_tot": {
            "lower": 68.75,
            "upper": 71.25
        }
    }
}