{
    "regime": "amp_3_wd_3_ramp_0_t52.5",
    "t_tot_center": 52.5,
    "best_t_tot": 53.749999974750324,
    "best_amp": 16.478146522594752,
    "best_w_d": 0.003865090147051345,
    "best_ramp": 0.2273844761511241,
    "best_value": 0.023319463949397067,
    "optimization_time": 2999.9026572704315,
    "regime_bounds": {
        "amp": {
            "lower": 16.0,
            "upper": 18.666666666666664
        },
        "w_d": {
            "lower": 0.0038199999999999996,
            "upper": 0.00416
        },
        "ramp": {
            "lower": 1e-10,
            "upper": 0.5
        },
        "t_tot": {
            "lower": 51.25,
            "upper": 53.75
        }
    }
}