{
    "regime": "amp_2_wd_4_ramp_0_t62.5",
    "t_tot_center": 62.5,
    "best_t_tot": 62.35928453322876,
    "best_amp": 14.334998717529443,
    "best_w_d": 0.004180932303163417,
    "best_ramp": 0.1572191716186661,
    "best_value": 0.11438771848240326,
    "optimization_time": 3534.525616168976,
    "regime_bounds": {
        "amp": {
            "lower": 13.333333333333332,
            "upper": 16.0
        },
        "w_d": {
            "lower": 0.00416,
            "upper": 0.0045
        },
        "ramp": {
            "lower": 1e-10,
            "upper": 0.5
        },
        "t_tot": {
            "lower": 61.25,
            "upper": 63.75
        }
    }
}