{
    "regime": "amp_5_wd_2_ramp_0_t85.0",
    "t_tot_center": 85.0,
    "best_t_tot": 84.954422962153,
    "best_amp": 21.682973225059435,
    "best_w_d": 0.003791350320545984,
    "best_ramp": 0.15722973663467102,
    "best_value": 0.004439955896806465,
    "optimization_time": 1743.726793050766,
    "regime_bounds": {
        "amp": {
            "lower": 21.333333333333332,
            "upper": 24.0
        },
        "w_d": {
            "lower": 0.0034799999999999996,
            "upper": 0.0038199999999999996
        },
        "ramp": {
            "lower": 1e-10,
            "upper": 0.5
        },
        "t_tot": {
            "lower": 83.75,
            "upper": 86.25
        }
    }
}