{
    "regime": "amp_3_wd_1_ramp_0_t52.5",
    "t_tot_center": 52.5,
    "best_t_tot": 53.74997236203593,
    "best_amp": 16.154898389942385,
    "best_w_d": 0.003397031564508632,
    "best_ramp": 0.2206664602986423,
    "best_value": 0.04095990567737737,
    "optimization_time": 1545.8136644363403,
    "regime_bounds": {
        "amp": {
            "lower": 16.0,
            "upper": 18.666666666666664
        },
        "w_d": {
            "lower": 0.00314,
            "upper": 0.0034799999999999996
        },
        "ramp": {
            "lower": 1e-10,
            "upper": 0.5
        },
        "t_tot": {
            "lower": 51.25,
            "upper": 53.75
        }
    }
}