{
    "regime": "amp_1_wd_1_ramp_0_t62.5",
    "t_tot_center": 62.5,
    "best_t_tot": 61.25000372695413,
    "best_amp": 12.522663172986618,
    "best_w_d": 0.0031470988803584295,
    "best_ramp": 0.3174735281440405,
    "best_value": 0.009709608097970376,
    "optimization_time": 1039.7669217586517,
    "regime_bounds": {
        "amp": {
            "lower": 10.666666666666666,
            "upper": 13.333333333333332
        },
        "w_d": {
            "lower": 0.00314,
            "upper": 0.0034799999999999996
        },
        "ramp": {
            "lower": 1e-10,
            "upper": 0.5
        },
        "t_tot": {
            "lower": 61.25,
            "upper": 63.75
        }
    }
}