{
    "regime": "amp_3_wd_1_ramp_0_t92.5",
    "t_tot_center": 92.5,
    "best_t_tot": 93.749961080146,
    "best_amp": 16.41629720473292,
    "best_w_d": 0.0034792099226680757,
    "best_ramp": 0.10210564253163468,
    "best_value": 0.08468731675235686,
    "optimization_time": 2733.4810869693756,
    "regime_bounds": {
        "amp": {
            "lower": 16.0,
            "upper": 18.666666666666664
        },
        "w_d": {
            "lower": 0.00314,
            "upper": 0.0034799999999999996
        },
        "ramp": {
            "lower": 1e-10,
            "upper": 0.5
        },
        "t_tot": {
            "lower": 91.25,
            "upper": 93.75
        }
    }
}