{
    "regime": "amp_3_wd_3_ramp_0_t60.0",
    "t_tot_center": 60.0,
    "best_t_tot": 59.60459204219065,
    "best_amp": 16.371236188415835,
    "best_w_d": 0.0038220407654264246,
    "best_ramp": 0.22278024747654498,
    "best_value": 0.0008871044464472203,
    "optimization_time": 2151.8744423389435,
    "regime_bounds": {
        "amp": {
            "lower": 16.0,
            "upper": 18.666666666666664
        },
        "w_d": {
            "lower": 0.0038199999999999996,
            "upper": 0.00416
        },
        "ramp": {
            "lower": 1e-10,
            "upper": 0.5
        },
        "t_tot": {
            "lower": 58.75,
            "upper": 61.25
        }
    }
}