{
    "regime": "amp_0_wd_2_ramp_0_t112.5",
    "t_tot_center": 112.5,
    "best_t_tot": 112.25718512799159,
    "best_amp": 10.433660643896587,
    "best_w_d": 0.0035638902509692112,
    "best_ramp": 0.0936538192865509,
    "best_value": 7.028267938206007e-05,
    "optimization_time": 2485.0336401462555,
    "regime_bounds": {
        "amp": {
            "lower": 8.0,
            "upper": 10.666666666666666
        },
        "w_d": {
            "lower": 0.0034799999999999996,
            "upper": 0.0038199999999999996
        },
        "ramp": {
            "lower": 1e-10,
            "upper": 0.5
        },
        "t_tot": {
            "lower": 111.25,
            "upper": 113.75
        }
    }
}