{
    "regime": "amp_3_wd_3_ramp_0_t92.5",
    "t_tot_center": 92.5,
    "best_t_tot": 92.85563551407729,
    "best_amp": 16.496618227210607,
    "best_w_d": 0.003993373411401391,
    "best_ramp": 0.12030069671210639,
    "best_value": 0.004224537842442457,
    "optimization_time": 3447.6789650917053,
    "regime_bounds": {
        "amp": {
            "lower": 16.0,
            "upper": 18.666666666666664
        },
        "w_d": {
            "lower": 0.0038199999999999996,
            "upper": 0.00416
        },
        "ramp": {
            "lower": 1e-10,
            "upper": 0.5
        },
        "t_tot": {
            "lower": 91.25,
            "upper": 93.75
        }
    }
}