{
    "regime": "amp_5_wd_3_ramp_0_t102.5",
    "t_tot_center": 102.5,
    "best_t_tot": 102.4737938188263,
    "best_amp": 21.409465452005257,
    "best_w_d": 0.003825436044593101,
    "best_ramp": 0.13423148036199617,
    "best_value": 0.0028156315251819898,
    "optimization_time": 3304.5884594917297,
    "regime_bounds": {
        "amp": {
            "lower": 21.333333333333332,
            "upper": 24.0
        },
        "w_d": {
            "lower": 0.0038199999999999996,
            "upper": 0.00416
        },
        "ramp": {
            "lower": 1e-10,
            "upper": 0.5
        },
        "t_tot": {
            "lower": 101.25,
            "upper": 103.75
        }
    }
}