{
    "regime": "amp_4_wd_1_ramp_0_t72.5",
    "t_tot_center": 72.5,
    "best_t_tot": 72.37760076083048,
    "best_amp": 19.92907312255911,
    "best_w_d": 0.003434208771375967,
    "best_ramp": 0.23478799609367992,
    "best_value": 0.00128463673101205,
    "optimization_time": 2948.088278055191,
    "regime_bounds": {
        "amp": {
            "lower": 18.666666666666664,
            "upper": 21.333333333333332
        },
        "w_d": {
            "lower": 0.00314,
            "upper": 0.0034799999999999996
        },
        "ramp": {
            "lower": 1e-10,
            "upper": 0.5
        },
        "t_tot": {
            "lower": 71.25,
            "upper": 73.75
        }
    }
}