{
    "regime": "amp_4_wd_3_ramp_0_t67.5",
    "t_tot_center": 67.5,
    "best_t_tot": 67.33343396935935,
    "best_amp": 19.83807923124325,
    "best_w_d": 0.004062586270409996,
    "best_ramp": 0.17773153147389711,
    "best_value": 0.027626832552202704,
    "optimization_time": 3078.701173067093,
    "regime_bounds": {
        "amp": {
            "lower": 18.666666666666664,
            "upper": 21.333333333333332
        },
        "w_d": {
            "lower": 0.0038199999999999996,
            "upper": 0.00416
        },
        "ramp": {
            "lower": 1e-10,
            "upper": 0.5
        },
        "t_tot": {
            "lower": 66.25,
            "upper": 68.75
        }
    }
}