{
    "regime": "amp_1_wd_0_ramp_0_t117.5",
    "t_tot_center": 117.5,
    "best_t_tot": 118.18058872628609,
    "best_amp": 12.033883856279429,
    "best_w_d": 0.0031316543053347724,
    "best_ramp": 0.06782759928268979,
    "best_value": 0.014443853859277694,
    "optimization_time": 2993.3224453926086,
    "regime_bounds": {
        "amp": {
            "lower": 10.666666666666666,
            "upper": 13.333333333333332
        },
        "w_d": {
            "lower": 0.0028,
            "upper": 0.00314
        },
        "ramp": {
            "lower": 1e-10,
            "upper": 0.5
        },
        "t_tot": {
            "lower": 116.25,
            "upper": 118.75
        }
    }
}