{
    "regime": "amp_0_wd_1_ramp_0_t50.0",
    "t_tot_center": 50.0,
    "best_t_tot": 48.75001883485058,
    "best_amp": 10.635081375293744,
    "best_w_d": 0.003396267127483699,
    "best_ramp": 0.22223480286760094,
    "best_value": 0.002096213614389207,
    "optimization_time": 1555.9738206863403,
    "regime_bounds": {
        "amp": {
            "lower": 8.0,
            "upper": 10.666666666666666
        },
        "w_d": {
            "lower": 0.00314,
            "upper": 0.0034799999999999996
        },
        "ramp": {
            "lower": 1e-10,
            "upper": 0.5
        },
        "t_tot": {
            "lower": 48.75,
            "upper": 51.25
        }
    }
}