{
    "regime": "amp_2_wd_0_ramp_0_t55.0",
    "t_tot_center": 55.0,
    "best_t_tot": 55.97107240479883,
    "best_amp": 13.954746263226506,
    "best_w_d": 0.003084577186077833,
    "best_ramp": 0.31820726696400753,
    "best_value": 0.0044877533024493075,
    "optimization_time": 4968.661988735199,
    "regime_bounds": {
        "amp": {
            "lower": 13.333333333333332,
            "upper": 16.0
        },
        "w_d": {
            "lower": 0.0028,
            "upper": 0.00314
        },
        "ramp": {
            "lower": 1e-10,
            "upper": 0.5
        },
        "t_tot": {
            "lower": 53.75,
            "upper": 56.25
        }
    }
}