{
    "regime": "amp_1_wd_3_ramp_0_t77.5",
    "t_tot_center": 77.5,
    "best_t_tot": 77.01822244942409,
    "best_amp": 13.309576459480274,
    "best_w_d": 0.004138496522780859,
    "best_ramp": 0.18287010492660494,
    "best_value": 0.17657780645700777,
    "optimization_time": 3142.3209557533264,
    "regime_bounds": {
        "amp": {
            "lower": 10.666666666666666,
            "upper": 13.333333333333332
        },
        "w_d": {
            "lower": 0.0038199999999999996,
            "upper": 0.00416
        },
        "ramp": {
            "lower": 1e-10,
            "upper": 0.5
        },
        "t_tot": {
            "lower": 76.25,
            "upper": 78.75
        }
    }
}