{
    "regime": "amp_3_wd_2_ramp_0_t115.0",
    "t_tot_center": 115.0,
    "best_t_tot": 115.31338715400801,
    "best_amp": 16.163090500617628,
    "best_w_d": 0.0035407067075279514,
    "best_ramp": 0.09200732271796781,
    "best_value": 0.030203198137119094,
    "optimization_time": 2861.2083656787872,
    "regime_bounds": {
        "amp": {
            "lower": 16.0,
            "upper": 18.666666666666664
        },
        "w_d": {
            "lower": 0.0034799999999999996,
            "upper": 0.0038199999999999996
        },
        "ramp": {
            "lower": 1e-10,
            "upper": 0.5
        },
        "t_tot": {
            "lower": 113.75,
            "upper": 116.25
        }
    }
}