{
    "regime": "amp_0_wd_0_ramp_0_t60.0",
    "t_tot_center": 60.0,
    "best_t_tot": 58.75024837386834,
    "best_amp": 10.40340331916642,
    "best_w_d": 0.0029526575194440126,
    "best_ramp": 0.2961017879818634,
    "best_value": 0.05882734787830725,
    "optimization_time": 1393.2133209705353,
    "regime_bounds": {
        "amp": {
            "lower": 8.0,
            "upper": 10.666666666666666
        },
        "w_d": {
            "lower": 0.0028,
            "upper": 0.00314
        },
        "ramp": {
            "lower": 1e-10,
            "upper": 0.5
        },
        "t_tot": {
            "lower": 58.75,
            "upper": 61.25
        }
    }
}