{
    "regime": "amp_5_wd_3_ramp_0_t82.5",
    "t_tot_center": 82.5,
    "best_t_tot": 82.73950099922422,
    "best_amp": 21.61273491536609,
    "best_w_d": 0.004151422721005969,
    "best_ramp": 0.11558128395118228,
    "best_value": 0.10675586377697444,
    "optimization_time": 1659.5765042304993,
    "regime_bounds": {
        "amp": {
            "lower": 21.333333333333332,
            "upper": 24.0
        },
        "w_d": {
            "lower": 0.0038199999999999996,
            "upper": 0.00416
        },
        "ramp": {
            "lower": 1e-10,
            "upper": 0.5
        },
        "t_tot": {
            "lower": 81.25,
            "upper": 83.75
        }
    }
}