{
    "regime": "amp_5_wd_1_ramp_0_t90.0",
    "t_tot_center": 90.0,
    "best_t_tot": 90.41268550336059,
    "best_amp": 21.557776258244193,
    "best_w_d": 0.003470838205090531,
    "best_ramp": 0.12911948908824356,
    "best_value": 0.03212512015424894,
    "optimization_time": 3215.4793632030487,
    "regime_bounds": {
        "amp": {
            "lower": 21.333333333333332,
            "upper": 24.0
        },
        "w_d": {
            "lower": 0.00314,
            "upper": 0.0034799999999999996
        },
        "ramp": {
            "lower": 1e-10,
            "upper": 0.5
        },
        "t_tot": {
            "lower": 88.75,
            "upper": 91.25
        }
    }
}