{
    "regime": "amp_1_wd_4_ramp_0_t50.0",
    "t_tot_center": 50.0,
    "best_t_tot": 48.75003734906354,
    "best_amp": 11.758752579732223,
    "best_w_d": 0.004166510210368936,
    "best_ramp": 0.2515028816457573,
    "best_value": 0.04249547894988634,
    "optimization_time": 885.3754444122314,
    "regime_bounds": {
        "amp": {
            "lower": 10.666666666666666,
            "upper": 13.333333333333332
        },
        "w_d": {
            "lower": 0.00416,
            "upper": 0.0045
        },
        "ramp": {
            "lower": 1e-10,
            "upper": 0.5
        },
        "t_tot": {
            "lower": 48.75,
            "upper": 51.25
        }
    }
}