{
    "regime": "amp_2_wd_1_ramp_0_t85.0",
    "t_tot_center": 85.0,
    "best_t_tot": 86.21118056985317,
    "best_amp": 15.872286831600036,
    "best_w_d": 0.0034747344998206755,
    "best_ramp": 0.12452252185095627,
    "best_value": 0.13670728609767052,
    "optimization_time": 1839.3022630214691,
    "regime_bounds": {
        "amp": {
            "lower": 13.333333333333332,
            "upper": 16.0
        },
        "w_d": {
            "lower": 0.00314,
            "upper": 0.0034799999999999996
        },
        "ramp": {
            "lower": 1e-10,
            "upper": 0.5
        },
        "t_tot": {
            "lower": 83.75,
            "upper": 86.25
        }
    }
}