{
    "regime": "amp_2_wd_2_ramp_0_t102.5",
    "t_tot_center": 102.5,
    "best_t_tot": 102.94232745717478,
    "best_amp": 15.872841399848785,
    "best_w_d": 0.003523636754353283,
    "best_ramp": 0.13628660773213855,
    "best_value": 0.0004946843779687395,
    "optimization_time": 1400.2449207305908,
    "regime_bounds": {
        "amp": {
            "lower": 13.333333333333332,
            "upper": 16.0
        },
        "w_d": {
            "lower": 0.0034799999999999996,
            "upper": 0.0038199999999999996
        },
        "ramp": {
            "lower": 1e-10,
            "upper": 0.5
        },
        "t_tot": {
            "lower": 101.25,
            "upper": 103.75
        }
    }
}