{
    "regime": "amp_1_wd_0_ramp_0_t92.5",
    "t_tot_center": 92.5,
    "best_t_tot": 93.74967389064138,
    "best_amp": 13.284467510811144,
    "best_w_d": 0.0031399979439210223,
    "best_ramp": 0.08533260243860159,
    "best_value": 0.39533041001713254,
    "optimization_time": 2413.0989434719086,
    "regime_bounds": {
        "amp": {
            "lower": 10.666666666666666,
            "upper": 13.333333333333332
        },
        "w_d": {
            "lower": 0.0028,
            "upper": 0.00314
        },
        "ramp": {
            "lower": 1e-10,
            "upper": 0.5
        },
        "t_tot": {
            "lower": 91.25,
            "upper": 93.75
        }
    }
}