{
    "regime": "amp_5_wd_2_ramp_0_t90.0",
    "t_tot_center": 90.0,
    "best_t_tot": 90.00527610238947,
    "best_amp": 21.575036392399177,
    "best_w_d": 0.00377713713308236,
    "best_ramp": 0.21689984188054295,
    "best_value": 0.00016549083399656527,
    "optimization_time": 4101.537180662155,
    "regime_bounds": {
        "amp": {
            "lower": 21.333333333333332,
            "upper": 24.0
        },
        "w_d": {
            "lower": 0.0034799999999999996,
            "upper": 0.0038199999999999996
        },
        "ramp": {
            "lower": 1e-10,
            "upper": 0.5
        },
        "t_tot": {
            "lower": 88.75,
            "upper": 91.25
        }
    }
}