{
    "regime": "amp_3_wd_3_ramp_0_t85.0",
    "t_tot_center": 85.0,
    "best_t_tot": 84.94052104043634,
    "best_amp": 16.30699703153577,
    "best_w_d": 0.004119046960881227,
    "best_ramp": 0.14786913002150365,
    "best_value": 0.0007112500776422376,
    "optimization_time": 1574.6588852405548,
    "regime_bounds": {
        "amp": {
            "lower": 16.0,
            "upper": 18.666666666666664
        },
        "w_d": {
            "lower": 0.0038199999999999996,
            "upper": 0.00416
        },
        "ramp": {
            "lower": 1e-10,
            "upper": 0.5
        },
        "t_tot": {
            "lower": 83.75,
            "upper": 86.25
        }
    }
}