{
    "regime": "amp_4_wd_2_ramp_0_t65.0",
    "t_tot_center": 65.0,
    "best_t_tot": 65.5158532047165,
    "best_amp": 18.87157150741269,
    "best_w_d": 0.00348787506980203,
    "best_ramp": 0.205390299518218,
    "best_value": 0.0061785889850172,
    "optimization_time": 3205.691219329834,
    "regime_bounds": {
        "amp": {
            "lower": 18.666666666666664,
            "upper": 21.333333333333332
        },
        "w_d": {
            "lower": 0.0034799999999999996,
            "upper": 0.0038199999999999996
        },
        "ramp": {
            "lower": 1e-10,
            "upper": 0.5
        },
        "t_tot": {
            "lower": 63.75,
            "upper": 66.25
        }
    }
}