{
    "regime": "amp_3_wd_4_ramp_0_t75.0",
    "t_tot_center": 75.0,
    "best_t_tot": 75.66865280551052,
    "best_amp": 18.48054568998614,
    "best_w_d": 0.004316540603064428,
    "best_ramp": 0.14858858792679214,
    "best_value": 0.014535601519050497,
    "optimization_time": 2971.2217054367065,
    "regime_bounds": {
        "amp": {
            "lower": 16.0,
            "upper": 18.666666666666664
        },
        "w_d": {
            "lower": 0.00416,
            "upper": 0.0045
        },
        "ramp": {
            "lower": 1e-10,
            "upper": 0.5
        },
        "t_tot": {
            "lower": 73.75,
            "upper": 76.25
        }
    }
}