{
    "regime": "amp_2_wd_2_ramp_0_t87.5",
    "t_tot_center": 87.5,
    "best_t_tot": 88.74999842628205,
    "best_amp": 13.897865443503598,
    "best_w_d": 0.0038031791134800984,
    "best_ramp": 0.1023476094863841,
    "best_value": 0.11692176742560148,
    "optimization_time": 2490.7933814525604,
    "regime_bounds": {
        "amp": {
            "lower": 13.333333333333332,
            "upper": 16.0
        },
        "w_d": {
            "lower": 0.0034799999999999996,
            "upper": 0.0038199999999999996
        },
        "ramp": {
            "lower": 1e-10,
            "upper": 0.5
        },
        "t_tot": {
            "lower": 86.25,
            "upper": 88.75
        }
    }
}