{
    "regime": "amp_1_wd_3_ramp_0_t80.0",
    "t_tot_center": 80.0,
    "best_t_tot": 81.24997713028561,
    "best_amp": 13.276389471084434,
    "best_w_d": 0.004159998963733835,
    "best_ramp": 0.10326854559793763,
    "best_value": 0.12002321666583565,
    "optimization_time": 2324.668863296509,
    "regime_bounds": {
        "amp": {
            "lower": 10.666666666666666,
            "upper": 13.333333333333332
        },
        "w_d": {
            "lower": 0.0038199999999999996,
            "upper": 0.00416
        },
        "ramp": {
            "lower": 1e-10,
            "upper": 0.5
        },
        "t_tot": {
            "lower": 78.75,
            "upper": 81.25
        }
    }
}