{
    "regime": "amp_2_wd_3_ramp_0_t65.0",
    "t_tot_center": 65.0,
    "best_t_tot": 65.20753356962985,
    "best_amp": 13.99358012306778,
    "best_w_d": 0.0038813059863727186,
    "best_ramp": 0.16491170411488024,
    "best_value": 0.17263601556078167,
    "optimization_time": 1029.5866038799286,
    "regime_bounds": {
        "amp": {
            "lower": 13.333333333333332,
            "upper": 16.0
        },
        "w_d": {
            "lower": 0.0038199999999999996,
            "upper": 0.00416
        },
        "ramp": {
            "lower": 1e-10,
            "upper": 0.5
        },
        "t_tot": {
            "lower": 63.75,
            "upper": 66.25
        }
    }
}