{
    "regime": "amp_4_wd_0_ramp_0_t52.5",
    "t_tot_center": 52.5,
    "best_t_tot": 52.5372127678732,
    "best_amp": 19.05904549036698,
    "best_w_d": 0.0030323576179221772,
    "best_ramp": 0.42118293338185925,
    "best_value": 0.02071158102565169,
    "optimization_time": 1976.5237836837769,
    "regime_bounds": {
        "amp": {
            "lower": 18.666666666666664,
            "upper": 21.333333333333332
        },
        "w_d": {
            "lower": 0.0028,
            "upper": 0.00314
        },
        "ramp": {
            "lower": 1e-10,
            "upper": 0.5
        },
        "t_tot": {
            "lower": 51.25,
            "upper": 53.75
        }
    }
}