{
    "regime": "amp_1_wd_2_ramp_0_t87.5",
    "t_tot_center": 87.5,
    "best_t_tot": 88.74999397221731,
    "best_amp": 13.0491535025071,
    "best_w_d": 0.003819999910996873,
    "best_ramp": 0.11406772512790148,
    "best_value": 0.17499398897361473,
    "optimization_time": 2676.0549290180206,
    "regime_bounds": {
        "amp": {
            "lower": 10.666666666666666,
            "upper": 13.333333333333332
        },
        "w_d": {
            "lower": 0.0034799999999999996,
            "upper": 0.0038199999999999996
        },
        "ramp": {
            "lower": 1e-10,
            "upper": 0.5
        },
        "t_tot": {
            "lower": 86.25,
            "upper": 88.75
        }
    }
}