{
    "regime": "amp_2_wd_2_ramp_0_t62.5",
    "t_tot_center": 62.5,
    "best_t_tot": 61.98655782013298,
    "best_amp": 13.536180603437112,
    "best_w_d": 0.003483228758859839,
    "best_ramp": 0.3106848285251018,
    "best_value": 0.012170462448783094,
    "optimization_time": 1104.3489441871643,
    "regime_bounds": {
        "amp": {
            "lower": 13.333333333333332,
            "upper": 16.0
        },
        "w_d": {
            "lower": 0.0034799999999999996,
            "upper": 0.0038199999999999996
        },
        "ramp": {
            "lower": 1e-10,
            "upper": 0.5
        },
        "t_tot": {
            "lower": 61.25,
            "upper": 63.75
        }
    }
}