{
    "regime": "amp_3_wd_4_ramp_0_t77.5",
    "t_tot_center": 77.5,
    "best_t_tot": 78.09888769949877,
    "best_amp": 16.1645804435018,
    "best_w_d": 0.004328248978883397,
    "best_ramp": 0.14402657189476178,
    "best_value": 0.017510297517677874,
    "optimization_time": 1094.5577352046967,
    "regime_bounds": {
        "amp": {
            "lower": 16.0,
            "upper": 18.666666666666664
        },
        "w_d": {
            "lower": 0.00416,
            "upper": 0.0045
        },
        "ramp": {
            "lower": 1e-10,
            "upper": 0.5
        },
        "t_tot": {
            "lower": 76.25,
            "upper": 78.75
        }
    }
}