{
    "regime": "amp_1_wd_0_ramp_0_t87.5",
    "t_tot_center": 87.5,
    "best_t_tot": 86.25000331485553,
    "best_amp": 13.331359402217469,
    "best_w_d": 0.0030675716434681735,
    "best_ramp": 0.1350000272202034,
    "best_value": 0.4323347704648739,
    "optimization_time": 2284.7267093658447,
    "regime_bounds": {
        "amp": {
            "lower": 10.666666666666666,
            "upper": 13.333333333333332
        },
        "w_d": {
            "lower": 0.0028,
            "upper": 0.00314
        },
        "ramp": {
            "lower": 1e-10,
            "upper": 0.5
        },
        "t_tot": {
            "lower": 86.25,
            "upper": 88.75
        }
    }
}