{
    "regime": "amp_4_wd_4_ramp_0_t80.0",
    "t_tot_center": 80.0,
    "best_t_tot": 80.0911205344761,
    "best_amp": 19.055895986295816,
    "best_w_d": 0.0043286731680997215,
    "best_ramp": 0.2175292757095235,
    "best_value": 0.000507061710739052,
    "optimization_time": 2811.5000643730164,
    "regime_bounds": {
        "amp": {
            "lower": 18.666666666666664,
            "upper": 21.333333333333332
        },
        "w_d": {
            "lower": 0.00416,
            "upper": 0.0045
        },
        "ramp": {
            "lower": 1e-10,
            "upper": 0.5
        },
        "t_tot": {
            "lower": 78.75,
            "upper": 81.25
        }
    }
}