{
    "regime": "amp_4_wd_3_ramp_0_t80.0",
    "t_tot_center": 80.0,
    "best_t_tot": 79.74136551984435,
    "best_amp": 19.065478532218926,
    "best_w_d": 0.004157508489882038,
    "best_ramp": 0.16172663022578043,
    "best_value": 0.0034109955250328106,
    "optimization_time": 2867.1242485046387,
    "regime_bounds": {
        "amp": {
            "lower": 18.666666666666664,
            "upper": 21.333333333333332
        },
        "w_d": {
            "lower": 0.0038199999999999996,
            "upper": 0.00416
        },
        "ramp": {
            "lower": 1e-10,
            "upper": 0.5
        },
        "t_tot": {
            "lower": 78.75,
            "upper": 81.25
        }
    }
}