{
    "regime": "amp_4_wd_2_ramp_0_t87.5",
    "t_tot_center": 87.5,
    "best_t_tot": 87.88492028484956,
    "best_amp": 19.209218881377474,
    "best_w_d": 0.003764296442274573,
    "best_ramp": 0.1574113247964177,
    "best_value": 0.007878602397573096,
    "optimization_time": 3156.0825805664062,
    "regime_bounds": {
        "amp": {
            "lower": 18.666666666666664,
            "upper": 21.333333333333332
        },
        "w_d": {
            "lower": 0.0034799999999999996,
            "upper": 0.0038199999999999996
        },
        "ramp": {
            "lower": 1e-10,
            "upper": 0.5
        },
        "t_tot": {
            "lower": 86.25,
            "upper": 88.75
        }
    }
}