{
    "regime": "amp_5_wd_4_ramp_0_t90.0",
    "t_tot_center": 90.0,
    "best_t_tot": 90.7509573016816,
    "best_amp": 21.550811314566385,
    "best_w_d": 0.00418942117599744,
    "best_ramp": 0.21953431448296093,
    "best_value": 0.00010099896850174354,
    "optimization_time": 2002.3457565307617,
    "regime_bounds": {
        "amp": {
            "lower": 21.333333333333332,
            "upper": 24.0
        },
        "w_d": {
            "lower": 0.00416,
            "upper": 0.0045
        },
        "ramp": {
            "lower": 1e-10,
            "upper": 0.5
        },
        "t_tot": {
            "lower": 88.75,
            "upper": 91.25
        }
    }
}