{
    "regime": "amp_4_wd_4_ramp_0_t92.5",
    "t_tot_center": 92.5,
    "best_t_tot": 92.79907340750398,
    "best_amp": 18.838021223944843,
    "best_w_d": 0.004209466233109504,
    "best_ramp": 0.17733738894129536,
    "best_value": 0.00037752992981184843,
    "optimization_time": 2689.275386571884,
    "regime_bounds": {
        "amp": {
            "lower": 18.666666666666664,
            "upper": 21.333333333333332
        },
        "w_d": {
            "lower": 0.00416,
            "upper": 0.0045
        },
        "ramp": {
            "lower": 1e-10,
            "upper": 0.5
        },
        "t_tot": {
            "lower": 91.25,
            "upper": 93.75
        }
    }
}