{
    "regime": "amp_4_wd_1_ramp_0_t57.5",
    "t_tot_center": 57.5,
    "best_t_tot": 58.09029993402075,
    "best_amp": 18.668910175793723,
    "best_w_d": 0.0032262472104879073,
    "best_ramp": 0.33529761498783195,
    "best_value": 0.02233928484094754,
    "optimization_time": 2665.0117375850677,
    "regime_bounds": {
        "amp": {
            "lower": 18.666666666666664,
            "upper": 21.333333333333332
        },
        "w_d": {
            "lower": 0.00314,
            "upper": 0.0034799999999999996
        },
        "ramp": {
            "lower": 1e-10,
            "upper": 0.5
        },
        "t_tot": {
            "lower": 56.25,
            "upper": 58.75
        }
    }
}