{
    "regime": "amp_0_wd_1_ramp_0_t57.5",
    "t_tot_center": 57.5,
    "best_t_tot": 56.2500038532409,
    "best_amp": 10.655023652678384,
    "best_w_d": 0.0031772692934635086,
    "best_ramp": 0.3341322851252288,
    "best_value": 0.05088115456727718,
    "optimization_time": 824.2533860206604,
    "regime_bounds": {
        "amp": {
            "lower": 8.0,
            "upper": 10.666666666666666
        },
        "w_d": {
            "lower": 0.00314,
            "upper": 0.0034799999999999996
        },
        "ramp": {
            "lower": 1e-10,
            "upper": 0.5
        },
        "t_tot": {
            "lower": 56.25,
            "upper": 58.75
        }
    }
}