{
    "regime": "amp_4_wd_2_ramp_0_t120.0",
    "t_tot_center": 120.0,
    "best_t_tot": 119.88829167857696,
    "best_amp": 18.694453944405947,
    "best_w_d": 0.003485267294957872,
    "best_ramp": 0.10004609080746465,
    "best_value": 0.004422886847110317,
    "optimization_time": 2367.665453672409,
    "regime_bounds": {
        "amp": {
            "lower": 18.666666666666664,
            "upper": 21.333333333333332
        },
        "w_d": {
            "lower": 0.0034799999999999996,
            "upper": 0.0038199999999999996
        },
        "ramp": {
            "lower": 1e-10,
            "upper": 0.5
        },
        "t_tot": {
            "lower": 118.75,
            "upper": 121.25
        }
    }
}