{
    "regime": "amp_3_wd_4_ramp_0_t52.5",
    "t_tot_center": 52.5,
    "best_t_tot": 52.893995181228675,
    "best_amp": 16.213008719288247,
    "best_w_d": 0.004197228128425026,
    "best_ramp": 0.19851914725213096,
    "best_value": 0.008899678803110265,
    "optimization_time": 2102.046534538269,
    "regime_bounds": {
        "amp": {
            "lower": 16.0,
            "upper": 18.666666666666664
        },
        "w_d": {
            "lower": 0.00416,
            "upper": 0.0045
        },
        "ramp": {
            "lower": 1e-10,
            "upper": 0.5
        },
        "t_tot": {
            "lower": 51.25,
            "upper": 53.75
        }
    }
}