{
    "regime": "amp_0_wd_3_ramp_0_t60.0",
    "t_tot_center": 60.0,
    "best_t_tot": 58.75002930232573,
    "best_amp": 10.666663535345592,
    "best_w_d": 0.0038387405914434352,
    "best_ramp": 0.2189709596449974,
    "best_value": 0.5023378020691363,
    "optimization_time": 1369.4918131828308,
    "regime_bounds": {
        "amp": {
            "lower": 8.0,
            "upper": 10.666666666666666
        },
        "w_d": {
            "lower": 0.0038199999999999996,
            "upper": 0.00416
        },
        "ramp": {
            "lower": 1e-10,
            "upper": 0.5
        },
        "t_tot": {
            "lower": 58.75,
            "upper": 61.25
        }
    }
}