{
    "regime": "amp_5_wd_1_ramp_0_t117.5",
    "t_tot_center": 117.5,
    "best_t_tot": 117.74696669776017,
    "best_amp": 21.44312188534309,
    "best_w_d": 0.0034116874977674857,
    "best_ramp": 0.11844859547017214,
    "best_value": 0.002210540084069807,
    "optimization_time": 4588.660932302475,
    "regime_bounds": {
        "amp": {
            "lower": 21.333333333333332,
            "upper": 24.0
        },
        "w_d": {
            "lower": 0.00314,
            "upper": 0.0034799999999999996
        },
        "ramp": {
            "lower": 1e-10,
            "upper": 0.5
        },
        "t_tot": {
            "lower": 116.25,
            "upper": 118.75
        }
    }
}