{
    "regime": "amp_4_wd_2_ramp_0_t107.5",
    "t_tot_center": 107.5,
    "best_t_tot": 107.52870147416911,
    "best_amp": 19.19730379132721,
    "best_w_d": 0.0035310773568355217,
    "best_ramp": 0.10658314436325615,
    "best_value": 0.01179757075064622,
    "optimization_time": 3146.5159916877747,
    "regime_bounds": {
        "amp": {
            "lower": 18.666666666666664,
            "upper": 21.333333333333332
        },
        "w_d": {
            "lower": 0.0034799999999999996,
            "upper": 0.0038199999999999996
        },
        "ramp": {
            "lower": 1e-10,
            "upper": 0.5
        },
        "t_tot": {
            "lower": 106.25,
            "upper": 108.75
        }
    }
}