{
    "regime": "amp_0_wd_1_ramp_0_t75.0",
    "t_tot_center": 75.0,
    "best_t_tot": 73.75013580798745,
    "best_amp": 10.666665940682975,
    "best_w_d": 0.003479999877108647,
    "best_ramp": 0.10076839330367514,
    "best_value": 0.6057171519650709,
    "optimization_time": 2183.030994653702,
    "regime_bounds": {
        "amp": {
            "lower": 8.0,
            "upper": 10.666666666666666
        },
        "w_d": {
            "lower": 0.00314,
            "upper": 0.0034799999999999996
        },
        "ramp": {
            "lower": 1e-10,
            "upper": 0.5
        },
        "t_tot": {
            "lower": 73.75,
            "upper": 76.25
        }
    }
}