{
    "regime": "amp_5_wd_0_ramp_0_t87.5",
    "t_tot_center": 87.5,
    "best_t_tot": 87.01532340200741,
    "best_amp": 21.684247667832935,
    "best_w_d": 0.0030711725878386424,
    "best_ramp": 0.26909459098734717,
    "best_value": 0.015991393265955056,
    "optimization_time": 3468.1074817180634,
    "regime_bounds": {
        "amp": {
            "lower": 21.333333333333332,
            "upper": 24.0
        },
        "w_d": {
            "lower": 0.0028,
            "upper": 0.00314
        },
        "ramp": {
            "lower": 1e-10,
            "upper": 0.5
        },
        "t_tot": {
            "lower": 86.25,
            "upper": 88.75
        }
    }
}