{
    "regime": "amp_3_wd_1_ramp_0_t82.5",
    "t_tot_center": 82.5,
    "best_t_tot": 82.01876768309795,
    "best_amp": 16.343887907712592,
    "best_w_d": 0.003356191380199305,
    "best_ramp": 0.39316129386892146,
    "best_value": 0.11257866124637364,
    "optimization_time": 2169.4037272930145,
    "regime_bounds": {
        "amp": {
            "lower": 16.0,
            "upper": 18.666666666666664
        },
        "w_d": {
            "lower": 0.00314,
            "upper": 0.0034799999999999996
        },
        "ramp": {
            "lower": 1e-10,
            "upper": 0.5
        },
        "t_tot": {
            "lower": 81.25,
            "upper": 83.75
        }
    }
}