{
    "regime": "amp_1_wd_4_ramp_0_t67.5",
    "t_tot_center": 67.5,
    "best_t_tot": 68.74867393607943,
    "best_amp": 13.249608638597795,
    "best_w_d": 0.00438300046581557,
    "best_ramp": 0.13787137491126045,
    "best_value": 0.15467129949896102,
    "optimization_time": 1307.4774820804596,
    "regime_bounds": {
        "amp": {
            "lower": 10.666666666666666,
            "upper": 13.333333333333332
        },
        "w_d": {
            "lower": 0.00416,
            "upper": 0.0045
        },
        "ramp": {
            "lower": 1e-10,
            "upper": 0.5
        },
        "t_tot": {
            "lower": 66.25,
            "upper": 68.75
        }
    }
}