{
    "regime": "amp_4_wd_4_ramp_0_t65.0",
    "t_tot_center": 65.0,
    "best_t_tot": 64.47629492348966,
    "best_amp": 18.960791972968956,
    "best_w_d": 0.00419111949765525,
    "best_ramp": 0.3819544933382468,
    "best_value": 0.0001714863152796213,
    "optimization_time": 2638.7310564517975,
    "regime_bounds": {
        "amp": {
            "lower": 18.666666666666664,
            "upper": 21.333333333333332
        },
        "w_d": {
            "lower": 0.00416,
            "upper": 0.0045
        },
        "ramp": {
            "lower": 1e-10,
            "upper": 0.5
        },
        "t_tot": {
            "lower": 63.75,
            "upper": 66.25
        }
    }
}