{
    "regime": "amp_2_wd_1_ramp_0_t62.5",
    "t_tot_center": 62.5,
    "best_t_tot": 62.275461863398704,
    "best_amp": 13.525899026955557,
    "best_w_d": 0.003155347235071804,
    "best_ramp": 0.2918758483865476,
    "best_value": 0.0005211467625277583,
    "optimization_time": 1786.7719523906708,
    "regime_bounds": {
        "amp": {
            "lower": 13.333333333333332,
            "upper": 16.0
        },
        "w_d": {
            "lower": 0.00314,
            "upper": 0.0034799999999999996
        },
        "ramp": {
            "lower": 1e-10,
            "upper": 0.5
        },
        "t_tot": {
            "lower": 61.25,
            "upper": 63.75
        }
    }
}