{
    "regime": "amp_0_wd_2_ramp_0_t60.0",
    "t_tot_center": 60.0,
    "best_t_tot": 58.750062990150774,
    "best_amp": 10.629999943843599,
    "best_w_d": 0.0034800325738258146,
    "best_ramp": 0.3336443655347386,
    "best_value": 0.20796705956907555,
    "optimization_time": 1230.0165362358093,
    "regime_bounds": {
        "amp": {
            "lower": 8.0,
            "upper": 10.666666666666666
        },
        "w_d": {
            "lower": 0.0034799999999999996,
            "upper": 0.0038199999999999996
        },
        "ramp": {
            "lower": 1e-10,
            "upper": 0.5
        },
        "t_tot": {
            "lower": 58.75,
            "upper": 61.25
        }
    }
}