{
    "regime": "amp_0_wd_0_ramp_0_t62.5",
    "t_tot_center": 62.5,
    "best_t_tot": 61.250649919278594,
    "best_amp": 10.654017039509972,
    "best_w_d": 0.0030125968081214233,
    "best_ramp": 0.29083614905485167,
    "best_value": 0.09527994389689934,
    "optimization_time": 1759.7141373157501,
    "regime_bounds": {
        "amp": {
            "lower": 8.0,
            "upper": 10.666666666666666
        },
        "w_d": {
            "lower": 0.0028,
            "upper": 0.00314
        },
        "ramp": {
            "lower": 1e-10,
            "upper": 0.5
        },
        "t_tot": {
            "lower": 61.25,
            "upper": 63.75
        }
    }
}