{
    "regime": "amp_3_wd_0_ramp_0_t65.0",
    "t_tot_center": 65.0,
    "best_t_tot": 66.2090514947559,
    "best_amp": 16.04140823613882,
    "best_w_d": 0.003001143016503634,
    "best_ramp": 0.32318579151804927,
    "best_value": 0.0010832808915722976,
    "optimization_time": 2204.8520889282227,
    "regime_bounds": {
        "amp": {
            "lower": 16.0,
            "upper": 18.666666666666664
        },
        "w_d": {
            "lower": 0.0028,
            "upper": 0.00314
        },
        "ramp": {
            "lower": 1e-10,
            "upper": 0.5
        },
        "t_tot": {
            "lower": 63.75,
            "upper": 66.25
        }
    }
}