{
    "regime": "amp_3_wd_2_ramp_0_t87.5",
    "t_tot_center": 87.5,
    "best_t_tot": 88.74996858253881,
    "best_amp": 16.08776810827607,
    "best_w_d": 0.0038173413444917304,
    "best_ramp": 0.11764901350411452,
    "best_value": 0.02225587056699431,
    "optimization_time": 2628.794322013855,
    "regime_bounds": {
        "amp": {
            "lower": 16.0,
            "upper": 18.666666666666664
        },
        "w_d": {
            "lower": 0.0034799999999999996,
            "upper": 0.0038199999999999996
        },
        "ramp": {
            "lower": 1e-10,
            "upper": 0.5
        },
        "t_tot": {
            "lower": 86.25,
            "upper": 88.75
        }
    }
}