{
    "regime": "amp_5_wd_2_ramp_0_t112.5",
    "t_tot_center": 112.5,
    "best_t_tot": 112.34183915898102,
    "best_amp": 21.383340514380613,
    "best_w_d": 0.0035129656212626497,
    "best_ramp": 0.1250953998227401,
    "best_value": 0.0018603683219503933,
    "optimization_time": 3571.044844865799,
    "regime_bounds": {
        "amp": {
            "lower": 21.333333333333332,
            "upper": 24.0
        },
        "w_d": {
            "lower": 0.0034799999999999996,
            "upper": 0.0038199999999999996
        },
        "ramp": {
            "lower": 1e-10,
            "upper": 0.5
        },
        "t_tot": {
            "lower": 111.25,
            "upper": 113.75
        }
    }
}