{
    "regime": "amp_5_wd_1_ramp_0_t50.0",
    "t_tot_center": 50.0,
    "best_t_tot": 50.087137956553036,
    "best_amp": 21.473527175110295,
    "best_w_d": 0.0034618943330984213,
    "best_ramp": 0.25885744708859,
    "best_value": 0.06682103578611619,
    "optimization_time": 1924.9299337863922,
    "regime_bounds": {
        "amp": {
            "lower": 21.333333333333332,
            "upper": 24.0
        },
        "w_d": {
            "lower": 0.00314,
            "upper": 0.0034799999999999996
        },
        "ramp": {
            "lower": 1e-10,
            "upper": 0.5
        },
        "t_tot": {
            "lower": 48.75,
            "upper": 51.25
        }
    }
}