{
    "regime": "amp_3_wd_2_ramp_0_t67.5",
    "t_tot_center": 67.5,
    "best_t_tot": 67.29977384418083,
    "best_amp": 18.51705221626927,
    "best_w_d": 0.0038086114006259495,
    "best_ramp": 0.20425862665040265,
    "best_value": 0.0301521953554445,
    "optimization_time": 2495.9848248958588,
    "regime_bounds": {
        "amp": {
            "lower": 16.0,
            "upper": 18.666666666666664
        },
        "w_d": {
            "lower": 0.0034799999999999996,
            "upper": 0.0038199999999999996
        },
        "ramp": {
            "lower": 1e-10,
            "upper": 0.5
        },
        "t_tot": {
            "lower": 66.25,
            "upper": 68.75
        }
    }
}