{
    "regime": "amp_2_wd_2_ramp_0_t105.0",
    "t_tot_center": 105.0,
    "best_t_tot": 104.60426548846999,
    "best_amp": 15.668965910358468,
    "best_w_d": 0.0034807221824520525,
    "best_ramp": 0.1361270822556434,
    "best_value": 0.000526431378691757,
    "optimization_time": 3102.8088085651398,
    "regime_bounds": {
        "amp": {
            "lower": 13.333333333333332,
            "upper": 16.0
        },
        "w_d": {
            "lower": 0.0034799999999999996,
            "upper": 0.0038199999999999996
        },
        "ramp": {
            "lower": 1e-10,
            "upper": 0.5
        },
        "t_tot": {
            "lower": 103.75,
            "upper": 106.25
        }
    }
}