{
    "regime": "amp_4_wd_0_ramp_0_t70.0",
    "t_tot_center": 70.0,
    "best_t_tot": 70.04848250672296,
    "best_amp": 19.628959954748975,
    "best_w_d": 0.0031360525684484323,
    "best_ramp": 0.23199668066000395,
    "best_value": 0.015673709017290434,
    "optimization_time": 3006.252288579941,
    "regime_bounds": {
        "amp": {
            "lower": 18.666666666666664,
            "upper": 21.333333333333332
        },
        "w_d": {
            "lower": 0.0028,
            "upper": 0.00314
        },
        "ramp": {
            "lower": 1e-10,
            "upper": 0.5
        },
        "t_tot": {
            "lower": 68.75,
            "upper": 71.25
        }
    }
}