{
    "regime": "amp_4_wd_3_ramp_0_t90.0",
    "t_tot_center": 90.0,
    "best_t_tot": 89.63719782983851,
    "best_amp": 18.940643993007892,
    "best_w_d": 0.004021336703777408,
    "best_ramp": 0.1461356781916297,
    "best_value": 0.001522798259049154,
    "optimization_time": 2064.00461435318,
    "regime_bounds": {
        "amp": {
            "lower": 18.666666666666664,
            "upper": 21.333333333333332
        },
        "w_d": {
            "lower": 0.0038199999999999996,
            "upper": 0.00416
        },
        "ramp": {
            "lower": 1e-10,
            "upper": 0.5
        },
        "t_tot": {
            "lower": 88.75,
            "upper": 91.25
        }
    }
}