{
    "regime": "amp_3_wd_0_ramp_0_t62.5",
    "t_tot_center": 62.5,
    "best_t_tot": 63.74999223792342,
    "best_amp": 16.302219986666085,
    "best_w_d": 0.0029701816511683477,
    "best_ramp": 0.36167530934582687,
    "best_value": 0.0011892853548342603,
    "optimization_time": 4213.635317802429,
    "regime_bounds": {
        "amp": {
            "lower": 16.0,
            "upper": 18.666666666666664
        },
        "w_d": {
            "lower": 0.0028,
            "upper": 0.00314
        },
        "ramp": {
            "lower": 1e-10,
            "upper": 0.5
        },
        "t_tot": {
            "lower": 61.25,
            "upper": 63.75
        }
    }
}