{
    "regime": "amp_1_wd_1_ramp_0_t52.5",
    "t_tot_center": 52.5,
    "best_t_tot": 51.830959265017434,
    "best_amp": 11.714422703990095,
    "best_w_d": 0.0034617633123241003,
    "best_ramp": 0.26939172128501,
    "best_value": 0.00012743935435943486,
    "optimization_time": 1344.8363161087036,
    "regime_bounds": {
        "amp": {
            "lower": 10.666666666666666,
            "upper": 13.333333333333332
        },
        "w_d": {
            "lower": 0.00314,
            "upper": 0.0034799999999999996
        },
        "ramp": {
            "lower": 1e-10,
            "upper": 0.5
        },
        "t_tot": {
            "lower": 51.25,
            "upper": 53.75
        }
    }
}