{
    "regime": "amp_5_wd_3_ramp_0_t115.0",
    "t_tot_center": 115.0,
    "best_t_tot": 115.20306232082221,
    "best_amp": 21.44357721763148,
    "best_w_d": 0.0039114335104284215,
    "best_ramp": 0.1659321385832784,
    "best_value": 0.0002045554371752276,
    "optimization_time": 3525.343017578125,
    "regime_bounds": {
        "amp": {
            "lower": 21.333333333333332,
            "upper": 24.0
        },
        "w_d": {
            "lower": 0.0038199999999999996,
            "upper": 0.00416
        },
        "ramp": {
            "lower": 1e-10,
            "upper": 0.5
        },
        "t_tot": {
            "lower": 113.75,
            "upper": 116.25
        }
    }
}