{
    "regime": "amp_4_wd_1_ramp_0_t80.0",
    "t_tot_center": 80.0,
    "best_t_tot": 79.65683450245479,
    "best_amp": 20.727285230789853,
    "best_w_d": 0.003277222891082907,
    "best_ramp": 0.2978356049593856,
    "best_value": 0.0015946906049215724,
    "optimization_time": 1847.3953578472137,
    "regime_bounds": {
        "amp": {
            "lower": 18.666666666666664,
            "upper": 21.333333333333332
        },
        "w_d": {
            "lower": 0.00314,
            "upper": 0.0034799999999999996
        },
        "ramp": {
            "lower": 1e-10,
            "upper": 0.5
        },
        "t_tot": {
            "lower": 78.75,
            "upper": 81.25
        }
    }
}