{
    "regime": "amp_0_wd_0_ramp_0_t115.0",
    "t_tot_center": 115.0,
    "best_t_tot": 116.24999962249527,
    "best_amp": 10.649839547878578,
    "best_w_d": 0.0031399992210892325,
    "best_ramp": 0.05502359687605834,
    "best_value": 0.14321750627618063,
    "optimization_time": 1797.2387421131134,
    "regime_bounds": {
        "amp": {
            "lower": 8.0,
            "upper": 10.666666666666666
        },
        "w_d": {
            "lower": 0.0028,
            "upper": 0.00314
        },
        "ramp": {
            "lower": 1e-10,
            "upper": 0.5
        },
        "t_tot": {
            "lower": 113.75,
            "upper": 116.25
        }
    }
}