{
    "regime": "amp_5_wd_4_ramp_0_t112.5",
    "t_tot_center": 112.5,
    "best_t_tot": 112.4561068479421,
    "best_amp": 21.527837254700913,
    "best_w_d": 0.004168721513952506,
    "best_ramp": 0.12101576684151577,
    "best_value": 0.00325077001872288,
    "optimization_time": 3773.141435146332,
    "regime_bounds": {
        "amp": {
            "lower": 21.333333333333332,
            "upper": 24.0
        },
        "w_d": {
            "lower": 0.00416,
            "upper": 0.0045
        },
        "ramp": {
            "lower": 1e-10,
            "upper": 0.5
        },
        "t_tot": {
            "lower": 111.25,
            "upper": 113.75
        }
    }
}