{
    "regime": "amp_1_wd_0_ramp_0_t57.5",
    "t_tot_center": 57.5,
    "best_t_tot": 58.749988844567376,
    "best_amp": 12.528506913030235,
    "best_w_d": 0.002940493479742126,
    "best_ramp": 0.2880140147902431,
    "best_value": 0.00013684038602751648,
    "optimization_time": 2567.8963136672974,
    "regime_bounds": {
        "amp": {
            "lower": 10.666666666666666,
            "upper": 13.333333333333332
        },
        "w_d": {
            "lower": 0.0028,
            "upper": 0.00314
        },
        "ramp": {
            "lower": 1e-10,
            "upper": 0.5
        },
        "t_tot": {
            "lower": 56.25,
            "upper": 58.75
        }
    }
}