{
    "regime": "amp_3_wd_1_ramp_0_t85.0",
    "t_tot_center": 85.0,
    "best_t_tot": 85.92811011056479,
    "best_amp": 16.313834414749213,
    "best_w_d": 0.0034581480322407724,
    "best_ramp": 0.12452851510164735,
    "best_value": 0.1263238040935009,
    "optimization_time": 1498.4914379119873,
    "regime_bounds": {
        "amp": {
            "lower": 16.0,
            "upper": 18.666666666666664
        },
        "w_d": {
            "lower": 0.00314,
            "upper": 0.0034799999999999996
        },
        "ramp": {
            "lower": 1e-10,
            "upper": 0.5
        },
        "t_tot": {
            "lower": 83.75,
            "upper": 86.25
        }
    }
}