{
    "regime": "amp_1_wd_1_ramp_0_t50.0",
    "t_tot_center": 50.0,
    "best_t_tot": 48.75345455561217,
    "best_amp": 11.725561205070727,
    "best_w_d": 0.003435104282274978,
    "best_ramp": 0.3470975881286676,
    "best_value": 9.23161937597099e-06,
    "optimization_time": 3749.856113910675,
    "regime_bounds": {
        "amp": {
            "lower": 10.666666666666666,
            "upper": 13.333333333333332
        },
        "w_d": {
            "lower": 0.00314,
            "upper": 0.0034799999999999996
        },
        "ramp": {
            "lower": 1e-10,
            "upper": 0.5
        },
        "t_tot": {
            "lower": 48.75,
            "upper": 51.25
        }
    }
}