{
    "regime": "amp_3_wd_1_ramp_0_t65.0",
    "t_tot_center": 65.0,
    "best_t_tot": 65.66411972358885,
    "best_amp": 16.0709653218775,
    "best_w_d": 0.0031443494529608007,
    "best_ramp": 0.19151122811431429,
    "best_value": 0.006492647132620115,
    "optimization_time": 3305.018311023712,
    "regime_bounds": {
        "amp": {
            "lower": 16.0,
            "upper": 18.666666666666664
        },
        "w_d": {
            "lower": 0.00314,
            "upper": 0.0034799999999999996
        },
        "ramp": {
            "lower": 1e-10,
            "upper": 0.5
        },
        "t_tot": {
            "lower": 63.75,
            "upper": 66.25
        }
    }
}