{
    "regime": "amp_3_wd_4_ramp_0_t95.0",
    "t_tot_center": 95.0,
    "best_t_tot": 94.96603177522042,
    "best_amp": 17.05922525295709,
    "best_w_d": 0.004173004129800944,
    "best_ramp": 0.14373643570435493,
    "best_value": 1.3107815429810848e-05,
    "optimization_time": 3459.0527052879333,
    "regime_bounds": {
        "amp": {
            "lower": 16.0,
            "upper": 18.666666666666664
        },
        "w_d": {
            "lower": 0.00416,
            "upper": 0.0045
        },
        "ramp": {
            "lower": 1e-10,
            "upper": 0.5
        },
        "t_tot": {
            "lower": 93.75,
            "upper": 96.25
        }
    }
}