{
    "regime": "amp_0_wd_3_ramp_0_t65.0",
    "t_tot_center": 65.0,
    "best_t_tot": 63.75037031559879,
    "best_amp": 10.666574697467532,
    "best_w_d": 0.003967362273728241,
    "best_ramp": 0.15623269357527822,
    "best_value": 0.46814641556859315,
    "optimization_time": 1450.5018768310547,
    "regime_bounds": {
        "amp": {
            "lower": 8.0,
            "upper": 10.666666666666666
        },
        "w_d": {
            "lower": 0.0038199999999999996,
            "upper": 0.00416
        },
        "ramp": {
            "lower": 1e-10,
            "upper": 0.5
        },
        "t_tot": {
            "lower": 63.75,
            "upper": 66.25
        }
    }
}