{
    "regime": "amp_5_wd_0_ramp_0_t55.0",
    "t_tot_center": 55.0,
    "best_t_tot": 55.159571630563605,
    "best_amp": 21.677492386976436,
    "best_w_d": 0.003073488946457176,
    "best_ramp": 0.47404075875059204,
    "best_value": 0.020706078683227006,
    "optimization_time": 2950.7266585826874,
    "regime_bounds": {
        "amp": {
            "lower": 21.333333333333332,
            "upper": 24.0
        },
        "w_d": {
            "lower": 0.0028,
            "upper": 0.00314
        },
        "ramp": {
            "lower": 1e-10,
            "upper": 0.5
        },
        "t_tot": {
            "lower": 53.75,
            "upper": 56.25
        }
    }
}