{
    "regime": "amp_3_wd_2_ramp_0_t82.5",
    "t_tot_center": 82.5,
    "best_t_tot": 82.49650563696223,
    "best_amp": 16.7636611580257,
    "best_w_d": 0.0038093418220572933,
    "best_ramp": 0.19577944935455757,
    "best_value": 0.07102360705668839,
    "optimization_time": 2397.8622233867645,
    "regime_bounds": {
        "amp": {
            "lower": 16.0,
            "upper": 18.666666666666664
        },
        "w_d": {
            "lower": 0.0034799999999999996,
            "upper": 0.0038199999999999996
        },
        "ramp": {
            "lower": 1e-10,
            "upper": 0.5
        },
        "t_tot": {
            "lower": 81.25,
            "upper": 83.75
        }
    }
}