{
    "regime": "amp_5_wd_4_ramp_0_t65.0",
    "t_tot_center": 65.0,
    "best_t_tot": 64.92432900898343,
    "best_amp": 21.498310936096868,
    "best_w_d": 0.0041823150738083004,
    "best_ramp": 0.2669008769093224,
    "best_value": 0.00032393523943567926,
    "optimization_time": 4058.409913301468,
    "regime_bounds": {
        "amp": {
            "lower": 21.333333333333332,
            "upper": 24.0
        },
        "w_d": {
            "lower": 0.00416,
            "upper": 0.0045
        },
        "ramp": {
            "lower": 1e-10,
            "upper": 0.5
        },
        "t_tot": {
            "lower": 63.75,
            "upper": 66.25
        }
    }
}