{
    "regime": "amp_5_wd_0_ramp_0_t105.0",
    "t_tot_center": 105.0,
    "best_t_tot": 105.45410441058928,
    "best_amp": 21.417237189018337,
    "best_w_d": 0.003126250935632208,
    "best_ramp": 0.14406963596894817,
    "best_value": 0.0025146569138612225,
    "optimization_time": 3168.5300822257996,
    "regime_bounds": {
        "amp": {
            "lower": 21.333333333333332,
            "upper": 24.0
        },
        "w_d": {
            "lower": 0.0028,
            "upper": 0.00314
        },
        "ramp": {
            "lower": 1e-10,
            "upper": 0.5
        },
        "t_tot": {
            "lower": 103.75,
            "upper": 106.25
        }
    }
}