{
    "regime": "amp_5_wd_3_ramp_0_t55.0",
    "t_tot_center": 55.0,
    "best_t_tot": 55.67431515379719,
    "best_amp": 21.719912712467956,
    "best_w_d": 0.0039021489098707506,
    "best_ramp": 0.35400996154108644,
    "best_value": 0.02911629111617322,
    "optimization_time": 2201.23508810997,
    "regime_bounds": {
        "amp": {
            "lower": 21.333333333333332,
            "upper": 24.0
        },
        "w_d": {
            "lower": 0.0038199999999999996,
            "upper": 0.00416
        },
        "ramp": {
            "lower": 1e-10,
            "upper": 0.5
        },
        "t_tot": {
            "lower": 53.75,
            "upper": 56.25
        }
    }
}