{
    "regime": "amp_5_wd_3_ramp_0_t72.5",
    "t_tot_center": 72.5,
    "best_t_tot": 72.42591028954203,
    "best_amp": 21.778393716692463,
    "best_w_d": 0.004135689342461577,
    "best_ramp": 0.1920743683329335,
    "best_value": 0.006891435631794311,
    "optimization_time": 1325.9957976341248,
    "regime_bounds": {
        "amp": {
            "lower": 21.333333333333332,
            "upper": 24.0
        },
        "w_d": {
            "lower": 0.0038199999999999996,
            "upper": 0.00416
        },
        "ramp": {
            "lower": 1e-10,
            "upper": 0.5
        },
        "t_tot": {
            "lower": 71.25,
            "upper": 73.75
        }
    }
}