{
    "regime": "amp_3_wd_1_ramp_0_t110.0",
    "t_tot_center": 110.0,
    "best_t_tot": 110.31486417681766,
    "best_amp": 16.207095108644022,
    "best_w_d": 0.003473380850767361,
    "best_ramp": 0.15056423979293027,
    "best_value": 0.00010792532529129529,
    "optimization_time": 3054.935006380081,
    "regime_bounds": {
        "amp": {
            "lower": 16.0,
            "upper": 18.666666666666664
        },
        "w_d": {
            "lower": 0.00314,
            "upper": 0.0034799999999999996
        },
        "ramp": {
            "lower": 1e-10,
            "upper": 0.5
        },
        "t_tot": {
            "lower": 108.75,
            "upper": 111.25
        }
    }
}