{
    "regime": "amp_4_wd_0_ramp_0_t87.5",
    "t_tot_center": 87.5,
    "best_t_tot": 87.45578770324413,
    "best_amp": 18.986281682877383,
    "best_w_d": 0.003094679868100314,
    "best_ramp": 0.17639676736982252,
    "best_value": 0.12174126923896708,
    "optimization_time": 3007.891612768173,
    "regime_bounds": {
        "amp": {
            "lower": 18.666666666666664,
            "upper": 21.333333333333332
        },
        "w_d": {
            "lower": 0.0028,
            "upper": 0.00314
        },
        "ramp": {
            "lower": 1e-10,
            "upper": 0.5
        },
        "t_tot": {
            "lower": 86.25,
            "upper": 88.75
        }
    }
}