{
    "regime": "amp_1_wd_2_ramp_0_t92.5",
    "t_tot_center": 92.5,
    "best_t_tot": 92.38732437036974,
    "best_amp": 13.19419904956716,
    "best_w_d": 0.003819936387622455,
    "best_ramp": 0.08727723723765997,
    "best_value": 0.044337528512181104,
    "optimization_time": 2453.4529626369476,
    "regime_bounds": {
        "amp": {
            "lower": 10.666666666666666,
            "upper": 13.333333333333332
        },
        "w_d": {
            "lower": 0.0034799999999999996,
            "upper": 0.0038199999999999996
        },
        "ramp": {
            "lower": 1e-10,
            "upper": 0.5
        },
        "t_tot": {
            "lower": 91.25,
            "upper": 93.75
        }
    }
}