{
    "regime": "amp_4_wd_2_ramp_0_t57.5",
    "t_tot_center": 57.5,
    "best_t_tot": 57.71950643337107,
    "best_amp": 19.141780129096084,
    "best_w_d": 0.0034893150414880675,
    "best_ramp": 0.3856760460868963,
    "best_value": 0.015064980959481541,
    "optimization_time": 1172.4866998195648,
    "regime_bounds": {
        "amp": {
            "lower": 18.666666666666664,
            "upper": 21.333333333333332
        },
        "w_d": {
            "lower": 0.0034799999999999996,
            "upper": 0.0038199999999999996
        },
        "ramp": {
            "lower": 1e-10,
            "upper": 0.5
        },
        "t_tot": {
            "lower": 56.25,
            "upper": 58.75
        }
    }
}