{
    "regime": "amp_5_wd_1_ramp_0_t62.5",
    "t_tot_center": 62.5,
    "best_t_tot": 62.70903715799373,
    "best_amp": 21.563460619659807,
    "best_w_d": 0.0031559636787825127,
    "best_ramp": 0.2928476716767912,
    "best_value": 0.0038171247094092716,
    "optimization_time": 2400.490759372711,
    "regime_bounds": {
        "amp": {
            "lower": 21.333333333333332,
            "upper": 24.0
        },
        "w_d": {
            "lower": 0.00314,
            "upper": 0.0034799999999999996
        },
        "ramp": {
            "lower": 1e-10,
            "upper": 0.5
        },
        "t_tot": {
            "lower": 61.25,
            "upper": 63.75
        }
    }
}