{
    "regime": "amp_5_wd_0_ramp_0_t92.5",
    "t_tot_center": 92.5,
    "best_t_tot": 93.74539659034426,
    "best_amp": 21.483109856576334,
    "best_w_d": 0.0030997661016725813,
    "best_ramp": 0.1300921052629652,
    "best_value": 0.05936308631367489,
    "optimization_time": 3743.4432146549225,
    "regime_bounds": {
        "amp": {
            "lower": 21.333333333333332,
            "upper": 24.0
        },
        "w_d": {
            "lower": 0.0028,
            "upper": 0.00314
        },
        "ramp": {
            "lower": 1e-10,
            "upper": 0.5
        },
        "t_tot": {
            "lower": 91.25,
            "upper": 93.75
        }
    }
}