{
    "regime": "amp_4_wd_0_ramp_0_t57.5",
    "t_tot_center": 57.5,
    "best_t_tot": 57.4023352809518,
    "best_amp": 18.855802310141897,
    "best_w_d": 0.0029996552581708796,
    "best_ramp": 0.31230128710008914,
    "best_value": 0.0330283388634967,
    "optimization_time": 2355.71097612381,
    "regime_bounds": {
        "amp": {
            "lower": 18.666666666666664,
            "upper": 21.333333333333332
        },
        "w_d": {
            "lower": 0.0028,
            "upper": 0.00314
        },
        "ramp": {
            "lower": 1e-10,
            "upper": 0.5
        },
        "t_tot": {
            "lower": 56.25,
            "upper": 58.75
        }
    }
}