{
    "regime": "amp_0_wd_2_ramp_0_t100.0",
    "t_tot_center": 100.0,
    "best_t_tot": 101.24933913753493,
    "best_amp": 10.632453913244984,
    "best_w_d": 0.0037380057927995434,
    "best_ramp": 0.06770095851533901,
    "best_value": 0.04892963234280204,
    "optimization_time": 4167.249974012375,
    "regime_bounds": {
        "amp": {
            "lower": 8.0,
            "upper": 10.666666666666666
        },
        "w_d": {
            "lower": 0.0034799999999999996,
            "upper": 0.0038199999999999996
        },
        "ramp": {
            "lower": 1e-10,
            "upper": 0.5
        },
        "t_tot": {
            "lower": 98.75,
            "upper": 101.25
        }
    }
}