{
    "regime": "amp_0_wd_0_ramp_0_t120.0",
    "t_tot_center": 120.0,
    "best_t_tot": 120.9108688864624,
    "best_amp": 10.42084151833695,
    "best_w_d": 0.003139999495380163,
    "best_ramp": 0.06067190148855534,
    "best_value": 0.014130589229994137,
    "optimization_time": 2489.9657628536224,
    "regime_bounds": {
        "amp": {
            "lower": 8.0,
            "upper": 10.666666666666666
        },
        "w_d": {
            "lower": 0.0028,
            "upper": 0.00314
        },
        "ramp": {
            "lower": 1e-10,
            "upper": 0.5
        },
        "t_tot": {
            "lower": 118.75,
            "upper": 121.25
        }
    }
}