{
    "regime": "amp_1_wd_2_ramp_0_t110.0",
    "t_tot_center": 110.0,
    "best_t_tot": 110.32748512585685,
    "best_amp": 10.72980211692103,
    "best_w_d": 0.003522114243269322,
    "best_ramp": 0.07755227609033323,
    "best_value": 0.0014236342837466815,
    "optimization_time": 1241.8345613479614,
    "regime_bounds": {
        "amp": {
            "lower": 10.666666666666666,
            "upper": 13.333333333333332
        },
        "w_d": {
            "lower": 0.0034799999999999996,
            "upper": 0.0038199999999999996
        },
        "ramp": {
            "lower": 1e-10,
            "upper": 0.5
        },
        "t_tot": {
            "lower": 108.75,
            "upper": 111.25
        }
    }
}