{
    "regime": "amp_0_wd_3_ramp_0_t110.0",
    "t_tot_center": 110.0,
    "best_t_tot": 109.72156273284108,
    "best_amp": 10.34706002300136,
    "best_w_d": 0.0038455371842677387,
    "best_ramp": 0.10769492847581554,
    "best_value": 0.00010098304099642413,
    "optimization_time": 3200.7769577503204,
    "regime_bounds": {
        "amp": {
            "lower": 8.0,
            "upper": 10.666666666666666
        },
        "w_d": {
            "lower": 0.0038199999999999996,
            "upper": 0.00416
        },
        "ramp": {
            "lower": 1e-10,
            "upper": 0.5
        },
        "t_tot": {
            "lower": 108.75,
            "upper": 111.25
        }
    }
}