{
    "regime": "amp_2_wd_2_ramp_0_t117.5",
    "t_tot_center": 117.5,
    "best_t_tot": 117.77706588086976,
    "best_amp": 13.55422919239517,
    "best_w_d": 0.003573475570900392,
    "best_ramp": 0.1321996217554282,
    "best_value": 3.783138799196127e-05,
    "optimization_time": 2178.345668554306,
    "regime_bounds": {
        "amp": {
            "lower": 13.333333333333332,
            "upper": 16.0
        },
        "w_d": {
            "lower": 0.0034799999999999996,
            "upper": 0.0038199999999999996
        },
        "ramp": {
            "lower": 1e-10,
            "upper": 0.5
        },
        "t_tot": {
            "lower": 116.25,
            "upper": 118.75
        }
    }
}