{
    "regime": "amp_1_wd_2_ramp_0_t120.0",
    "t_tot_center": 120.0,
    "best_t_tot": 119.67269639692252,
    "best_amp": 12.354173525804626,
    "best_w_d": 0.0035233998584893807,
    "best_ramp": 0.1109145691726005,
    "best_value": 6.787326981472821e-05,
    "optimization_time": 5083.501614809036,
    "regime_bounds": {
        "amp": {
            "lower": 10.666666666666666,
            "upper": 13.333333333333332
        },
        "w_d": {
            "lower": 0.0034799999999999996,
            "upper": 0.0038199999999999996
        },
        "ramp": {
            "lower": 1e-10,
            "upper": 0.5
        },
        "t_tot": {
            "lower": 118.75,
            "upper": 121.25
        }
    }
}