{
    "regime": "amp_3_wd_0_ramp_0_t117.5",
    "t_tot_center": 117.5,
    "best_t_tot": 117.43642675827513,
    "best_amp": 16.06728272297806,
    "best_w_d": 0.0030953663420763924,
    "best_ramp": 0.09226309769373657,
    "best_value": 0.0005383215090605043,
    "optimization_time": 3513.3478150367737,
    "regime_bounds": {
        "amp": {
            "lower": 16.0,
            "upper": 18.666666666666664
        },
        "w_d": {
            "lower": 0.0028,
            "upper": 0.00314
        },
        "ramp": {
            "lower": 1e-10,
            "upper": 0.5
        },
        "t_tot": {
            "lower": 116.25,
            "upper": 118.75
        }
    }
}