{
    "regime": "amp_1_wd_2_ramp_0_t105.0",
    "t_tot_center": 105.0,
    "best_t_tot": 105.39427219342102,
    "best_amp": 13.3286741322276,
    "best_w_d": 0.003537025943834056,
    "best_ramp": 0.10028619413368588,
    "best_value": 0.0007262265653652407,
    "optimization_time": 3179.79017329216,
    "regime_bounds": {
        "amp": {
            "lower": 10.666666666666666,
            "upper": 13.333333333333332
        },
        "w_d": {
            "lower": 0.0034799999999999996,
            "upper": 0.0038199999999999996
        },
        "ramp": {
            "lower": 1e-10,
            "upper": 0.5
        },
        "t_tot": {
            "lower": 103.75,
            "upper": 106.25
        }
    }
}