{
    "regime": "amp_2_wd_3_ramp_0_t50.0",
    "t_tot_center": 50.0,
    "best_t_tot": 50.70781900815816,
    "best_amp": 13.424437109633143,
    "best_w_d": 0.0038322565509821666,
    "best_ramp": 0.23974230804813776,
    "best_value": 0.005765230094526204,
    "optimization_time": 2539.4419133663177,
    "regime_bounds": {
        "amp": {
            "lower": 13.333333333333332,
            "upper": 16.0
        },
        "w_d": {
            "lower": 0.0038199999999999996,
            "upper": 0.00416
        },
        "ramp": {
            "lower": 1e-10,
            "upper": 0.5
        },
        "t_tot": {
            "lower": 48.75,
            "upper": 51.25
        }
    }
}