{
    "regime": "amp_0_wd_0_ramp_0_t70.0",
    "t_tot_center": 70.0,
    "best_t_tot": 68.75179683717626,
    "best_amp": 10.665806955778852,
    "best_w_d": 0.0030473141354019897,
    "best_ramp": 0.21029239037611044,
    "best_value": 0.639773000042601,
    "optimization_time": 5325.832767724991,
    "regime_bounds": {
        "amp": {
            "lower": 8.0,
            "upper": 10.666666666666666
        },
        "w_d": {
            "lower": 0.0028,
            "upper": 0.00314
        },
        "ramp": {
            "lower": 1e-10,
            "upper": 0.5
        },
        "t_tot": {
            "lower": 68.75,
            "upper": 71.25
        }
    }
}