{
    "regime": "amp_0_wd_1_ramp_0_t85.0",
    "t_tot_center": 85.0,
    "best_t_tot": 86.23350804635712,
    "best_amp": 10.574464540998894,
    "best_w_d": 0.0034799183517070617,
    "best_ramp": 0.0741388350339727,
    "best_value": 0.6038848184439316,
    "optimization_time": 1350.046630859375,
    "regime_bounds": {
        "amp": {
            "lower": 8.0,
            "upper": 10.666666666666666
        },
        "w_d": {
            "lower": 0.00314,
            "upper": 0.0034799999999999996
        },
        "ramp": {
            "lower": 1e-10,
            "upper": 0.5
        },
        "t_tot": {
            "lower": 83.75,
            "upper": 86.25
        }
    }
}