{
    "regime": "amp_0_wd_3_ramp_0_t72.5",
    "t_tot_center": 72.5,
    "best_t_tot": 73.49060803943281,
    "best_amp": 10.514728474094952,
    "best_w_d": 0.004159986924641393,
    "best_ramp": 0.09631155893527092,
    "best_value": 0.42872815892908434,
    "optimization_time": 1233.2614636421204,
    "regime_bounds": {
        "amp": {
            "lower": 8.0,
            "upper": 10.666666666666666
        },
        "w_d": {
            "lower": 0.0038199999999999996,
            "upper": 0.00416
        },
        "ramp": {
            "lower": 1e-10,
            "upper": 0.5
        },
        "t_tot": {
            "lower": 71.25,
            "upper": 73.75
        }
    }
}