{
    "regime": "amp_5_wd_2_ramp_0_t110.0",
    "t_tot_center": 110.0,
    "best_t_tot": 110.4548724126963,
    "best_amp": 21.978558471566725,
    "best_w_d": 0.003500661696736479,
    "best_ramp": 0.13613703171899247,
    "best_value": 0.0010327218093157719,
    "optimization_time": 3456.4909360408783,
    "regime_bounds": {
        "amp": {
            "lower": 21.333333333333332,
            "upper": 24.0
        },
        "w_d": {
            "lower": 0.0034799999999999996,
            "upper": 0.0038199999999999996
        },
        "ramp": {
            "lower": 1e-10,
            "upper": 0.5
        },
        "t_tot": {
            "lower": 108.75,
            "upper": 111.25
        }
    }
}