{
    "regime": "amp_5_wd_3_ramp_0_t62.5",
    "t_tot_center": 62.5,
    "best_t_tot": 62.71644287789569,
    "best_amp": 21.454836226303552,
    "best_w_d": 0.003861770205046107,
    "best_ramp": 0.20621304011375324,
    "best_value": 0.014578464198591922,
    "optimization_time": 2969.535330057144,
    "regime_bounds": {
        "amp": {
            "lower": 21.333333333333332,
            "upper": 24.0
        },
        "w_d": {
            "lower": 0.0038199999999999996,
            "upper": 0.00416
        },
        "ramp": {
            "lower": 1e-10,
            "upper": 0.5
        },
        "t_tot": {
            "lower": 61.25,
            "upper": 63.75
        }
    }
}