{
    "regime": "amp_0_wd_2_ramp_0_t80.0",
    "t_tot_center": 80.0,
    "best_t_tot": 81.1159808584195,
    "best_amp": 10.655945246864219,
    "best_w_d": 0.0038199783508077434,
    "best_ramp": 0.11497492543025069,
    "best_value": 0.5003546880153318,
    "optimization_time": 1742.8239555358887,
    "regime_bounds": {
        "amp": {
            "lower": 8.0,
            "upper": 10.666666666666666
        },
        "w_d": {
            "lower": 0.0034799999999999996,
            "upper": 0.0038199999999999996
        },
        "ramp": {
            "lower": 1e-10,
            "upper": 0.5
        },
        "t_tot": {
            "lower": 78.75,
            "upper": 81.25
        }
    }
}