{
    "regime": "amp_0_wd_0_ramp_0_t67.5",
    "t_tot_center": 67.5,
    "best_t_tot": 66.25152560715898,
    "best_amp": 10.66665080804574,
    "best_w_d": 0.0030797094028947266,
    "best_ramp": 0.2641158969702996,
    "best_value": 0.4335443123280359,
    "optimization_time": 1209.3312044143677,
    "regime_bounds": {
        "amp": {
            "lower": 8.0,
            "upper": 10.666666666666666
        },
        "w_d": {
            "lower": 0.0028,
            "upper": 0.00314
        },
        "ramp": {
            "lower": 1e-10,
            "upper": 0.5
        },
        "t_tot": {
            "lower": 66.25,
            "upper": 68.75
        }
    }
}