{
    "regime": "amp_2_wd_2_ramp_0_t60.0",
    "t_tot_center": 60.0,
    "best_t_tot": 59.72345708983893,
    "best_amp": 13.880591722492465,
    "best_w_d": 0.0035775273313180867,
    "best_ramp": 0.27244409265568736,
    "best_value": 0.0030358715403535214,
    "optimization_time": 773.3294265270233,
    "regime_bounds": {
        "amp": {
            "lower": 13.333333333333332,
            "upper": 16.0
        },
        "w_d": {
            "lower": 0.0034799999999999996,
            "upper": 0.0038199999999999996
        },
        "ramp": {
            "lower": 1e-10,
            "upper": 0.5
        },
        "t_tot": {
            "lower": 58.75,
            "upper": 61.25
        }
    }
}