{
    "regime": "amp_2_wd_4_ramp_0_t112.5",
    "t_tot_center": 112.5,
    "best_t_tot": 112.72313598210016,
    "best_amp": 13.45425958266796,
    "best_w_d": 0.00418053851034016,
    "best_ramp": 0.10777627300082045,
    "best_value": 0.03918934745482291,
    "optimization_time": 3288.400556564331,
    "regime_bounds": {
        "amp": {
            "lower": 13.333333333333332,
            "upper": 16.0
        },
        "w_d": {
            "lower": 0.00416,
            "upper": 0.0045
        },
        "ramp": {
            "lower": 1e-10,
            "upper": 0.5
        },
        "t_tot": {
            "lower": 111.25,
            "upper": 113.75
        }
    }
}