{
    "regime": "amp_1_wd_3_ramp_0_t87.5",
    "t_tot_center": 87.5,
    "best_t_tot": 88.74993545165562,
    "best_amp": 13.25257704688887,
    "best_w_d": 0.004034156849214196,
    "best_ramp": 0.0953286958185394,
    "best_value": 0.019250581069203788,
    "optimization_time": 2433.6136598587036,
    "regime_bounds": {
        "amp": {
            "lower": 10.666666666666666,
            "upper": 13.333333333333332
        },
        "w_d": {
            "lower": 0.0038199999999999996,
            "upper": 0.00416
        },
        "ramp": {
            "lower": 1e-10,
            "upper": 0.5
        },
        "t_tot": {
            "lower": 86.25,
            "upper": 88.75
        }
    }
}