{
    "regime": "amp_2_wd_2_ramp_0_t70.0",
    "t_tot_center": 70.0,
    "best_t_tot": 69.44648503996746,
    "best_amp": 15.997018047338585,
    "best_w_d": 0.003802943777880724,
    "best_ramp": 0.1670889821499827,
    "best_value": 0.09953354252980931,
    "optimization_time": 1691.6201493740082,
    "regime_bounds": {
        "amp": {
            "lower": 13.333333333333332,
            "upper": 16.0
        },
        "w_d": {
            "lower": 0.0034799999999999996,
            "upper": 0.0038199999999999996
        },
        "ramp": {
            "lower": 1e-10,
            "upper": 0.5
        },
        "t_tot": {
            "lower": 68.75,
            "upper": 71.25
        }
    }
}