{
    "regime": "amp_5_wd_3_ramp_0_t75.0",
    "t_tot_center": 75.0,
    "best_t_tot": 74.71365968547097,
    "best_amp": 21.40549884489314,
    "best_w_d": 0.004113700052123863,
    "best_ramp": 0.20592081719017807,
    "best_value": 0.0031184825342285756,
    "optimization_time": 1571.4977436065674,
    "regime_bounds": {
        "amp": {
            "lower": 21.333333333333332,
            "upper": 24.0
        },
        "w_d": {
            "lower": 0.0038199999999999996,
            "upper": 0.00416
        },
        "ramp": {
            "lower": 1e-10,
            "upper": 0.5
        },
        "t_tot": {
            "lower": 73.75,
            "upper": 76.25
        }
    }
}