{
    "regime": "amp_2_wd_1_ramp_0_t67.5",
    "t_tot_center": 67.5,
    "best_t_tot": 66.2500422741003,
    "best_amp": 15.825130962065238,
    "best_w_d": 0.0034380499681062253,
    "best_ramp": 0.19991150734094496,
    "best_value": 0.03909304580845313,
    "optimization_time": 2703.2796716690063,
    "regime_bounds": {
        "amp": {
            "lower": 13.333333333333332,
            "upper": 16.0
        },
        "w_d": {
            "lower": 0.00314,
            "upper": 0.0034799999999999996
        },
        "ramp": {
            "lower": 1e-10,
            "upper": 0.5
        },
        "t_tot": {
            "lower": 66.25,
            "upper": 68.75
        }
    }
}