{
    "regime": "amp_1_wd_1_ramp_0_t57.5",
    "t_tot_center": 57.5,
    "best_t_tot": 57.354304580547065,
    "best_amp": 13.204941985291434,
    "best_w_d": 0.0031691351974559878,
    "best_ramp": 0.3387402957572968,
    "best_value": 4.4000960152318864e-05,
    "optimization_time": 1827.2170321941376,
    "regime_bounds": {
        "amp": {
            "lower": 10.666666666666666,
            "upper": 13.333333333333332
        },
        "w_d": {
            "lower": 0.00314,
            "upper": 0.0034799999999999996
        },
        "ramp": {
            "lower": 1e-10,
            "upper": 0.5
        },
        "t_tot": {
            "lower": 56.25,
            "upper": 58.75
        }
    }
}