{
    "regime": "amp_3_wd_1_ramp_0_t60.0",
    "t_tot_center": 60.0,
    "best_t_tot": 61.24973716529615,
    "best_amp": 16.43231840433127,
    "best_w_d": 0.0033418129118375052,
    "best_ramp": 0.3760562997774433,
    "best_value": 0.0007410330788223232,
    "optimization_time": 3672.9187738895416,
    "regime_bounds": {
        "amp": {
            "lower": 16.0,
            "upper": 18.666666666666664
        },
        "w_d": {
            "lower": 0.00314,
            "upper": 0.0034799999999999996
        },
        "ramp": {
            "lower": 1e-10,
            "upper": 0.5
        },
        "t_tot": {
            "lower": 58.75,
            "upper": 61.25
        }
    }
}