{
    "regime": "amp_5_wd_3_ramp_0_t90.0",
    "t_tot_center": 90.0,
    "best_t_tot": 89.8643823336157,
    "best_amp": 21.45358773886508,
    "best_w_d": 0.004091036157625853,
    "best_ramp": 0.14072474965903564,
    "best_value": 0.00582832108331973,
    "optimization_time": 3026.5031249523163,
    "regime_bounds": {
        "amp": {
            "lower": 21.333333333333332,
            "upper": 24.0
        },
        "w_d": {
            "lower": 0.0038199999999999996,
            "upper": 0.00416
        },
        "ramp": {
            "lower": 1e-10,
            "upper": 0.5
        },
        "t_tot": {
            "lower": 88.75,
            "upper": 91.25
        }
    }
}