{
    "regime": "amp_4_wd_0_ramp_0_t115.0",
    "t_tot_center": 115.0,
    "best_t_tot": 115.03705270878154,
    "best_amp": 18.73334601711672,
    "best_w_d": 0.0031168320117943224,
    "best_ramp": 0.10166511213927397,
    "best_value": 0.0011432474605475992,
    "optimization_time": 3747.3712162971497,
    "regime_bounds": {
        "amp": {
            "lower": 18.666666666666664,
            "upper": 21.333333333333332
        },
        "w_d": {
            "lower": 0.0028,
            "upper": 0.00314
        },
        "ramp": {
            "lower": 1e-10,
            "upper": 0.5
        },
        "t_tot": {
            "lower": 113.75,
            "upper": 116.25
        }
    }
}