{
    "regime": "amp_1_wd_2_ramp_0_t67.5",
    "t_tot_center": 67.5,
    "best_t_tot": 67.49151698264107,
    "best_amp": 13.333251501807792,
    "best_w_d": 0.0038199956525527346,
    "best_ramp": 0.14814632716740492,
    "best_value": 0.2184583603124564,
    "optimization_time": 1314.0929596424103,
    "regime_bounds": {
        "amp": {
            "lower": 10.666666666666666,
            "upper": 13.333333333333332
        },
        "w_d": {
            "lower": 0.0034799999999999996,
            "upper": 0.0038199999999999996
        },
        "ramp": {
            "lower": 1e-10,
            "upper": 0.5
        },
        "t_tot": {
            "lower": 66.25,
            "upper": 68.75
        }
    }
}