{
    "regime": "amp_3_wd_4_ramp_0_t70.0",
    "t_tot_center": 70.0,
    "best_t_tot": 70.41695854265747,
    "best_amp": 18.624412952578453,
    "best_w_d": 0.004292349124058786,
    "best_ramp": 0.17976956846800285,
    "best_value": 0.018480782326534603,
    "optimization_time": 2346.141969680786,
    "regime_bounds": {
        "amp": {
            "lower": 16.0,
            "upper": 18.666666666666664
        },
        "w_d": {
            "lower": 0.00416,
            "upper": 0.0045
        },
        "ramp": {
            "lower": 1e-10,
            "upper": 0.5
        },
        "t_tot": {
            "lower": 68.75,
            "upper": 71.25
        }
    }
}