{
    "regime": "amp_5_wd_0_ramp_0_t77.5",
    "t_tot_center": 77.5,
    "best_t_tot": 77.62166392416746,
    "best_amp": 21.418179535163564,
    "best_w_d": 0.003117552159264156,
    "best_ramp": 0.19766830712323977,
    "best_value": 0.0009744190574865002,
    "optimization_time": 3348.142083644867,
    "regime_bounds": {
        "amp": {
            "lower": 21.333333333333332,
            "upper": 24.0
        },
        "w_d": {
            "lower": 0.0028,
            "upper": 0.00314
        },
        "ramp": {
            "lower": 1e-10,
            "upper": 0.5
        },
        "t_tot": {
            "lower": 76.25,
            "upper": 78.75
        }
    }
}