{
    "regime": "amp_0_wd_2_ramp_0_t85.0",
    "t_tot_center": 85.0,
    "best_t_tot": 84.69966366008846,
    "best_amp": 10.600636337644971,
    "best_w_d": 0.0037708398149404166,
    "best_ramp": 0.10844147696436915,
    "best_value": 0.5435640501606498,
    "optimization_time": 4230.908451557159,
    "regime_bounds": {
        "amp": {
            "lower": 8.0,
            "upper": 10.666666666666666
        },
        "w_d": {
            "lower": 0.0034799999999999996,
            "upper": 0.0038199999999999996
        },
        "ramp": {
            "lower": 1e-10,
            "upper": 0.5
        },
        "t_tot": {
            "lower": 83.75,
            "upper": 86.25
        }
    }
}