{
    "regime": "amp_4_wd_2_ramp_0_t105.0",
    "t_tot_center": 105.0,
    "best_t_tot": 104.81495034360182,
    "best_amp": 18.709963312733947,
    "best_w_d": 0.003493704490774153,
    "best_ramp": 0.10214883720474678,
    "best_value": 0.01690928631467254,
    "optimization_time": 3753.146637201309,
    "regime_bounds": {
        "amp": {
            "lower": 18.666666666666664,
            "upper": 21.333333333333332
        },
        "w_d": {
            "lower": 0.0034799999999999996,
            "upper": 0.0038199999999999996
        },
        "ramp": {
            "lower": 1e-10,
            "upper": 0.5
        },
        "t_tot": {
            "lower": 103.75,
            "upper": 106.25
        }
    }
}