{
    "regime": "amp_1_wd_4_ramp_0_t80.0",
    "t_tot_center": 80.0,
    "best_t_tot": 81.24996131263137,
    "best_amp": 12.783015407940681,
    "best_w_d": 0.004423828157013032,
    "best_ramp": 0.10477889966895251,
    "best_value": 0.018606341663084204,
    "optimization_time": 1080.2448329925537,
    "regime_bounds": {
        "amp": {
            "lower": 10.666666666666666,
            "upper": 13.333333333333332
        },
        "w_d": {
            "lower": 0.00416,
            "upper": 0.0045
        },
        "ramp": {
            "lower": 1e-10,
            "upper": 0.5
        },
        "t_tot": {
            "lower": 78.75,
            "upper": 81.25
        }
    }
}