{
    "regime": "amp_4_wd_1_ramp_0_t52.5",
    "t_tot_center": 52.5,
    "best_t_tot": 52.7138186437909,
    "best_amp": 18.679325624658173,
    "best_w_d": 0.0033650735589910627,
    "best_ramp": 0.48457684134639195,
    "best_value": 0.006489504155744874,
    "optimization_time": 3104.9683196544647,
    "regime_bounds": {
        "amp": {
            "lower": 18.666666666666664,
            "upper": 21.333333333333332
        },
        "w_d": {
            "lower": 0.00314,
            "upper": 0.0034799999999999996
        },
        "ramp": {
            "lower": 1e-10,
            "upper": 0.5
        },
        "t_tot": {
            "lower": 51.25,
            "upper": 53.75
        }
    }
}