{
    "regime": "amp_1_wd_3_ramp_0_t92.5",
    "t_tot_center": 92.5,
    "best_t_tot": 92.48082859338338,
    "best_amp": 13.062819592425203,
    "best_w_d": 0.004030628807645744,
    "best_ramp": 0.1140613008170032,
    "best_value": 0.00047856503218640005,
    "optimization_time": 2671.312877893448,
    "regime_bounds": {
        "amp": {
            "lower": 10.666666666666666,
            "upper": 13.333333333333332
        },
        "w_d": {
            "lower": 0.0038199999999999996,
            "upper": 0.00416
        },
        "ramp": {
            "lower": 1e-10,
            "upper": 0.5
        },
        "t_tot": {
            "lower": 91.25,
            "upper": 93.75
        }
    }
}