{
    "regime": "amp_1_wd_2_ramp_0_t77.5",
    "t_tot_center": 77.5,
    "best_t_tot": 78.74999923430885,
    "best_amp": 13.283807216367194,
    "best_w_d": 0.003819999978408901,
    "best_ramp": 0.122557919716212,
    "best_value": 0.2242260516643726,
    "optimization_time": 1797.2614917755127,
    "regime_bounds": {
        "amp": {
            "lower": 10.666666666666666,
            "upper": 13.333333333333332
        },
        "w_d": {
            "lower": 0.0034799999999999996,
            "upper": 0.0038199999999999996
        },
        "ramp": {
            "lower": 1e-10,
            "upper": 0.5
        },
        "t_tot": {
            "lower": 76.25,
            "upper": 78.75
        }
    }
}