{
    "regime": "amp_5_wd_4_ramp_0_t62.5",
    "t_tot_center": 62.5,
    "best_t_tot": 62.639054892008204,
    "best_amp": 21.668928077795588,
    "best_w_d": 0.004219340986013356,
    "best_ramp": 0.2621422347898078,
    "best_value": 0.0024388195730960377,
    "optimization_time": 2169.115065574646,
    "regime_bounds": {
        "amp": {
            "lower": 21.333333333333332,
            "upper": 24.0
        },
        "w_d": {
            "lower": 0.00416,
            "upper": 0.0045
        },
        "ramp": {
            "lower": 1e-10,
            "upper": 0.5
        },
        "t_tot": {
            "lower": 61.25,
            "upper": 63.75
        }
    }
}