{
    "regime": "amp_1_wd_1_ramp_0_t105.0",
    "t_tot_center": 105.0,
    "best_t_tot": 106.24984515679407,
    "best_amp": 13.193659529386968,
    "best_w_d": 0.0033989478291229828,
    "best_ramp": 0.08475754793098143,
    "best_value": 0.022011567218535436,
    "optimization_time": 3612.7628557682037,
    "regime_bounds": {
        "amp": {
            "lower": 10.666666666666666,
            "upper": 13.333333333333332
        },
        "w_d": {
            "lower": 0.00314,
            "upper": 0.0034799999999999996
        },
        "ramp": {
            "lower": 1e-10,
            "upper": 0.5
        },
        "t_tot": {
            "lower": 103.75,
            "upper": 106.25
        }
    }
}