{
    "regime": "amp_1_wd_4_ramp_0_t90.0",
    "t_tot_center": 90.0,
    "best_t_tot": 90.58700340505978,
    "best_amp": 12.985076992415577,
    "best_w_d": 0.004197275116702257,
    "best_ramp": 0.14255223143488832,
    "best_value": 0.0006575876254927328,
    "optimization_time": 2048.99658370018,
    "regime_bounds": {
        "amp": {
            "lower": 10.666666666666666,
            "upper": 13.333333333333332
        },
        "w_d": {
            "lower": 0.00416,
            "upper": 0.0045
        },
        "ramp": {
            "lower": 1e-10,
            "upper": 0.5
        },
        "t_tot": {
            "lower": 88.75,
            "upper": 91.25
        }
    }
}