{
    "regime": "amp_3_wd_4_ramp_0_t55.0",
    "t_tot_center": 55.0,
    "best_t_tot": 54.488838534202635,
    "best_amp": 16.130285800221035,
    "best_w_d": 0.004160579891994833,
    "best_ramp": 0.20606415858448926,
    "best_value": 0.003908023792351061,
    "optimization_time": 1554.0610692501068,
    "regime_bounds": {
        "amp": {
            "lower": 16.0,
            "upper": 18.666666666666664
        },
        "w_d": {
            "lower": 0.00416,
            "upper": 0.0045
        },
        "ramp": {
            "lower": 1e-10,
            "upper": 0.5
        },
        "t_tot": {
            "lower": 53.75,
            "upper": 56.25
        }
    }
}