{
    "regime": "amp_3_wd_2_ramp_0_t55.0",
    "t_tot_center": 55.0,
    "best_t_tot": 55.21244392039387,
    "best_amp": 16.344163944891598,
    "best_w_d": 0.003631408096306346,
    "best_ramp": 0.2646549086769958,
    "best_value": 0.01804965795133628,
    "optimization_time": 1845.8214173316956,
    "regime_bounds": {
        "amp": {
            "lower": 16.0,
            "upper": 18.666666666666664
        },
        "w_d": {
            "lower": 0.0034799999999999996,
            "upper": 0.0038199999999999996
        },
        "ramp": {
            "lower": 1e-10,
            "upper": 0.5
        },
        "t_tot": {
            "lower": 53.75,
            "upper": 56.25
        }
    }
}