{
    "regime": "amp_1_wd_3_ramp_0_t85.0",
    "t_tot_center": 85.0,
    "best_t_tot": 86.24999741915097,
    "best_amp": 13.077164134839265,
    "best_w_d": 0.004159999984783496,
    "best_ramp": 0.10764135115910212,
    "best_value": 0.014792254442933792,
    "optimization_time": 2307.843220472336,
    "regime_bounds": {
        "amp": {
            "lower": 10.666666666666666,
            "upper": 13.333333333333332
        },
        "w_d": {
            "lower": 0.0038199999999999996,
            "upper": 0.00416
        },
        "ramp": {
            "lower": 1e-10,
            "upper": 0.5
        },
        "t_tot": {
            "lower": 83.75,
            "upper": 86.25
        }
    }
}