{
    "regime": "amp_1_wd_0_ramp_0_t72.5",
    "t_tot_center": 72.5,
    "best_t_tot": 71.88985368820325,
    "best_amp": 13.025193382068839,
    "best_w_d": 0.0031154979690715865,
    "best_ramp": 0.2955054117126066,
    "best_value": 0.12078870220822976,
    "optimization_time": 1048.5345568656921,
    "regime_bounds": {
        "amp": {
            "lower": 10.666666666666666,
            "upper": 13.333333333333332
        },
        "w_d": {
            "lower": 0.0028,
            "upper": 0.00314
        },
        "ramp": {
            "lower": 1e-10,
            "upper": 0.5
        },
        "t_tot": {
            "lower": 71.25,
            "upper": 73.75
        }
    }
}