{
    "regime": "amp_0_wd_0_ramp_0_t50.0",
    "t_tot_center": 50.0,
    "best_t_tot": 49.90781999097966,
    "best_amp": 10.536064693995257,
    "best_w_d": 0.0030514503677239162,
    "best_ramp": 0.25748530543455334,
    "best_value": 4.200805634773193e-05,
    "optimization_time": 1766.4063937664032,
    "regime_bounds": {
        "amp": {
            "lower": 8.0,
            "upper": 10.666666666666666
        },
        "w_d": {
            "lower": 0.0028,
            "upper": 0.00314
        },
        "ramp": {
            "lower": 1e-10,
            "upper": 0.5
        },
        "t_tot": {
            "lower": 48.75,
            "upper": 51.25
        }
    }
}