{
    "regime": "amp_5_wd_4_ramp_0_t77.5",
    "t_tot_center": 77.5,
    "best_t_tot": 77.43255997050825,
    "best_amp": 21.668676774385034,
    "best_w_d": 0.004308317440541989,
    "best_ramp": 0.20519360530064337,
    "best_value": 0.000823269146307901,
    "optimization_time": 4079.70077252388,
    "regime_bounds": {
        "amp": {
            "lower": 21.333333333333332,
            "upper": 24.0
        },
        "w_d": {
            "lower": 0.00416,
            "upper": 0.0045
        },
        "ramp": {
            "lower": 1e-10,
            "upper": 0.5
        },
        "t_tot": {
            "lower": 76.25,
            "upper": 78.75
        }
    }
}