{
    "regime": "amp_2_wd_2_ramp_0_t67.5",
    "t_tot_center": 67.5,
    "best_t_tot": 67.58114136366423,
    "best_amp": 15.905273912353008,
    "best_w_d": 0.003806245502039383,
    "best_ramp": 0.16370188717171866,
    "best_value": 0.09961099196093792,
    "optimization_time": 2917.5793499946594,
    "regime_bounds": {
        "amp": {
            "lower": 13.333333333333332,
            "upper": 16.0
        },
        "w_d": {
            "lower": 0.0034799999999999996,
            "upper": 0.0038199999999999996
        },
        "ramp": {
            "lower": 1e-10,
            "upper": 0.5
        },
        "t_tot": {
            "lower": 66.25,
            "upper": 68.75
        }
    }
}