{
    "regime": "amp_2_wd_2_ramp_0_t75.0",
    "t_tot_center": 75.0,
    "best_t_tot": 76.24987948836562,
    "best_amp": 15.999994056967076,
    "best_w_d": 0.00379388140755874,
    "best_ramp": 0.1342450900589906,
    "best_value": 0.15542959728109218,
    "optimization_time": 3207.6409878730774,
    "regime_bounds": {
        "amp": {
            "lower": 13.333333333333332,
            "upper": 16.0
        },
        "w_d": {
            "lower": 0.0034799999999999996,
            "upper": 0.0038199999999999996
        },
        "ramp": {
            "lower": 1e-10,
            "upper": 0.5
        },
        "t_tot": {
            "lower": 73.75,
            "upper": 76.25
        }
    }
}