{
    "regime": "amp_3_wd_2_ramp_0_t105.0",
    "t_tot_center": 105.0,
    "best_t_tot": 105.33548202161447,
    "best_amp": 18.079566149721124,
    "best_w_d": 0.0034999343537330556,
    "best_ramp": 0.11734497012689034,
    "best_value": 0.0021445247520738993,
    "optimization_time": 3083.1110179424286,
    "regime_bounds": {
        "amp": {
            "lower": 16.0,
            "upper": 18.666666666666664
        },
        "w_d": {
            "lower": 0.0034799999999999996,
            "upper": 0.0038199999999999996
        },
        "ramp": {
            "lower": 1e-10,
            "upper": 0.5
        },
        "t_tot": {
            "lower": 103.75,
            "upper": 106.25
        }
    }
}