{
    "regime": "amp_0_wd_2_ramp_0_t67.5",
    "t_tot_center": 67.5,
    "best_t_tot": 66.25002796263945,
    "best_amp": 10.666665694779878,
    "best_w_d": 0.003799670489555594,
    "best_ramp": 0.1185492872037777,
    "best_value": 0.504782570694229,
    "optimization_time": 1003.1271035671234,
    "regime_bounds": {
        "amp": {
            "lower": 8.0,
            "upper": 10.666666666666666
        },
        "w_d": {
            "lower": 0.0034799999999999996,
            "upper": 0.0038199999999999996
        },
        "ramp": {
            "lower": 1e-10,
            "upper": 0.5
        },
        "t_tot": {
            "lower": 66.25,
            "upper": 68.75
        }
    }
}