{
    "regime": "amp_4_wd_1_ramp_0_t95.0",
    "t_tot_center": 95.0,
    "best_t_tot": 95.45329605295267,
    "best_amp": 19.06692627995878,
    "best_w_d": 0.0034754666896751763,
    "best_ramp": 0.12382509302220836,
    "best_value": 0.007807538734917606,
    "optimization_time": 2742.1867945194244,
    "regime_bounds": {
        "amp": {
            "lower": 18.666666666666664,
            "upper": 21.333333333333332
        },
        "w_d": {
            "lower": 0.00314,
            "upper": 0.0034799999999999996
        },
        "ramp": {
            "lower": 1e-10,
            "upper": 0.5
        },
        "t_tot": {
            "lower": 93.75,
            "upper": 96.25
        }
    }
}