{
    "regime": "amp_0_wd_3_ramp_0_t62.5",
    "t_tot_center": 62.5,
    "best_t_tot": 61.25066211545074,
    "best_amp": 10.666665098583932,
    "best_w_d": 0.0040319217853232985,
    "best_ramp": 0.12543536937565647,
    "best_value": 0.43930405053494886,
    "optimization_time": 2019.4041624069214,
    "regime_bounds": {
        "amp": {
            "lower": 8.0,
            "upper": 10.666666666666666
        },
        "w_d": {
            "lower": 0.0038199999999999996,
            "upper": 0.00416
        },
        "ramp": {
            "lower": 1e-10,
            "upper": 0.5
        },
        "t_tot": {
            "lower": 61.25,
            "upper": 63.75
        }
    }
}