{
    "regime": "amp_4_wd_0_ramp_0_t67.5",
    "t_tot_center": 67.5,
    "best_t_tot": 68.7499911482476,
    "best_amp": 19.81788421899589,
    "best_w_d": 0.003126470540418931,
    "best_ramp": 0.1772091611339716,
    "best_value": 0.0328015581975619,
    "optimization_time": 2167.0494208335876,
    "regime_bounds": {
        "amp": {
            "lower": 18.666666666666664,
            "upper": 21.333333333333332
        },
        "w_d": {
            "lower": 0.0028,
            "upper": 0.00314
        },
        "ramp": {
            "lower": 1e-10,
            "upper": 0.5
        },
        "t_tot": {
            "lower": 66.25,
            "upper": 68.75
        }
    }
}