{
    "regime": "amp_4_wd_4_ramp_0_t70.0",
    "t_tot_center": 70.0,
    "best_t_tot": 70.28483017167994,
    "best_amp": 19.165618693260125,
    "best_w_d": 0.004275703776062533,
    "best_ramp": 0.20314791449346445,
    "best_value": 0.01220318317221802,
    "optimization_time": 2772.3122346401215,
    "regime_bounds": {
        "amp": {
            "lower": 18.666666666666664,
            "upper": 21.333333333333332
        },
        "w_d": {
            "lower": 0.00416,
            "upper": 0.0045
        },
        "ramp": {
            "lower": 1e-10,
            "upper": 0.5
        },
        "t_tot": {
            "lower": 68.75,
            "upper": 71.25
        }
    }
}