{
    "regime": "amp_5_wd_4_ramp_0_t117.5",
    "t_tot_center": 117.5,
    "best_t_tot": 117.63499273720261,
    "best_amp": 21.499787778668864,
    "best_w_d": 0.004199837056027296,
    "best_ramp": 0.11589961219315584,
    "best_value": 0.0013361179502289007,
    "optimization_time": 3695.3957328796387,
    "regime_bounds": {
        "amp": {
            "lower": 21.333333333333332,
            "upper": 24.0
        },
        "w_d": {
            "lower": 0.00416,
            "upper": 0.0045
        },
        "ramp": {
            "lower": 1e-10,
            "upper": 0.5
        },
        "t_tot": {
            "lower": 116.25,
            "upper": 118.75
        }
    }
}