{
    "regime": "amp_2_wd_3_ramp_0_t75.0",
    "t_tot_center": 75.0,
    "best_t_tot": 74.88580191187786,
    "best_amp": 15.666785289378955,
    "best_w_d": 0.004153198437892191,
    "best_ramp": 0.1722860856839671,
    "best_value": 0.06542035555199355,
    "optimization_time": 2844.5019841194153,
    "regime_bounds": {
        "amp": {
            "lower": 13.333333333333332,
            "upper": 16.0
        },
        "w_d": {
            "lower": 0.0038199999999999996,
            "upper": 0.00416
        },
        "ramp": {
            "lower": 1e-10,
            "upper": 0.5
        },
        "t_tot": {
            "lower": 73.75,
            "upper": 76.25
        }
    }
}