{
    "regime": "amp_0_wd_1_ramp_0_t70.0",
    "t_tot_center": 70.0,
    "best_t_tot": 69.30726139523699,
    "best_amp": 10.65002735849577,
    "best_w_d": 0.0034799995804457224,
    "best_ramp": 0.10462464542396012,
    "best_value": 0.5898293704332899,
    "optimization_time": 1322.8561623096466,
    "regime_bounds": {
        "amp": {
            "lower": 8.0,
            "upper": 10.666666666666666
        },
        "w_d": {
            "lower": 0.00314,
            "upper": 0.0034799999999999996
        },
        "ramp": {
            "lower": 1e-10,
            "upper": 0.5
        },
        "t_tot": {
            "lower": 68.75,
            "upper": 71.25
        }
    }
}