{
    "regime": "amp_4_wd_4_ramp_0_t110.0",
    "t_tot_center": 110.0,
    "best_t_tot": 110.16333882983632,
    "best_amp": 18.857342470003307,
    "best_w_d": 0.004188272550607665,
    "best_ramp": 0.10956375572550218,
    "best_value": 0.0031911163219049206,
    "optimization_time": 2075.1438961029053,
    "regime_bounds": {
        "amp": {
            "lower": 18.666666666666664,
            "upper": 21.333333333333332
        },
        "w_d": {
            "lower": 0.00416,
            "upper": 0.0045
        },
        "ramp": {
            "lower": 1e-10,
            "upper": 0.5
        },
        "t_tot": {
            "lower": 108.75,
            "upper": 111.25
        }
    }
}