{
    "regime": "amp_4_wd_2_ramp_0_t75.0",
    "t_tot_center": 75.0,
    "best_t_tot": 74.48785989476598,
    "best_amp": 20.09484398726363,
    "best_w_d": 0.0037864577872104527,
    "best_ramp": 0.1720893730197198,
    "best_value": 0.053966331737516374,
    "optimization_time": 3177.720447540283,
    "regime_bounds": {
        "amp": {
            "lower": 18.666666666666664,
            "upper": 21.333333333333332
        },
        "w_d": {
            "lower": 0.0034799999999999996,
            "upper": 0.0038199999999999996
        },
        "ramp": {
            "lower": 1e-10,
            "upper": 0.5
        },
        "t_tot": {
            "lower": 73.75,
            "upper": 76.25
        }
    }
}