{
    "regime": "amp_3_wd_0_ramp_0_t92.5",
    "t_tot_center": 92.5,
    "best_t_tot": 93.60881737412171,
    "best_amp": 16.56668692783146,
    "best_w_d": 0.003137240296544781,
    "best_ramp": 0.11171184093571217,
    "best_value": 0.17440046558415556,
    "optimization_time": 2960.7197048664093,
    "regime_bounds": {
        "amp": {
            "lower": 16.0,
            "upper": 18.666666666666664
        },
        "w_d": {
            "lower": 0.0028,
            "upper": 0.00314
        },
        "ramp": {
            "lower": 1e-10,
            "upper": 0.5
        },
        "t_tot": {
            "lower": 91.25,
            "upper": 93.75
        }
    }
}