{
    "regime": "amp_0_wd_4_ramp_0_t115.0",
    "t_tot_center": 115.0,
    "best_t_tot": 115.28448365753538,
    "best_amp": 10.329862031024296,
    "best_w_d": 0.0042265402003974165,
    "best_ramp": 0.0798969355096307,
    "best_value": 0.004775146594685927,
    "optimization_time": 3416.7677721977234,
    "regime_bounds": {
        "amp": {
            "lower": 8.0,
            "upper": 10.666666666666666
        },
        "w_d": {
            "lower": 0.00416,
            "upper": 0.0045
        },
        "ramp": {
            "lower": 1e-10,
            "upper": 0.5
        },
        "t_tot": {
            "lower": 113.75,
            "upper": 116.25
        }
    }
}