{
    "regime": "amp_1_wd_1_ramp_0_t77.5",
    "t_tot_center": 77.5,
    "best_t_tot": 76.25043620629336,
    "best_amp": 13.315039206998128,
    "best_w_d": 0.0034112902682827107,
    "best_ramp": 0.15229344854727736,
    "best_value": 0.3184183270360589,
    "optimization_time": 2436.3919427394867,
    "regime_bounds": {
        "amp": {
            "lower": 10.666666666666666,
            "upper": 13.333333333333332
        },
        "w_d": {
            "lower": 0.00314,
            "upper": 0.0034799999999999996
        },
        "ramp": {
            "lower": 1e-10,
            "upper": 0.5
        },
        "t_tot": {
            "lower": 76.25,
            "upper": 78.75
        }
    }
}