{
    "regime": "amp_4_wd_2_ramp_0_t92.5",
    "t_tot_center": 92.5,
    "best_t_tot": 93.40522405173125,
    "best_amp": 19.067670335280468,
    "best_w_d": 0.003748887970173703,
    "best_ramp": 0.18127644587676028,
    "best_value": 0.0057641242534544205,
    "optimization_time": 1635.2841501235962,
    "regime_bounds": {
        "amp": {
            "lower": 18.666666666666664,
            "upper": 21.333333333333332
        },
        "w_d": {
            "lower": 0.0034799999999999996,
            "upper": 0.0038199999999999996
        },
        "ramp": {
            "lower": 1e-10,
            "upper": 0.5
        },
        "t_tot": {
            "lower": 91.25,
            "upper": 93.75
        }
    }
}