{
    "regime": "amp_0_wd_2_ramp_0_t115.0",
    "t_tot_center": 115.0,
    "best_t_tot": 114.80612452526427,
    "best_amp": 10.46817292099203,
    "best_w_d": 0.0035788690588392617,
    "best_ramp": 0.07260228464166682,
    "best_value": 0.0019096449574967098,
    "optimization_time": 2477.2742738723755,
    "regime_bounds": {
        "amp": {
            "lower": 8.0,
            "upper": 10.666666666666666
        },
        "w_d": {
            "lower": 0.0034799999999999996,
            "upper": 0.0038199999999999996
        },
        "ramp": {
            "lower": 1e-10,
            "upper": 0.5
        },
        "t_tot": {
            "lower": 113.75,
            "upper": 116.25
        }
    }
}