{
    "regime": "amp_2_wd_2_ramp_0_t65.0",
    "t_tot_center": 65.0,
    "best_t_tot": 63.75032612436778,
    "best_amp": 13.579593462340078,
    "best_w_d": 0.00351467286601954,
    "best_ramp": 0.22353075223545504,
    "best_value": 0.12895359835153186,
    "optimization_time": 1689.8297567367554,
    "regime_bounds": {
        "amp": {
            "lower": 13.333333333333332,
            "upper": 16.0
        },
        "w_d": {
            "lower": 0.0034799999999999996,
            "upper": 0.0038199999999999996
        },
        "ramp": {
            "lower": 1e-10,
            "upper": 0.5
        },
        "t_tot": {
            "lower": 63.75,
            "upper": 66.25
        }
    }
}