{
    "regime": "amp_2_wd_2_ramp_0_t112.5",
    "t_tot_center": 112.5,
    "best_t_tot": 112.5024891707884,
    "best_amp": 13.386404304641296,
    "best_w_d": 0.003549393419615114,
    "best_ramp": 0.10391522226095697,
    "best_value": 0.0006184042405649008,
    "optimization_time": 3426.3060698509216,
    "regime_bounds": {
        "amp": {
            "lower": 13.333333333333332,
            "upper": 16.0
        },
        "w_d": {
            "lower": 0.0034799999999999996,
            "upper": 0.0038199999999999996
        },
        "ramp": {
            "lower": 1e-10,
            "upper": 0.5
        },
        "t_tot": {
            "lower": 111.25,
            "upper": 113.75
        }
    }
}