{
    "regime": "amp_4_wd_2_ramp_0_t85.0",
    "t_tot_center": 85.0,
    "best_t_tot": 85.56156201103981,
    "best_amp": 18.9101903869531,
    "best_w_d": 0.0038107416180173225,
    "best_ramp": 0.14592605969931705,
    "best_value": 0.01426273631880749,
    "optimization_time": 1185.1871464252472,
    "regime_bounds": {
        "amp": {
            "lower": 18.666666666666664,
            "upper": 21.333333333333332
        },
        "w_d": {
            "lower": 0.0034799999999999996,
            "upper": 0.0038199999999999996
        },
        "ramp": {
            "lower": 1e-10,
            "upper": 0.5
        },
        "t_tot": {
            "lower": 83.75,
            "upper": 86.25
        }
    }
}