{
    "regime": "amp_3_wd_2_ramp_0_t62.5",
    "t_tot_center": 62.5,
    "best_t_tot": 62.79426733427821,
    "best_amp": 16.011240447730707,
    "best_w_d": 0.003485067305391467,
    "best_ramp": 0.25017519510149433,
    "best_value": 0.001377643560765376,
    "optimization_time": 2169.1777765750885,
    "regime_bounds": {
        "amp": {
            "lower": 16.0,
            "upper": 18.666666666666664
        },
        "w_d": {
            "lower": 0.0034799999999999996,
            "upper": 0.0038199999999999996
        },
        "ramp": {
            "lower": 1e-10,
            "upper": 0.5
        },
        "t_tot": {
            "lower": 61.25,
            "upper": 63.75
        }
    }
}