{
    "regime": "amp_4_wd_1_ramp_0_t105.0",
    "t_tot_center": 105.0,
    "best_t_tot": 105.04862351073334,
    "best_amp": 18.918883767640835,
    "best_w_d": 0.003291833494143283,
    "best_ramp": 0.16312080894968828,
    "best_value": 0.0001536351654839851,
    "optimization_time": 2779.0780684947968,
    "regime_bounds": {
        "amp": {
            "lower": 18.666666666666664,
            "upper": 21.333333333333332
        },
        "w_d": {
            "lower": 0.00314,
            "upper": 0.0034799999999999996
        },
        "ramp": {
            "lower": 1e-10,
            "upper": 0.5
        },
        "t_tot": {
            "lower": 103.75,
            "upper": 106.25
        }
    }
}