{
    "regime": "amp_5_wd_2_ramp_0_t95.0",
    "t_tot_center": 95.0,
    "best_t_tot": 94.98110153696621,
    "best_amp": 21.574700802930966,
    "best_w_d": 0.0038113786009624346,
    "best_ramp": 0.13818388442441099,
    "best_value": 0.005780109281744421,
    "optimization_time": 3144.349035024643,
    "regime_bounds": {
        "amp": {
            "lower": 21.333333333333332,
            "upper": 24.0
        },
        "w_d": {
            "lower": 0.0034799999999999996,
            "upper": 0.0038199999999999996
        },
        "ramp": {
            "lower": 1e-10,
            "upper": 0.5
        },
        "t_tot": {
            "lower": 93.75,
            "upper": 96.25
        }
    }
}