{
    "regime": "amp_1_wd_3_ramp_0_t97.5",
    "t_tot_center": 97.5,
    "best_t_tot": 96.9058189436287,
    "best_amp": 13.175753047538203,
    "best_w_d": 0.0038503027725075227,
    "best_ramp": 0.10320198544878652,
    "best_value": 0.0014668114145190547,
    "optimization_time": 2125.578579187393,
    "regime_bounds": {
        "amp": {
            "lower": 10.666666666666666,
            "upper": 13.333333333333332
        },
        "w_d": {
            "lower": 0.0038199999999999996,
            "upper": 0.00416
        },
        "ramp": {
            "lower": 1e-10,
            "upper": 0.5
        },
        "t_tot": {
            "lower": 96.25,
            "upper": 98.75
        }
    }
}