{
    "regime": "amp_0_wd_4_ramp_0_t60.0",
    "t_tot_center": 60.0,
    "best_t_tot": 58.75054594948525,
    "best_amp": 10.66666637316052,
    "best_w_d": 0.004231277010681367,
    "best_ramp": 0.13540128847602073,
    "best_value": 0.39368134079622896,
    "optimization_time": 865.8435821533203,
    "regime_bounds": {
        "amp": {
            "lower": 8.0,
            "upper": 10.666666666666666
        },
        "w_d": {
            "lower": 0.00416,
            "upper": 0.0045
        },
        "ramp": {
            "lower": 1e-10,
            "upper": 0.5
        },
        "t_tot": {
            "lower": 58.75,
            "upper": 61.25
        }
    }
}