{
    "regime": "amp_5_wd_4_ramp_0_t120.0",
    "t_tot_center": 120.0,
    "best_t_tot": 120.0487202164339,
    "best_amp": 21.394942268061147,
    "best_w_d": 0.004169048465932877,
    "best_ramp": 0.12193003734593007,
    "best_value": 0.0015151147358199975,
    "optimization_time": 3879.3074781894684,
    "regime_bounds": {
        "amp": {
            "lower": 21.333333333333332,
            "upper": 24.0
        },
        "w_d": {
            "lower": 0.00416,
            "upper": 0.0045
        },
        "ramp": {
            "lower": 1e-10,
            "upper": 0.5
        },
        "t_tot": {
            "lower": 118.75,
            "upper": 121.25
        }
    }
}