{
    "regime": "amp_5_wd_1_ramp_0_t65.0",
    "t_tot_center": 65.0,
    "best_t_tot": 65.92067733255156,
    "best_amp": 21.547944254761315,
    "best_w_d": 0.003191656817726025,
    "best_ramp": 0.373135069075283,
    "best_value": 0.011185436869665825,
    "optimization_time": 2782.465222120285,
    "regime_bounds": {
        "amp": {
            "lower": 21.333333333333332,
            "upper": 24.0
        },
        "w_d": {
            "lower": 0.00314,
            "upper": 0.0034799999999999996
        },
        "ramp": {
            "lower": 1e-10,
            "upper": 0.5
        },
        "t_tot": {
            "lower": 63.75,
            "upper": 66.25
        }
    }
}