{
    "regime": "amp_1_wd_2_ramp_0_t70.0",
    "t_tot_center": 70.0,
    "best_t_tot": 69.29700629782043,
    "best_amp": 13.313799127734796,
    "best_w_d": 0.0038199913175942946,
    "best_ramp": 0.1877987904125864,
    "best_value": 0.2413765277392011,
    "optimization_time": 2871.375748872757,
    "regime_bounds": {
        "amp": {
            "lower": 10.666666666666666,
            "upper": 13.333333333333332
        },
        "w_d": {
            "lower": 0.0034799999999999996,
            "upper": 0.0038199999999999996
        },
        "ramp": {
            "lower": 1e-10,
            "upper": 0.5
        },
        "t_tot": {
            "lower": 68.75,
            "upper": 71.25
        }
    }
}