{
    "regime": "amp_3_wd_1_ramp_0_t62.5",
    "t_tot_center": 62.5,
    "best_t_tot": 63.11065712167233,
    "best_amp": 16.03666349909544,
    "best_w_d": 0.0032036636099562555,
    "best_ramp": 0.24217016719782883,
    "best_value": 0.011479677504707004,
    "optimization_time": 3690.86141872406,
    "regime_bounds": {
        "amp": {
            "lower": 16.0,
            "upper": 18.666666666666664
        },
        "w_d": {
            "lower": 0.00314,
            "upper": 0.0034799999999999996
        },
        "ramp": {
            "lower": 1e-10,
            "upper": 0.5
        },
        "t_tot": {
            "lower": 61.25,
            "upper": 63.75
        }
    }
}