{
    "regime": "amp_0_wd_4_ramp_0_t70.0",
    "t_tot_center": 70.0,
    "best_t_tot": 69.02742590678038,
    "best_amp": 10.491197374184136,
    "best_w_d": 0.004441161721375898,
    "best_ramp": 0.09845131096290356,
    "best_value": 0.37179263033663024,
    "optimization_time": 2073.344242811203,
    "regime_bounds": {
        "amp": {
            "lower": 8.0,
            "upper": 10.666666666666666
        },
        "w_d": {
            "lower": 0.00416,
            "upper": 0.0045
        },
        "ramp": {
            "lower": 1e-10,
            "upper": 0.5
        },
        "t_tot": {
            "lower": 68.75,
            "upper": 71.25
        }
    }
}