{
    "regime": "amp_5_wd_4_ramp_0_t72.5",
    "t_tot_center": 72.5,
    "best_t_tot": 72.56838922832837,
    "best_amp": 21.528067106852244,
    "best_w_d": 0.004312840255458413,
    "best_ramp": 0.2535218852503009,
    "best_value": 0.0017438252008433895,
    "optimization_time": 3609.585215806961,
    "regime_bounds": {
        "amp": {
            "lower": 21.333333333333332,
            "upper": 24.0
        },
        "w_d": {
            "lower": 0.00416,
            "upper": 0.0045
        },
        "ramp": {
            "lower": 1e-10,
            "upper": 0.5
        },
        "t_tot": {
            "lower": 71.25,
            "upper": 73.75
        }
    }
}