{
    "regime": "amp_0_wd_1_ramp_0_t55.0",
    "t_tot_center": 55.0,
    "best_t_tot": 53.750063845110375,
    "best_amp": 10.58993548405658,
    "best_w_d": 0.0033988910890715793,
    "best_ramp": 0.29708377586498713,
    "best_value": 0.05043426493649562,
    "optimization_time": 1584.6917388439178,
    "regime_bounds": {
        "amp": {
            "lower": 8.0,
            "upper": 10.666666666666666
        },
        "w_d": {
            "lower": 0.00314,
            "upper": 0.0034799999999999996
        },
        "ramp": {
            "lower": 1e-10,
            "upper": 0.5
        },
        "t_tot": {
            "lower": 53.75,
            "upper": 56.25
        }
    }
}