{
    "regime": "amp_5_wd_1_ramp_0_t72.5",
    "t_tot_center": 72.5,
    "best_t_tot": 72.47714529288245,
    "best_amp": 21.766421675608203,
    "best_w_d": 0.0034263107593941623,
    "best_ramp": 0.19022553554987184,
    "best_value": 0.005080235715022522,
    "optimization_time": 2925.193147420883,
    "regime_bounds": {
        "amp": {
            "lower": 21.333333333333332,
            "upper": 24.0
        },
        "w_d": {
            "lower": 0.00314,
            "upper": 0.0034799999999999996
        },
        "ramp": {
            "lower": 1e-10,
            "upper": 0.5
        },
        "t_tot": {
            "lower": 71.25,
            "upper": 73.75
        }
    }
}