{
    "regime": "amp_3_wd_4_ramp_0_t100.0",
    "t_tot_center": 100.0,
    "best_t_tot": 100.21604211998215,
    "best_amp": 17.57399953401778,
    "best_w_d": 0.004187851516279903,
    "best_ramp": 0.11238135390552799,
    "best_value": 2.6460730150055428e-05,
    "optimization_time": 3864.2627713680267,
    "regime_bounds": {
        "amp": {
            "lower": 16.0,
            "upper": 18.666666666666664
        },
        "w_d": {
            "lower": 0.00416,
            "upper": 0.0045
        },
        "ramp": {
            "lower": 1e-10,
            "upper": 0.5
        },
        "t_tot": {
            "lower": 98.75,
            "upper": 101.25
        }
    }
}