{
    "regime": "amp_3_wd_0_ramp_0_t95.0",
    "t_tot_center": 95.0,
    "best_t_tot": 95.14314866278204,
    "best_amp": 16.33564484794193,
    "best_w_d": 0.0031143830728340696,
    "best_ramp": 0.11307995179034079,
    "best_value": 0.18225837248496166,
    "optimization_time": 3708.147191286087,
    "regime_bounds": {
        "amp": {
            "lower": 16.0,
            "upper": 18.666666666666664
        },
        "w_d": {
            "lower": 0.0028,
            "upper": 0.00314
        },
        "ramp": {
            "lower": 1e-10,
            "upper": 0.5
        },
        "t_tot": {
            "lower": 93.75,
            "upper": 96.25
        }
    }
}