{
    "regime": "amp_1_wd_1_ramp_0_t100.0",
    "t_tot_center": 100.0,
    "best_t_tot": 101.24979105153844,
    "best_amp": 13.163544468699088,
    "best_w_d": 0.003322092400381156,
    "best_ramp": 0.08365462590568501,
    "best_value": 0.23979590834461498,
    "optimization_time": 2081.4376068115234,
    "regime_bounds": {
        "amp": {
            "lower": 10.666666666666666,
            "upper": 13.333333333333332
        },
        "w_d": {
            "lower": 0.00314,
            "upper": 0.0034799999999999996
        },
        "ramp": {
            "lower": 1e-10,
            "upper": 0.5
        },
        "t_tot": {
            "lower": 98.75,
            "upper": 101.25
        }
    }
}