{
    "regime": "amp_3_wd_2_ramp_0_t90.0",
    "t_tot_center": 90.0,
    "best_t_tot": 90.7640127819281,
    "best_amp": 16.239523298680172,
    "best_w_d": 0.0037704543142045564,
    "best_ramp": 0.11454886351165261,
    "best_value": 0.009670788646149429,
    "optimization_time": 2576.6006400585175,
    "regime_bounds": {
        "amp": {
            "lower": 16.0,
            "upper": 18.666666666666664
        },
        "w_d": {
            "lower": 0.0034799999999999996,
            "upper": 0.0038199999999999996
        },
        "ramp": {
            "lower": 1e-10,
            "upper": 0.5
        },
        "t_tot": {
            "lower": 88.75,
            "upper": 91.25
        }
    }
}