{
    "regime": "amp_1_wd_0_ramp_0_t80.0",
    "t_tot_center": 80.0,
    "best_t_tot": 79.98762650198195,
    "best_amp": 13.331033354560093,
    "best_w_d": 0.003133877542865415,
    "best_ramp": 0.11931545551633456,
    "best_value": 0.38079868815107765,
    "optimization_time": 2756.8927443027496,
    "regime_bounds": {
        "amp": {
            "lower": 10.666666666666666,
            "upper": 13.333333333333332
        },
        "w_d": {
            "lower": 0.0028,
            "upper": 0.00314
        },
        "ramp": {
            "lower": 1e-10,
            "upper": 0.5
        },
        "t_tot": {
            "lower": 78.75,
            "upper": 81.25
        }
    }
}