{
    "regime": "amp_4_wd_0_ramp_0_t62.5",
    "t_tot_center": 62.5,
    "best_t_tot": 62.68569390214105,
    "best_amp": 18.732748227226885,
    "best_w_d": 0.002941582332485353,
    "best_ramp": 0.25508646541246255,
    "best_value": 0.034695037036617235,
    "optimization_time": 2558.7102241516113,
    "regime_bounds": {
        "amp": {
            "lower": 18.666666666666664,
            "upper": 21.333333333333332
        },
        "w_d": {
            "lower": 0.0028,
            "upper": 0.00314
        },
        "ramp": {
            "lower": 1e-10,
            "upper": 0.5
        },
        "t_tot": {
            "lower": 61.25,
            "upper": 63.75
        }
    }
}