{
    "regime": "amp_0_wd_2_ramp_0_t102.5",
    "t_tot_center": 102.5,
    "best_t_tot": 102.30766905898876,
    "best_amp": 10.530307034624519,
    "best_w_d": 0.0037017911616071685,
    "best_ramp": 0.06013818439859173,
    "best_value": 0.06768239921368233,
    "optimization_time": 3982.6768391132355,
    "regime_bounds": {
        "amp": {
            "lower": 8.0,
            "upper": 10.666666666666666
        },
        "w_d": {
            "lower": 0.0034799999999999996,
            "upper": 0.0038199999999999996
        },
        "ramp": {
            "lower": 1e-10,
            "upper": 0.5
        },
        "t_tot": {
            "lower": 101.25,
            "upper": 103.75
        }
    }
}