{
    "regime": "amp_4_wd_4_ramp_0_t87.5",
    "t_tot_center": 87.5,
    "best_t_tot": 87.9677534427536,
    "best_amp": 19.008194456449242,
    "best_w_d": 0.004254831421103767,
    "best_ramp": 0.1943087017741742,
    "best_value": 0.00013935452921316982,
    "optimization_time": 2466.0516691207886,
    "regime_bounds": {
        "amp": {
            "lower": 18.666666666666664,
            "upper": 21.333333333333332
        },
        "w_d": {
            "lower": 0.00416,
            "upper": 0.0045
        },
        "ramp": {
            "lower": 1e-10,
            "upper": 0.5
        },
        "t_tot": {
            "lower": 86.25,
            "upper": 88.75
        }
    }
}