{
    "regime": "amp_0_wd_2_ramp_0_t107.5",
    "t_tot_center": 107.5,
    "best_t_tot": 108.74990265661087,
    "best_amp": 10.442645489399506,
    "best_w_d": 0.0035978130030149052,
    "best_ramp": 0.07594638811968131,
    "best_value": 0.0016966215237276647,
    "optimization_time": 2361.406312942505,
    "regime_bounds": {
        "amp": {
            "lower": 8.0,
            "upper": 10.666666666666666
        },
        "w_d": {
            "lower": 0.0034799999999999996,
            "upper": 0.0038199999999999996
        },
        "ramp": {
            "lower": 1e-10,
            "upper": 0.5
        },
        "t_tot": {
            "lower": 106.25,
            "upper": 108.75
        }
    }
}