{
    "regime": "amp_5_wd_0_ramp_0_t67.5",
    "t_tot_center": 67.5,
    "best_t_tot": 67.54897247948215,
    "best_amp": 21.335472655654414,
    "best_w_d": 0.0031214208991842403,
    "best_ramp": 0.27845745419168993,
    "best_value": 0.02502188076803362,
    "optimization_time": 3155.9010083675385,
    "regime_bounds": {
        "amp": {
            "lower": 21.333333333333332,
            "upper": 24.0
        },
        "w_d": {
            "lower": 0.0028,
            "upper": 0.00314
        },
        "ramp": {
            "lower": 1e-10,
            "upper": 0.5
        },
        "t_tot": {
            "lower": 66.25,
            "upper": 68.75
        }
    }
}