{
    "regime": "amp_2_wd_3_ramp_0_t82.5",
    "t_tot_center": 82.5,
    "best_t_tot": 83.7499393253114,
    "best_amp": 15.775216311361033,
    "best_w_d": 0.004136184006266245,
    "best_ramp": 0.13479648577782063,
    "best_value": 0.005806322014936129,
    "optimization_time": 4039.070115327835,
    "regime_bounds": {
        "amp": {
            "lower": 13.333333333333332,
            "upper": 16.0
        },
        "w_d": {
            "lower": 0.0038199999999999996,
            "upper": 0.00416
        },
        "ramp": {
            "lower": 1e-10,
            "upper": 0.5
        },
        "t_tot": {
            "lower": 81.25,
            "upper": 83.75
        }
    }
}