{
    "regime": "amp_2_wd_0_ramp_0_t77.5",
    "t_tot_center": 77.5,
    "best_t_tot": 76.43824650441235,
    "best_amp": 15.971622574367926,
    "best_w_d": 0.0031385424113614573,
    "best_ramp": 0.2196523828201753,
    "best_value": 0.12275459727255533,
    "optimization_time": 1479.8338060379028,
    "regime_bounds": {
        "amp": {
            "lower": 13.333333333333332,
            "upper": 16.0
        },
        "w_d": {
            "lower": 0.0028,
            "upper": 0.00314
        },
        "ramp": {
            "lower": 1e-10,
            "upper": 0.5
        },
        "t_tot": {
            "lower": 76.25,
            "upper": 78.75
        }
    }
}