{
    "regime": "amp_0_wd_2_ramp_0_t82.5",
    "t_tot_center": 82.5,
    "best_t_tot": 82.20329777004,
    "best_amp": 10.61819296118055,
    "best_w_d": 0.003819999612462919,
    "best_ramp": 0.13086349106511522,
    "best_value": 0.5192771668257239,
    "optimization_time": 1669.8703045845032,
    "regime_bounds": {
        "amp": {
            "lower": 8.0,
            "upper": 10.666666666666666
        },
        "w_d": {
            "lower": 0.0034799999999999996,
            "upper": 0.0038199999999999996
        },
        "ramp": {
            "lower": 1e-10,
            "upper": 0.5
        },
        "t_tot": {
            "lower": 81.25,
            "upper": 83.75
        }
    }
}