{
    "regime": "amp_2_wd_0_ramp_0_t100.0",
    "t_tot_center": 100.0,
    "best_t_tot": 101.24988103771769,
    "best_amp": 15.940371851460661,
    "best_w_d": 0.0031192954556774626,
    "best_ramp": 0.0856725516037368,
    "best_value": 0.20386878497973454,
    "optimization_time": 2490.01909160614,
    "regime_bounds": {
        "amp": {
            "lower": 13.333333333333332,
            "upper": 16.0
        },
        "w_d": {
            "lower": 0.0028,
            "upper": 0.00314
        },
        "ramp": {
            "lower": 1e-10,
            "upper": 0.5
        },
        "t_tot": {
            "lower": 98.75,
            "upper": 101.25
        }
    }
}