{
    "regime": "amp_5_wd_3_ramp_0_t67.5",
    "t_tot_center": 67.5,
    "best_t_tot": 67.69530249182863,
    "best_amp": 21.522384642101702,
    "best_w_d": 0.0041027120392063,
    "best_ramp": 0.2204892545635599,
    "best_value": 0.010136757958166487,
    "optimization_time": 1066.3856818675995,
    "regime_bounds": {
        "amp": {
            "lower": 21.333333333333332,
            "upper": 24.0
        },
        "w_d": {
            "lower": 0.0038199999999999996,
            "upper": 0.00416
        },
        "ramp": {
            "lower": 1e-10,
            "upper": 0.5
        },
        "t_tot": {
            "lower": 66.25,
            "upper": 68.75
        }
    }
}