{
    "regime": "amp_3_wd_3_ramp_0_t97.5",
    "t_tot_center": 97.5,
    "best_t_tot": 97.45426077780246,
    "best_amp": 18.068662033269096,
    "best_w_d": 0.003837433035817165,
    "best_ramp": 0.1137942288827852,
    "best_value": 0.01039244317647243,
    "optimization_time": 4015.69042801857,
    "regime_bounds": {
        "amp": {
            "lower": 16.0,
            "upper": 18.666666666666664
        },
        "w_d": {
            "lower": 0.0038199999999999996,
            "upper": 0.00416
        },
        "ramp": {
            "lower": 1e-10,
            "upper": 0.5
        },
        "t_tot": {
            "lower": 96.25,
            "upper": 98.75
        }
    }
}