{
    "regime": "amp_2_wd_0_ramp_0_t62.5",
    "t_tot_center": 62.5,
    "best_t_tot": 62.40818063243918,
    "best_amp": 13.557043384678344,
    "best_w_d": 0.002958267491639441,
    "best_ramp": 0.30044673003780037,
    "best_value": 1.9664707727577853e-06,
    "optimization_time": 1358.9386212825775,
    "regime_bounds": {
        "amp": {
            "lower": 13.333333333333332,
            "upper": 16.0
        },
        "w_d": {
            "lower": 0.0028,
            "upper": 0.00314
        },
        "ramp": {
            "lower": 1e-10,
            "upper": 0.5
        },
        "t_tot": {
            "lower": 61.25,
            "upper": 63.75
        }
    }
}