{
    "regime": "amp_4_wd_1_ramp_0_t117.5",
    "t_tot_center": 117.5,
    "best_t_tot": 117.34281473056237,
    "best_amp": 18.725618762068642,
    "best_w_d": 0.00346374136756206,
    "best_ramp": 0.12683125231473438,
    "best_value": 0.00036620211428955464,
    "optimization_time": 3861.1735105514526,
    "regime_bounds": {
        "amp": {
            "lower": 18.666666666666664,
            "upper": 21.333333333333332
        },
        "w_d": {
            "lower": 0.00314,
            "upper": 0.0034799999999999996
        },
        "ramp": {
            "lower": 1e-10,
            "upper": 0.5
        },
        "t_tot": {
            "lower": 116.25,
            "upper": 118.75
        }
    }
}