{
    "regime": "amp_4_wd_4_ramp_0_t95.0",
    "t_tot_center": 95.0,
    "best_t_tot": 94.5978332193146,
    "best_amp": 18.84410792520269,
    "best_w_d": 0.004234331295117237,
    "best_ramp": 0.14637376110522635,
    "best_value": 0.0007300909646423756,
    "optimization_time": 3225.107433795929,
    "regime_bounds": {
        "amp": {
            "lower": 18.666666666666664,
            "upper": 21.333333333333332
        },
        "w_d": {
            "lower": 0.00416,
            "upper": 0.0045
        },
        "ramp": {
            "lower": 1e-10,
            "upper": 0.5
        },
        "t_tot": {
            "lower": 93.75,
            "upper": 96.25
        }
    }
}