{
    "regime": "amp_4_wd_2_ramp_0_t52.5",
    "t_tot_center": 52.5,
    "best_t_tot": 53.598807927519935,
    "best_amp": 18.756419767209454,
    "best_w_d": 0.003635121288475491,
    "best_ramp": 0.3187146171480396,
    "best_value": 0.03168439513924514,
    "optimization_time": 2210.1287519931793,
    "regime_bounds": {
        "amp": {
            "lower": 18.666666666666664,
            "upper": 21.333333333333332
        },
        "w_d": {
            "lower": 0.0034799999999999996,
            "upper": 0.0038199999999999996
        },
        "ramp": {
            "lower": 1e-10,
            "upper": 0.5
        },
        "t_tot": {
            "lower": 51.25,
            "upper": 53.75
        }
    }
}