{
    "regime": "amp_4_wd_0_ramp_0_t80.0",
    "t_tot_center": 80.0,
    "best_t_tot": 79.94723804074329,
    "best_amp": 18.851837020856177,
    "best_w_d": 0.003082943384712041,
    "best_ramp": 0.16509719733715836,
    "best_value": 0.07641437899017668,
    "optimization_time": 3050.9590499401093,
    "regime_bounds": {
        "amp": {
            "lower": 18.666666666666664,
            "upper": 21.333333333333332
        },
        "w_d": {
            "lower": 0.0028,
            "upper": 0.00314
        },
        "ramp": {
            "lower": 1e-10,
            "upper": 0.5
        },
        "t_tot": {
            "lower": 78.75,
            "upper": 81.25
        }
    }
}