{
    "regime": "amp_3_wd_0_ramp_0_t55.0",
    "t_tot_center": 55.0,
    "best_t_tot": 55.24858314967022,
    "best_amp": 16.077476992809885,
    "best_w_d": 0.0030904921597837243,
    "best_ramp": 0.2502813802807728,
    "best_value": 0.036903952756685114,
    "optimization_time": 3959.778604030609,
    "regime_bounds": {
        "amp": {
            "lower": 16.0,
            "upper": 18.666666666666664
        },
        "w_d": {
            "lower": 0.0028,
            "upper": 0.00314
        },
        "ramp": {
            "lower": 1e-10,
            "upper": 0.5
        },
        "t_tot": {
            "lower": 53.75,
            "upper": 56.25
        }
    }
}