{
    "regime": "amp_3_wd_3_ramp_0_t105.0",
    "t_tot_center": 105.0,
    "best_t_tot": 105.12550188990609,
    "best_amp": 18.343000586850927,
    "best_w_d": 0.0038336206306712832,
    "best_ramp": 0.15270608517420195,
    "best_value": 0.00010968167386626485,
    "optimization_time": 1489.803461074829,
    "regime_bounds": {
        "amp": {
            "lower": 16.0,
            "upper": 18.666666666666664
        },
        "w_d": {
            "lower": 0.0038199999999999996,
            "upper": 0.00416
        },
        "ramp": {
            "lower": 1e-10,
            "upper": 0.5
        },
        "t_tot": {
            "lower": 103.75,
            "upper": 106.25
        }
    }
}