{
    "regime": "amp_3_wd_4_ramp_0_t105.0",
    "t_tot_center": 105.0,
    "best_t_tot": 105.00481932593758,
    "best_amp": 18.366210229969905,
    "best_w_d": 0.004170892695316318,
    "best_ramp": 0.1093321641957415,
    "best_value": 0.004414199748978499,
    "optimization_time": 2866.438849925995,
    "regime_bounds": {
        "amp": {
            "lower": 16.0,
            "upper": 18.666666666666664
        },
        "w_d": {
            "lower": 0.00416,
            "upper": 0.0045
        },
        "ramp": {
            "lower": 1e-10,
            "upper": 0.5
        },
        "t_tot": {
            "lower": 103.75,
            "upper": 106.25
        }
    }
}