{
    "regime": "amp_1_wd_3_ramp_0_t62.5",
    "t_tot_center": 62.5,
    "best_t_tot": 61.25022181518109,
    "best_amp": 12.961609550251158,
    "best_w_d": 0.0038351912637935035,
    "best_ramp": 0.28048866612095097,
    "best_value": 0.15311563692626728,
    "optimization_time": 1380.5273864269257,
    "regime_bounds": {
        "amp": {
            "lower": 10.666666666666666,
            "upper": 13.333333333333332
        },
        "w_d": {
            "lower": 0.0038199999999999996,
            "upper": 0.00416
        },
        "ramp": {
            "lower": 1e-10,
            "upper": 0.5
        },
        "t_tot": {
            "lower": 61.25,
            "upper": 63.75
        }
    }
}