{
    "regime": "amp_5_wd_1_ramp_0_t112.5",
    "t_tot_center": 112.5,
    "best_t_tot": 111.82036441023126,
    "best_amp": 21.769958446850694,
    "best_w_d": 0.0033936161085516086,
    "best_ramp": 0.13685623546194042,
    "best_value": 0.0009656869614980959,
    "optimization_time": 3487.068571329117,
    "regime_bounds": {
        "amp": {
            "lower": 21.333333333333332,
            "upper": 24.0
        },
        "w_d": {
            "lower": 0.00314,
            "upper": 0.0034799999999999996
        },
        "ramp": {
            "lower": 1e-10,
            "upper": 0.5
        },
        "t_tot": {
            "lower": 111.25,
            "upper": 113.75
        }
    }
}