{
    "regime": "amp_1_wd_4_ramp_0_t110.0",
    "t_tot_center": 110.0,
    "best_t_tot": 110.07645669221512,
    "best_amp": 10.82564969181392,
    "best_w_d": 0.004160000768641244,
    "best_ramp": 0.11109401460484573,
    "best_value": 0.00012970225151915656,
    "optimization_time": 3469.9897632598877,
    "regime_bounds": {
        "amp": {
            "lower": 10.666666666666666,
            "upper": 13.333333333333332
        },
        "w_d": {
            "lower": 0.00416,
            "upper": 0.0045
        },
        "ramp": {
            "lower": 1e-10,
            "upper": 0.5
        },
        "t_tot": {
            "lower": 108.75,
            "upper": 111.25
        }
    }
}