{
    "regime": "amp_0_wd_4_ramp_0_t50.0",
    "t_tot_center": 50.0,
    "best_t_tot": 48.75000926114233,
    "best_amp": 10.664721123376854,
    "best_w_d": 0.004160013001517373,
    "best_ramp": 0.28268491248645067,
    "best_value": 0.1580965180440457,
    "optimization_time": 1429.6703810691833,
    "regime_bounds": {
        "amp": {
            "lower": 8.0,
            "upper": 10.666666666666666
        },
        "w_d": {
            "lower": 0.00416,
            "upper": 0.0045
        },
        "ramp": {
            "lower": 1e-10,
            "upper": 0.5
        },
        "t_tot": {
            "lower": 48.75,
            "upper": 51.25
        }
    }
}