{
    "regime": "amp_3_wd_3_ramp_0_t70.0",
    "t_tot_center": 70.0,
    "best_t_tot": 69.88737643897322,
    "best_amp": 18.503597772431167,
    "best_w_d": 0.004158340975058055,
    "best_ramp": 0.18665990519482858,
    "best_value": 0.05955942173226452,
    "optimization_time": 1446.5512189865112,
    "regime_bounds": {
        "amp": {
            "lower": 16.0,
            "upper": 18.666666666666664
        },
        "w_d": {
            "lower": 0.0038199999999999996,
            "upper": 0.00416
        },
        "ramp": {
            "lower": 1e-10,
            "upper": 0.5
        },
        "t_tot": {
            "lower": 68.75,
            "upper": 71.25
        }
    }
}