{
    "regime": "amp_3_wd_2_ramp_0_t95.0",
    "t_tot_center": 95.0,
    "best_t_tot": 94.93005266811346,
    "best_amp": 16.148684081916503,
    "best_w_d": 0.0037814805998847394,
    "best_ramp": 0.16559487360497813,
    "best_value": 0.000126878075740376,
    "optimization_time": 2559.0858929157257,
    "regime_bounds": {
        "amp": {
            "lower": 16.0,
            "upper": 18.666666666666664
        },
        "w_d": {
            "lower": 0.0034799999999999996,
            "upper": 0.0038199999999999996
        },
        "ramp": {
            "lower": 1e-10,
            "upper": 0.5
        },
        "t_tot": {
            "lower": 93.75,
            "upper": 96.25
        }
    }
}