{
    "regime": "amp_4_wd_2_ramp_0_t100.0",
    "t_tot_center": 100.0,
    "best_t_tot": 100.39713661408287,
    "best_amp": 19.0635963868686,
    "best_w_d": 0.0034924554795055943,
    "best_ramp": 0.1175133167116639,
    "best_value": 0.007738829665774088,
    "optimization_time": 3343.3854899406433,
    "regime_bounds": {
        "amp": {
            "lower": 18.666666666666664,
            "upper": 21.333333333333332
        },
        "w_d": {
            "lower": 0.0034799999999999996,
            "upper": 0.0038199999999999996
        },
        "ramp": {
            "lower": 1e-10,
            "upper": 0.5
        },
        "t_tot": {
            "lower": 98.75,
            "upper": 101.25
        }
    }
}