{
    "regime": "amp_4_wd_1_ramp_0_t55.0",
    "t_tot_center": 55.0,
    "best_t_tot": 56.23774949272968,
    "best_amp": 18.858675534604625,
    "best_w_d": 0.0034523927717737073,
    "best_ramp": 0.2770152358117375,
    "best_value": 0.03622194948969944,
    "optimization_time": 2809.538727760315,
    "regime_bounds": {
        "amp": {
            "lower": 18.666666666666664,
            "upper": 21.333333333333332
        },
        "w_d": {
            "lower": 0.00314,
            "upper": 0.0034799999999999996
        },
        "ramp": {
            "lower": 1e-10,
            "upper": 0.5
        },
        "t_tot": {
            "lower": 53.75,
            "upper": 56.25
        }
    }
}