{
    "regime": "amp_1_wd_1_ramp_0_t70.0",
    "t_tot_center": 70.0,
    "best_t_tot": 71.24992570471704,
    "best_amp": 13.333328349434026,
    "best_w_d": 0.003465767753338345,
    "best_ramp": 0.1258702598056792,
    "best_value": 0.29750125291601387,
    "optimization_time": 4214.664863109589,
    "regime_bounds": {
        "amp": {
            "lower": 10.666666666666666,
            "upper": 13.333333333333332
        },
        "w_d": {
            "lower": 0.00314,
            "upper": 0.0034799999999999996
        },
        "ramp": {
            "lower": 1e-10,
            "upper": 0.5
        },
        "t_tot": {
            "lower": 68.75,
            "upper": 71.25
        }
    }
}