{
    "regime": "amp_1_wd_0_ramp_0_t112.5",
    "t_tot_center": 112.5,
    "best_t_tot": 113.69330147781253,
    "best_amp": 11.241015872239545,
    "best_w_d": 0.003139995211310295,
    "best_ramp": 0.061994520474564295,
    "best_value": 0.2119794214763704,
    "optimization_time": 2428.138865709305,
    "regime_bounds": {
        "amp": {
            "lower": 10.666666666666666,
            "upper": 13.333333333333332
        },
        "w_d": {
            "lower": 0.0028,
            "upper": 0.00314
        },
        "ramp": {
            "lower": 1e-10,
            "upper": 0.5
        },
        "t_tot": {
            "lower": 111.25,
            "upper": 113.75
        }
    }
}