{
    "regime": "amp_1_wd_3_ramp_0_t117.5",
    "t_tot_center": 117.5,
    "best_t_tot": 117.72129602247294,
    "best_amp": 11.921689353279952,
    "best_w_d": 0.0038488696446449984,
    "best_ramp": 0.12010243771649562,
    "best_value": 3.5923213109061934e-05,
    "optimization_time": 2317.3485140800476,
    "regime_bounds": {
        "amp": {
            "lower": 10.666666666666666,
            "upper": 13.333333333333332
        },
        "w_d": {
            "lower": 0.0038199999999999996,
            "upper": 0.00416
        },
        "ramp": {
            "lower": 1e-10,
            "upper": 0.5
        },
        "t_tot": {
            "lower": 116.25,
            "upper": 118.75
        }
    }
}