{
    "regime": "amp_1_wd_3_ramp_0_t75.0",
    "t_tot_center": 75.0,
    "best_t_tot": 75.0304903914651,
    "best_amp": 13.292922473541484,
    "best_w_d": 0.004159999905367408,
    "best_ramp": 0.15523091137163617,
    "best_value": 0.16444272438629004,
    "optimization_time": 1540.916035413742,
    "regime_bounds": {
        "amp": {
            "lower": 10.666666666666666,
            "upper": 13.333333333333332
        },
        "w_d": {
            "lower": 0.0038199999999999996,
            "upper": 0.00416
        },
        "ramp": {
            "lower": 1e-10,
            "upper": 0.5
        },
        "t_tot": {
            "lower": 73.75,
            "upper": 76.25
        }
    }
}