{
    "regime": "amp_5_wd_2_ramp_0_t87.5",
    "t_tot_center": 87.5,
    "best_t_tot": 87.56466184483695,
    "best_amp": 21.462064879725894,
    "best_w_d": 0.003758232764094982,
    "best_ramp": 0.1708388611029241,
    "best_value": 0.0012213415907845842,
    "optimization_time": 2902.6949784755707,
    "regime_bounds": {
        "amp": {
            "lower": 21.333333333333332,
            "upper": 24.0
        },
        "w_d": {
            "lower": 0.0034799999999999996,
            "upper": 0.0038199999999999996
        },
        "ramp": {
            "lower": 1e-10,
            "upper": 0.5
        },
        "t_tot": {
            "lower": 86.25,
            "upper": 88.75
        }
    }
}