{
    "regime": "amp_4_wd_4_ramp_0_t62.5",
    "t_tot_center": 62.5,
    "best_t_tot": 62.322851165926004,
    "best_amp": 18.697866523585734,
    "best_w_d": 0.00422883885134946,
    "best_ramp": 0.26679883249720243,
    "best_value": 0.005428685136909096,
    "optimization_time": 2690.204954624176,
    "regime_bounds": {
        "amp": {
            "lower": 18.666666666666664,
            "upper": 21.333333333333332
        },
        "w_d": {
            "lower": 0.00416,
            "upper": 0.0045
        },
        "ramp": {
            "lower": 1e-10,
            "upper": 0.5
        },
        "t_tot": {
            "lower": 61.25,
            "upper": 63.75
        }
    }
}