{
    "regime": "amp_0_wd_0_ramp_0_t57.5",
    "t_tot_center": 57.5,
    "best_t_tot": 56.25005933082275,
    "best_amp": 10.580601662406583,
    "best_w_d": 0.0029309408497657924,
    "best_ramp": 0.22076004857644463,
    "best_value": 0.011709021184626954,
    "optimization_time": 1433.768140554428,
    "regime_bounds": {
        "amp": {
            "lower": 8.0,
            "upper": 10.666666666666666
        },
        "w_d": {
            "lower": 0.0028,
            "upper": 0.00314
        },
        "ramp": {
            "lower": 1e-10,
            "upper": 0.5
        },
        "t_tot": {
            "lower": 56.25,
            "upper": 58.75
        }
    }
}