{
    "regime": "amp_1_wd_1_ramp_0_t87.5",
    "t_tot_center": 87.5,
    "best_t_tot": 86.9527624483974,
    "best_amp": 13.302540082300924,
    "best_w_d": 0.0034677041909732197,
    "best_ramp": 0.1119505819815272,
    "best_value": 0.28981596468663995,
    "optimization_time": 2338.250597715378,
    "regime_bounds": {
        "amp": {
            "lower": 10.666666666666666,
            "upper": 13.333333333333332
        },
        "w_d": {
            "lower": 0.00314,
            "upper": 0.0034799999999999996
        },
        "ramp": {
            "lower": 1e-10,
            "upper": 0.5
        },
        "t_tot": {
            "lower": 86.25,
            "upper": 88.75
        }
    }
}