{
    "regime": "amp_3_wd_3_ramp_0_t115.0",
    "t_tot_center": 115.0,
    "best_t_tot": 115.3008124260769,
    "best_amp": 16.18551754098684,
    "best_w_d": 0.0038421032886502694,
    "best_ramp": 0.1163758996160266,
    "best_value": 0.004873213753463246,
    "optimization_time": 3317.4263219833374,
    "regime_bounds": {
        "amp": {
            "lower": 16.0,
            "upper": 18.666666666666664
        },
        "w_d": {
            "lower": 0.0038199999999999996,
            "upper": 0.00416
        },
        "ramp": {
            "lower": 1e-10,
            "upper": 0.5
        },
        "t_tot": {
            "lower": 113.75,
            "upper": 116.25
        }
    }
}