{
    "regime": "amp_4_wd_2_ramp_0_t102.5",
    "t_tot_center": 102.5,
    "best_t_tot": 102.32926417008093,
    "best_amp": 18.746507110832308,
    "best_w_d": 0.003489047242311118,
    "best_ramp": 0.14016199263466075,
    "best_value": 0.00030003081174970566,
    "optimization_time": 3246.324319124222,
    "regime_bounds": {
        "amp": {
            "lower": 18.666666666666664,
            "upper": 21.333333333333332
        },
        "w_d": {
            "lower": 0.0034799999999999996,
            "upper": 0.0038199999999999996
        },
        "ramp": {
            "lower": 1e-10,
            "upper": 0.5
        },
        "t_tot": {
            "lower": 101.25,
            "upper": 103.75
        }
    }
}