{
    "regime": "amp_1_wd_0_ramp_0_t120.0",
    "t_tot_center": 120.0,
    "best_t_tot": 119.86854225321851,
    "best_amp": 11.975012251977214,
    "best_w_d": 0.0031392280860481378,
    "best_ramp": 0.08273063741534131,
    "best_value": 0.000415755075492282,
    "optimization_time": 3550.5494141578674,
    "regime_bounds": {
        "amp": {
            "lower": 10.666666666666666,
            "upper": 13.333333333333332
        },
        "w_d": {
            "lower": 0.0028,
            "upper": 0.00314
        },
        "ramp": {
            "lower": 1e-10,
            "upper": 0.5
        },
        "t_tot": {
            "lower": 118.75,
            "upper": 121.25
        }
    }
}