{
    "regime": "amp_4_wd_1_ramp_0_t102.5",
    "t_tot_center": 102.5,
    "best_t_tot": 102.68006151147448,
    "best_amp": 18.870176970614256,
    "best_w_d": 0.003277606611346754,
    "best_ramp": 0.13289392922538767,
    "best_value": 0.0012683086965540955,
    "optimization_time": 3305.362409353256,
    "regime_bounds": {
        "amp": {
            "lower": 18.666666666666664,
            "upper": 21.333333333333332
        },
        "w_d": {
            "lower": 0.00314,
            "upper": 0.0034799999999999996
        },
        "ramp": {
            "lower": 1e-10,
            "upper": 0.5
        },
        "t_tot": {
            "lower": 101.25,
            "upper": 103.75
        }
    }
}