{
    "regime": "amp_0_wd_3_ramp_0_t102.5",
    "t_tot_center": 102.5,
    "best_t_tot": 102.70979934504949,
    "best_amp": 10.488154141360363,
    "best_w_d": 0.003841710772914082,
    "best_ramp": 0.08164508222995456,
    "best_value": 0.00014124110888514698,
    "optimization_time": 2309.828685760498,
    "regime_bounds": {
        "amp": {
            "lower": 8.0,
            "upper": 10.666666666666666
        },
        "w_d": {
            "lower": 0.0038199999999999996,
            "upper": 0.00416
        },
        "ramp": {
            "lower": 1e-10,
            "upper": 0.5
        },
        "t_tot": {
            "lower": 101.25,
            "upper": 103.75
        }
    }
}