{
    "regime": "amp_1_wd_1_ramp_0_t95.0",
    "t_tot_center": 95.0,
    "best_t_tot": 96.24987299702222,
    "best_amp": 13.31164015268006,
    "best_w_d": 0.003446207379213806,
    "best_ramp": 0.08341066131074973,
    "best_value": 0.2338910584141241,
    "optimization_time": 3215.2275586128235,
    "regime_bounds": {
        "amp": {
            "lower": 10.666666666666666,
            "upper": 13.333333333333332
        },
        "w_d": {
            "lower": 0.00314,
            "upper": 0.0034799999999999996
        },
        "ramp": {
            "lower": 1e-10,
            "upper": 0.5
        },
        "t_tot": {
            "lower": 93.75,
            "upper": 96.25
        }
    }
}