{
    "regime": "amp_4_wd_0_ramp_0_t102.5",
    "t_tot_center": 102.5,
    "best_t_tot": 103.38265457391525,
    "best_amp": 18.900893422410373,
    "best_w_d": 0.0031240798653833553,
    "best_ramp": 0.11677962688905241,
    "best_value": 0.04661936557553838,
    "optimization_time": 3114.265041589737,
    "regime_bounds": {
        "amp": {
            "lower": 18.666666666666664,
            "upper": 21.333333333333332
        },
        "w_d": {
            "lower": 0.0028,
            "upper": 0.00314
        },
        "ramp": {
            "lower": 1e-10,
            "upper": 0.5
        },
        "t_tot": {
            "lower": 101.25,
            "upper": 103.75
        }
    }
}