{
    "regime": "amp_2_wd_2_ramp_0_t115.0",
    "t_tot_center": 115.0,
    "best_t_tot": 114.97636584617952,
    "best_amp": 13.383740145609211,
    "best_w_d": 0.003536549395400141,
    "best_ramp": 0.10288911885012791,
    "best_value": 1.795375267791626e-05,
    "optimization_time": 3674.503429889679,
    "regime_bounds": {
        "amp": {
            "lower": 13.333333333333332,
            "upper": 16.0
        },
        "w_d": {
            "lower": 0.0034799999999999996,
            "upper": 0.0038199999999999996
        },
        "ramp": {
            "lower": 1e-10,
            "upper": 0.5
        },
        "t_tot": {
            "lower": 113.75,
            "upper": 116.25
        }
    }
}