{
    "regime": "amp_5_wd_1_ramp_0_t87.5",
    "t_tot_center": 87.5,
    "best_t_tot": 87.5408706154392,
    "best_amp": 21.48880051680605,
    "best_w_d": 0.003457824640655309,
    "best_ramp": 0.18232418367420994,
    "best_value": 0.020269100372818375,
    "optimization_time": 3099.4730672836304,
    "regime_bounds": {
        "amp": {
            "lower": 21.333333333333332,
            "upper": 24.0
        },
        "w_d": {
            "lower": 0.00314,
            "upper": 0.0034799999999999996
        },
        "ramp": {
            "lower": 1e-10,
            "upper": 0.5
        },
        "t_tot": {
            "lower": 86.25,
            "upper": 88.75
        }
    }
}