{
    "regime": "amp_2_wd_3_ramp_0_t102.5",
    "t_tot_center": 102.5,
    "best_t_tot": 102.74219890336019,
    "best_amp": 15.882018830183187,
    "best_w_d": 0.003840990219096087,
    "best_ramp": 0.1658203053625649,
    "best_value": 3.699182946474472e-05,
    "optimization_time": 2727.2732894420624,
    "regime_bounds": {
        "amp": {
            "lower": 13.333333333333332,
            "upper": 16.0
        },
        "w_d": {
            "lower": 0.0038199999999999996,
            "upper": 0.00416
        },
        "ramp": {
            "lower": 1e-10,
            "upper": 0.5
        },
        "t_tot": {
            "lower": 101.25,
            "upper": 103.75
        }
    }
}