{
    "regime": "amp_2_wd_2_ramp_0_t52.5",
    "t_tot_center": 52.5,
    "best_t_tot": 53.67110945936121,
    "best_amp": 13.397923032599229,
    "best_w_d": 0.003610145484447639,
    "best_ramp": 0.2490824326360412,
    "best_value": 0.003144637105131815,
    "optimization_time": 1066.578450679779,
    "regime_bounds": {
        "amp": {
            "lower": 13.333333333333332,
            "upper": 16.0
        },
        "w_d": {
            "lower": 0.0034799999999999996,
            "upper": 0.0038199999999999996
        },
        "ramp": {
            "lower": 1e-10,
            "upper": 0.5
        },
        "t_tot": {
            "lower": 51.25,
            "upper": 53.75
        }
    }
}