{
    "regime": "amp_0_wd_4_ramp_0_t100.0",
    "t_tot_center": 100.0,
    "best_t_tot": 100.16686337344252,
    "best_amp": 10.298059212649482,
    "best_w_d": 0.004172459152934415,
    "best_ramp": 0.07353953740705133,
    "best_value": 0.0061531335373404975,
    "optimization_time": 3013.1581330299377,
    "regime_bounds": {
        "amp": {
            "lower": 8.0,
            "upper": 10.666666666666666
        },
        "w_d": {
            "lower": 0.00416,
            "upper": 0.0045
        },
        "ramp": {
            "lower": 1e-10,
            "upper": 0.5
        },
        "t_tot": {
            "lower": 98.75,
            "upper": 101.25
        }
    }
}