{
    "regime": "amp_3_wd_2_ramp_0_t100.0",
    "t_tot_center": 100.0,
    "best_t_tot": 100.2118156198729,
    "best_amp": 18.432645300671407,
    "best_w_d": 0.0035048712516131996,
    "best_ramp": 0.22089976526652905,
    "best_value": 0.024817685772267915,
    "optimization_time": 2809.362629890442,
    "regime_bounds": {
        "amp": {
            "lower": 16.0,
            "upper": 18.666666666666664
        },
        "w_d": {
            "lower": 0.0034799999999999996,
            "upper": 0.0038199999999999996
        },
        "ramp": {
            "lower": 1e-10,
            "upper": 0.5
        },
        "t_tot": {
            "lower": 98.75,
            "upper": 101.25
        }
    }
}