{
    "regime": "amp_3_wd_4_ramp_0_t110.0",
    "t_tot_center": 110.0,
    "best_t_tot": 109.87519003789761,
    "best_amp": 16.04243137848489,
    "best_w_d": 0.004162617790225924,
    "best_ramp": 0.06294380320597523,
    "best_value": 0.014270063662305852,
    "optimization_time": 2978.1430637836456,
    "regime_bounds": {
        "amp": {
            "lower": 16.0,
            "upper": 18.666666666666664
        },
        "w_d": {
            "lower": 0.00416,
            "upper": 0.0045
        },
        "ramp": {
            "lower": 1e-10,
            "upper": 0.5
        },
        "t_tot": {
            "lower": 108.75,
            "upper": 111.25
        }
    }
}