{
    "regime": "amp_0_wd_3_ramp_0_t117.5",
    "t_tot_center": 117.5,
    "best_t_tot": 117.53487630270351,
    "best_amp": 10.539423236525263,
    "best_w_d": 0.003820000290742443,
    "best_ramp": 0.1266630433814793,
    "best_value": 0.00012119027093569231,
    "optimization_time": 2824.611491203308,
    "regime_bounds": {
        "amp": {
            "lower": 8.0,
            "upper": 10.666666666666666
        },
        "w_d": {
            "lower": 0.0038199999999999996,
            "upper": 0.00416
        },
        "ramp": {
            "lower": 1e-10,
            "upper": 0.5
        },
        "t_tot": {
            "lower": 116.25,
            "upper": 118.75
        }
    }
}