{
    "regime": "amp_5_wd_2_ramp_0_t77.5",
    "t_tot_center": 77.5,
    "best_t_tot": 77.62266844377798,
    "best_amp": 21.52420261222037,
    "best_w_d": 0.003775500974248945,
    "best_ramp": 0.17371220408222784,
    "best_value": 0.02825745730165794,
    "optimization_time": 2716.8945779800415,
    "regime_bounds": {
        "amp": {
            "lower": 21.333333333333332,
            "upper": 24.0
        },
        "w_d": {
            "lower": 0.0034799999999999996,
            "upper": 0.0038199999999999996
        },
        "ramp": {
            "lower": 1e-10,
            "upper": 0.5
        },
        "t_tot": {
            "lower": 76.25,
            "upper": 78.75
        }
    }
}