{
    "regime": "amp_2_wd_4_ramp_0_t107.5",
    "t_tot_center": 107.5,
    "best_t_tot": 107.5784876037733,
    "best_amp": 13.37303281254523,
    "best_w_d": 0.00418295224508111,
    "best_ramp": 0.026566595310382846,
    "best_value": 0.02809650733655658,
    "optimization_time": 2525.4482564926147,
    "regime_bounds": {
        "amp": {
            "lower": 13.333333333333332,
            "upper": 16.0
        },
        "w_d": {
            "lower": 0.00416,
            "upper": 0.0045
        },
        "ramp": {
            "lower": 1e-10,
            "upper": 0.5
        },
        "t_tot": {
            "lower": 106.25,
            "upper": 108.75
        }
    }
}