{
    "regime": "amp_3_wd_3_ramp_0_t112.5",
    "t_tot_center": 112.5,
    "best_t_tot": 112.48523962771654,
    "best_amp": 16.47421071992901,
    "best_w_d": 0.0038620510927917617,
    "best_ramp": 0.12355477515418996,
    "best_value": 0.0011506396461956818,
    "optimization_time": 4255.372920036316,
    "regime_bounds": {
        "amp": {
            "lower": 16.0,
            "upper": 18.666666666666664
        },
        "w_d": {
            "lower": 0.0038199999999999996,
            "upper": 0.00416
        },
        "ramp": {
            "lower": 1e-10,
            "upper": 0.5
        },
        "t_tot": {
            "lower": 111.25,
            "upper": 113.75
        }
    }
}