{
    "regime": "amp_5_wd_4_ramp_0_t52.5",
    "t_tot_center": 52.5,
    "best_t_tot": 52.706365745136445,
    "best_amp": 21.458089699172998,
    "best_w_d": 0.004210542193171208,
    "best_ramp": 0.2673692992334689,
    "best_value": 0.044698293969472044,
    "optimization_time": 1156.3812024593353,
    "regime_bounds": {
        "amp": {
            "lower": 21.333333333333332,
            "upper": 24.0
        },
        "w_d": {
            "lower": 0.00416,
            "upper": 0.0045
        },
        "ramp": {
            "lower": 1e-10,
            "upper": 0.5
        },
        "t_tot": {
            "lower": 51.25,
            "upper": 53.75
        }
    }
}