{
    "regime": "amp_4_wd_0_ramp_0_t55.0",
    "t_tot_center": 55.0,
    "best_t_tot": 54.74197868987736,
    "best_amp": 18.892329895847546,
    "best_w_d": 0.003105769475569389,
    "best_ramp": 0.2883708447898939,
    "best_value": 0.04317437241182023,
    "optimization_time": 2904.689038991928,
    "regime_bounds": {
        "amp": {
            "lower": 18.666666666666664,
            "upper": 21.333333333333332
        },
        "w_d": {
            "lower": 0.0028,
            "upper": 0.00314
        },
        "ramp": {
            "lower": 1e-10,
            "upper": 0.5
        },
        "t_tot": {
            "lower": 53.75,
            "upper": 56.25
        }
    }
}