{
    "regime": "amp_4_wd_1_ramp_0_t112.5",
    "t_tot_center": 112.5,
    "best_t_tot": 112.36137939621575,
    "best_amp": 18.810916909421532,
    "best_w_d": 0.0034799997240645567,
    "best_ramp": 0.043974735108552127,
    "best_value": 0.05450703992355323,
    "optimization_time": 4148.204337596893,
    "regime_bounds": {
        "amp": {
            "lower": 18.666666666666664,
            "upper": 21.333333333333332
        },
        "w_d": {
            "lower": 0.00314,
            "upper": 0.0034799999999999996
        },
        "ramp": {
            "lower": 1e-10,
            "upper": 0.5
        },
        "t_tot": {
            "lower": 111.25,
            "upper": 113.75
        }
    }
}