{
    "regime": "amp_3_wd_1_ramp_0_t97.5",
    "t_tot_center": 97.5,
    "best_t_tot": 98.42814421904784,
    "best_amp": 18.65738366845063,
    "best_w_d": 0.003291289495159026,
    "best_ramp": 0.12471316091614894,
    "best_value": 0.03878593281547978,
    "optimization_time": 2218.7971119880676,
    "regime_bounds": {
        "amp": {
            "lower": 16.0,
            "upper": 18.666666666666664
        },
        "w_d": {
            "lower": 0.00314,
            "upper": 0.0034799999999999996
        },
        "ramp": {
            "lower": 1e-10,
            "upper": 0.5
        },
        "t_tot": {
            "lower": 96.25,
            "upper": 98.75
        }
    }
}