{
    "regime": "amp_1_wd_1_ramp_0_t55.0",
    "t_tot_center": 55.0,
    "best_t_tot": 54.59689565926866,
    "best_amp": 11.875413090231806,
    "best_w_d": 0.0034537121414622493,
    "best_ramp": 0.26290102134121024,
    "best_value": 0.004198715227604362,
    "optimization_time": 1748.3249146938324,
    "regime_bounds": {
        "amp": {
            "lower": 10.666666666666666,
            "upper": 13.333333333333332
        },
        "w_d": {
            "lower": 0.00314,
            "upper": 0.0034799999999999996
        },
        "ramp": {
            "lower": 1e-10,
            "upper": 0.5
        },
        "t_tot": {
            "lower": 53.75,
            "upper": 56.25
        }
    }
}