{
    "regime": "amp_0_wd_1_ramp_0_t112.5",
    "t_tot_center": 112.5,
    "best_t_tot": 112.99230390407737,
    "best_amp": 10.595877570413302,
    "best_w_d": 0.003428146489385483,
    "best_ramp": 0.07146653771264715,
    "best_value": 0.0031420029750149382,
    "optimization_time": 1426.608291387558,
    "regime_bounds": {
        "amp": {
            "lower": 8.0,
            "upper": 10.666666666666666
        },
        "w_d": {
            "lower": 0.00314,
            "upper": 0.0034799999999999996
        },
        "ramp": {
            "lower": 1e-10,
            "upper": 0.5
        },
        "t_tot": {
            "lower": 111.25,
            "upper": 113.75
        }
    }
}