{
    "regime": "amp_1_wd_4_ramp_0_t117.5",
    "t_tot_center": 117.5,
    "best_t_tot": 117.3765499625941,
    "best_amp": 12.298193078268515,
    "best_w_d": 0.00419104584493574,
    "best_ramp": 0.1256870654382898,
    "best_value": 0.006594217704381967,
    "optimization_time": 5438.183069944382,
    "regime_bounds": {
        "amp": {
            "lower": 10.666666666666666,
            "upper": 13.333333333333332
        },
        "w_d": {
            "lower": 0.00416,
            "upper": 0.0045
        },
        "ramp": {
            "lower": 1e-10,
            "upper": 0.5
        },
        "t_tot": {
            "lower": 116.25,
            "upper": 118.75
        }
    }
}