{
    "regime": "amp_5_wd_3_ramp_0_t120.0",
    "t_tot_center": 120.0,
    "best_t_tot": 120.2376514214288,
    "best_amp": 21.377049670764833,
    "best_w_d": 0.0038654081982837335,
    "best_ramp": 0.14571911492699152,
    "best_value": 0.0003145392214627753,
    "optimization_time": 3829.033190011978,
    "regime_bounds": {
        "amp": {
            "lower": 21.333333333333332,
            "upper": 24.0
        },
        "w_d": {
            "lower": 0.0038199999999999996,
            "upper": 0.00416
        },
        "ramp": {
            "lower": 1e-10,
            "upper": 0.5
        },
        "t_tot": {
            "lower": 118.75,
            "upper": 121.25
        }
    }
}