{
    "regime": "amp_0_wd_1_ramp_0_t107.5",
    "t_tot_center": 107.5,
    "best_t_tot": 108.74999126451915,
    "best_amp": 10.587642174275363,
    "best_w_d": 0.003479999441301767,
    "best_ramp": 0.06591787992182328,
    "best_value": 0.03411985808195549,
    "optimization_time": 2371.6072330474854,
    "regime_bounds": {
        "amp": {
            "lower": 8.0,
            "upper": 10.666666666666666
        },
        "w_d": {
            "lower": 0.00314,
            "upper": 0.0034799999999999996
        },
        "ramp": {
            "lower": 1e-10,
            "upper": 0.5
        },
        "t_tot": {
            "lower": 106.25,
            "upper": 108.75
        }
    }
}