{
    "regime": "amp_3_wd_2_ramp_0_t80.0",
    "t_tot_center": 80.0,
    "best_t_tot": 79.95486370189063,
    "best_amp": 16.59607116256258,
    "best_w_d": 0.0038168467721053116,
    "best_ramp": 0.15493600874815003,
    "best_value": 0.06900630217526912,
    "optimization_time": 3271.837886571884,
    "regime_bounds": {
        "amp": {
            "lower": 16.0,
            "upper": 18.666666666666664
        },
        "w_d": {
            "lower": 0.0034799999999999996,
            "upper": 0.0038199999999999996
        },
        "ramp": {
            "lower": 1e-10,
            "upper": 0.5
        },
        "t_tot": {
            "lower": 78.75,
            "upper": 81.25
        }
    }
}