{
    "regime": "amp_4_wd_4_ramp_0_t52.5",
    "t_tot_center": 52.5,
    "best_t_tot": 53.340076306751655,
    "best_amp": 18.678231444717873,
    "best_w_d": 0.004187673377632576,
    "best_ramp": 0.2354648361479895,
    "best_value": 0.029021183748152116,
    "optimization_time": 2625.8102011680603,
    "regime_bounds": {
        "amp": {
            "lower": 18.666666666666664,
            "upper": 21.333333333333332
        },
        "w_d": {
            "lower": 0.00416,
            "upper": 0.0045
        },
        "ramp": {
            "lower": 1e-10,
            "upper": 0.5
        },
        "t_tot": {
            "lower": 51.25,
            "upper": 53.75
        }
    }
}