{
    "regime": "amp_2_wd_3_ramp_0_t77.5",
    "t_tot_center": 77.5,
    "best_t_tot": 78.74998211893423,
    "best_amp": 15.886696663750671,
    "best_w_d": 0.004153947440547688,
    "best_ramp": 0.13822200245959407,
    "best_value": 0.06264752775008406,
    "optimization_time": 1968.4657320976257,
    "regime_bounds": {
        "amp": {
            "lower": 13.333333333333332,
            "upper": 16.0
        },
        "w_d": {
            "lower": 0.0038199999999999996,
            "upper": 0.00416
        },
        "ramp": {
            "lower": 1e-10,
            "upper": 0.5
        },
        "t_tot": {
            "lower": 76.25,
            "upper": 78.75
        }
    }
}