{
    "regime": "amp_4_wd_3_ramp_0_t77.5",
    "t_tot_center": 77.5,
    "best_t_tot": 78.07542755383977,
    "best_amp": 19.487678300589263,
    "best_w_d": 0.004143893575263423,
    "best_ramp": 0.15178849585802942,
    "best_value": 0.013561080288464415,
    "optimization_time": 2498.2463018894196,
    "regime_bounds": {
        "amp": {
            "lower": 18.666666666666664,
            "upper": 21.333333333333332
        },
        "w_d": {
            "lower": 0.0038199999999999996,
            "upper": 0.00416
        },
        "ramp": {
            "lower": 1e-10,
            "upper": 0.5
        },
        "t_tot": {
            "lower": 76.25,
            "upper": 78.75
        }
    }
}