{
    "regime": "amp_2_wd_1_ramp_0_t75.0",
    "t_tot_center": 75.0,
    "best_t_tot": 75.02340180679411,
    "best_amp": 15.973982193154194,
    "best_w_d": 0.003451435485449228,
    "best_ramp": 0.14593633872318454,
    "best_value": 0.14473382353994405,
    "optimization_time": 2925.1322827339172,
    "regime_bounds": {
        "amp": {
            "lower": 13.333333333333332,
            "upper": 16.0
        },
        "w_d": {
            "lower": 0.00314,
            "upper": 0.0034799999999999996
        },
        "ramp": {
            "lower": 1e-10,
            "upper": 0.5
        },
        "t_tot": {
            "lower": 73.75,
            "upper": 76.25
        }
    }
}