{
    "regime": "amp_2_wd_3_ramp_0_t72.5",
    "t_tot_center": 72.5,
    "best_t_tot": 72.99581679973231,
    "best_amp": 15.999999081690708,
    "best_w_d": 0.0041599925731771745,
    "best_ramp": 0.14562362888288696,
    "best_value": 0.05845160663078172,
    "optimization_time": 2560.583427429199,
    "regime_bounds": {
        "amp": {
            "lower": 13.333333333333332,
            "upper": 16.0
        },
        "w_d": {
            "lower": 0.0038199999999999996,
            "upper": 0.00416
        },
        "ramp": {
            "lower": 1e-10,
            "upper": 0.5
        },
        "t_tot": {
            "lower": 71.25,
            "upper": 73.75
        }
    }
}