{
    "regime": "amp_4_wd_3_ramp_0_t57.5",
    "t_tot_center": 57.5,
    "best_t_tot": 57.90535434387146,
    "best_amp": 18.79738436843207,
    "best_w_d": 0.003823709729951248,
    "best_ramp": 0.27491002180630036,
    "best_value": 0.02147036284222597,
    "optimization_time": 2820.139075756073,
    "regime_bounds": {
        "amp": {
            "lower": 18.666666666666664,
            "upper": 21.333333333333332
        },
        "w_d": {
            "lower": 0.0038199999999999996,
            "upper": 0.00416
        },
        "ramp": {
            "lower": 1e-10,
            "upper": 0.5
        },
        "t_tot": {
            "lower": 56.25,
            "upper": 58.75
        }
    }
}