{
    "regime": "amp_0_wd_0_ramp_0_t80.0",
    "t_tot_center": 80.0,
    "best_t_tot": 78.7501309363477,
    "best_amp": 10.663452692232207,
    "best_w_d": 0.003139999094277252,
    "best_ramp": 0.12267337351550023,
    "best_value": 0.6972505984465636,
    "optimization_time": 4736.99920463562,
    "regime_bounds": {
        "amp": {
            "lower": 8.0,
            "upper": 10.666666666666666
        },
        "w_d": {
            "lower": 0.0028,
            "upper": 0.00314
        },
        "ramp": {
            "lower": 1e-10,
            "upper": 0.5
        },
        "t_tot": {
            "lower": 78.75,
            "upper": 81.25
        }
    }
}