{
    "regime": "amp_3_wd_1_ramp_0_t100.0",
    "t_tot_center": 100.0,
    "best_t_tot": 100.643131688297,
    "best_amp": 17.98834455665153,
    "best_w_d": 0.0033668056350272158,
    "best_ramp": 0.12818604570656217,
    "best_value": 0.0014074104598118112,
    "optimization_time": 2146.7239084243774,
    "regime_bounds": {
        "amp": {
            "lower": 16.0,
            "upper": 18.666666666666664
        },
        "w_d": {
            "lower": 0.00314,
            "upper": 0.0034799999999999996
        },
        "ramp": {
            "lower": 1e-10,
            "upper": 0.5
        },
        "t_tot": {
            "lower": 98.75,
            "upper": 101.25
        }
    }
}