{
    "regime": "amp_2_wd_4_ramp_0_t72.5",
    "t_tot_center": 72.5,
    "best_t_tot": 72.13932384344574,
    "best_amp": 15.9324454544495,
    "best_w_d": 0.0042919418679159575,
    "best_ramp": 0.16665053895111315,
    "best_value": 0.04798358438596553,
    "optimization_time": 2349.133798122406,
    "regime_bounds": {
        "amp": {
            "lower": 13.333333333333332,
            "upper": 16.0
        },
        "w_d": {
            "lower": 0.00416,
            "upper": 0.0045
        },
        "ramp": {
            "lower": 1e-10,
            "upper": 0.5
        },
        "t_tot": {
            "lower": 71.25,
            "upper": 73.75
        }
    }
}