{
    "regime": "amp_4_wd_3_ramp_0_t82.5",
    "t_tot_center": 82.5,
    "best_t_tot": 82.47605990015177,
    "best_amp": 18.923664016527493,
    "best_w_d": 0.004138521487260811,
    "best_ramp": 0.19503872941136494,
    "best_value": 0.0018585624921446536,
    "optimization_time": 3583.1137342453003,
    "regime_bounds": {
        "amp": {
            "lower": 18.666666666666664,
            "upper": 21.333333333333332
        },
        "w_d": {
            "lower": 0.0038199999999999996,
            "upper": 0.00416
        },
        "ramp": {
            "lower": 1e-10,
            "upper": 0.5
        },
        "t_tot": {
            "lower": 81.25,
            "upper": 83.75
        }
    }
}