{
    "regime": "amp_1_wd_3_ramp_0_t105.0",
    "t_tot_center": 105.0,
    "best_t_tot": 105.05128351205282,
    "best_amp": 12.82196954691695,
    "best_w_d": 0.0038559714797852533,
    "best_ramp": 0.12486944908114664,
    "best_value": 6.413788478848025e-05,
    "optimization_time": 2190.9583735466003,
    "regime_bounds": {
        "amp": {
            "lower": 10.666666666666666,
            "upper": 13.333333333333332
        },
        "w_d": {
            "lower": 0.0038199999999999996,
            "upper": 0.00416
        },
        "ramp": {
            "lower": 1e-10,
            "upper": 0.5
        },
        "t_tot": {
            "lower": 103.75,
            "upper": 106.25
        }
    }
}