{
    "regime": "amp_0_wd_3_ramp_0_t77.5",
    "t_tot_center": 77.5,
    "best_t_tot": 76.93370533798148,
    "best_amp": 10.660509778260337,
    "best_w_d": 0.004159999979788349,
    "best_ramp": 0.1560388997896159,
    "best_value": 0.442536446204398,
    "optimization_time": 1947.3263356685638,
    "regime_bounds": {
        "amp": {
            "lower": 8.0,
            "upper": 10.666666666666666
        },
        "w_d": {
            "lower": 0.0038199999999999996,
            "upper": 0.00416
        },
        "ramp": {
            "lower": 1e-10,
            "upper": 0.5
        },
        "t_tot": {
            "lower": 76.25,
            "upper": 78.75
        }
    }
}