{
    "regime": "amp_3_wd_3_ramp_0_t90.0",
    "t_tot_center": 90.0,
    "best_t_tot": 89.04244450601661,
    "best_amp": 16.263674729718478,
    "best_w_d": 0.004033823214553594,
    "best_ramp": 0.17429864811943602,
    "best_value": 0.000123898169337098,
    "optimization_time": 2757.7004766464233,
    "regime_bounds": {
        "amp": {
            "lower": 16.0,
            "upper": 18.666666666666664
        },
        "w_d": {
            "lower": 0.0038199999999999996,
            "upper": 0.00416
        },
        "ramp": {
            "lower": 1e-10,
            "upper": 0.5
        },
        "t_tot": {
            "lower": 88.75,
            "upper": 91.25
        }
    }
}