{
    "regime": "amp_1_wd_3_ramp_0_t110.0",
    "t_tot_center": 110.0,
    "best_t_tot": 110.15084537085959,
    "best_amp": 10.731762145944062,
    "best_w_d": 0.0038549036309191657,
    "best_ramp": 0.07730948223523094,
    "best_value": 0.002152117732378717,
    "optimization_time": 2203.732690811157,
    "regime_bounds": {
        "amp": {
            "lower": 10.666666666666666,
            "upper": 13.333333333333332
        },
        "w_d": {
            "lower": 0.0038199999999999996,
            "upper": 0.00416
        },
        "ramp": {
            "lower": 1e-10,
            "upper": 0.5
        },
        "t_tot": {
            "lower": 108.75,
            "upper": 111.25
        }
    }
}