{
    "regime": "amp_3_wd_2_ramp_0_t60.0",
    "t_tot_center": 60.0,
    "best_t_tot": 60.428712975255884,
    "best_amp": 16.268277460025487,
    "best_w_d": 0.0034848658197655295,
    "best_ramp": 0.30729736446021866,
    "best_value": 0.005438732384414398,
    "optimization_time": 1827.8076610565186,
    "regime_bounds": {
        "amp": {
            "lower": 16.0,
            "upper": 18.666666666666664
        },
        "w_d": {
            "lower": 0.0034799999999999996,
            "upper": 0.0038199999999999996
        },
        "ramp": {
            "lower": 1e-10,
            "upper": 0.5
        },
        "t_tot": {
            "lower": 58.75,
            "upper": 61.25
        }
    }
}