{
    "regime": "amp_5_wd_3_ramp_0_t65.0",
    "t_tot_center": 65.0,
    "best_t_tot": 65.09246418394255,
    "best_amp": 21.33629928606064,
    "best_w_d": 0.0038293306365229946,
    "best_ramp": 0.21423863569005044,
    "best_value": 0.0030240040374213462,
    "optimization_time": 2889.1789298057556,
    "regime_bounds": {
        "amp": {
            "lower": 21.333333333333332,
            "upper": 24.0
        },
        "w_d": {
            "lower": 0.0038199999999999996,
            "upper": 0.00416
        },
        "ramp": {
            "lower": 1e-10,
            "upper": 0.5
        },
        "t_tot": {
            "lower": 63.75,
            "upper": 66.25
        }
    }
}