{
    "regime": "amp_0_wd_4_ramp_0_t57.5",
    "t_tot_center": 57.5,
    "best_t_tot": 56.250061912369404,
    "best_amp": 10.666666343632086,
    "best_w_d": 0.004264725836767368,
    "best_ramp": 0.23342519787769175,
    "best_value": 0.43229562370646785,
    "optimization_time": 1711.2304546833038,
    "regime_bounds": {
        "amp": {
            "lower": 8.0,
            "upper": 10.666666666666666
        },
        "w_d": {
            "lower": 0.00416,
            "upper": 0.0045
        },
        "ramp": {
            "lower": 1e-10,
            "upper": 0.5
        },
        "t_tot": {
            "lower": 56.25,
            "upper": 58.75
        }
    }
}