{
    "regime": "amp_1_wd_2_ramp_0_t112.5",
    "t_tot_center": 112.5,
    "best_t_tot": 112.68802273789392,
    "best_amp": 10.9324525069151,
    "best_w_d": 0.0035524753525890715,
    "best_ramp": 0.10783697065262055,
    "best_value": 3.719955849531955e-05,
    "optimization_time": 1942.9837555885315,
    "regime_bounds": {
        "amp": {
            "lower": 10.666666666666666,
            "upper": 13.333333333333332
        },
        "w_d": {
            "lower": 0.0034799999999999996,
            "upper": 0.0038199999999999996
        },
        "ramp": {
            "lower": 1e-10,
            "upper": 0.5
        },
        "t_tot": {
            "lower": 111.25,
            "upper": 113.75
        }
    }
}