{
    "regime": "amp_3_wd_4_ramp_0_t62.5",
    "t_tot_center": 62.5,
    "best_t_tot": 62.41662419897635,
    "best_amp": 16.57344344458865,
    "best_w_d": 0.004181028545908957,
    "best_ramp": 0.24502304973276928,
    "best_value": 0.041734323265731746,
    "optimization_time": 1463.7670321464539,
    "regime_bounds": {
        "amp": {
            "lower": 16.0,
            "upper": 18.666666666666664
        },
        "w_d": {
            "lower": 0.00416,
            "upper": 0.0045
        },
        "ramp": {
            "lower": 1e-10,
            "upper": 0.5
        },
        "t_tot": {
            "lower": 61.25,
            "upper": 63.75
        }
    }
}