{
    "regime": "amp_3_wd_2_ramp_0_t52.5",
    "t_tot_center": 52.5,
    "best_t_tot": 53.74999999996011,
    "best_amp": 16.18121123590227,
    "best_w_d": 0.0035862660347946176,
    "best_ramp": 0.34611777864008286,
    "best_value": 0.00742497518402853,
    "optimization_time": 1999.1819434165955,
    "regime_bounds": {
        "amp": {
            "lower": 16.0,
            "upper": 18.666666666666664
        },
        "w_d": {
            "lower": 0.0034799999999999996,
            "upper": 0.0038199999999999996
        },
        "ramp": {
            "lower": 1e-10,
            "upper": 0.5
        },
        "t_tot": {
            "lower": 51.25,
            "upper": 53.75
        }
    }
}