{
    "regime": "amp_0_wd_3_ramp_0_t87.5",
    "t_tot_center": 87.5,
    "best_t_tot": 88.74999878877172,
    "best_amp": 10.665199581051937,
    "best_w_d": 0.0041599999736384695,
    "best_ramp": 0.07781780982011793,
    "best_value": 0.12828546423116172,
    "optimization_time": 1813.4276585578918,
    "regime_bounds": {
        "amp": {
            "lower": 8.0,
            "upper": 10.666666666666666
        },
        "w_d": {
            "lower": 0.0038199999999999996,
            "upper": 0.00416
        },
        "ramp": {
            "lower": 1e-10,
            "upper": 0.5
        },
        "t_tot": {
            "lower": 86.25,
            "upper": 88.75
        }
    }
}