{
    "regime": "amp_0_wd_1_ramp_0_t52.5",
    "t_tot_center": 52.5,
    "best_t_tot": 51.25002299368653,
    "best_amp": 10.650116666370414,
    "best_w_d": 0.0034360161391482555,
    "best_ramp": 0.27698667161116625,
    "best_value": 0.018889109518183393,
    "optimization_time": 5051.512570381165,
    "regime_bounds": {
        "amp": {
            "lower": 8.0,
            "upper": 10.666666666666666
        },
        "w_d": {
            "lower": 0.00314,
            "upper": 0.0034799999999999996
        },
        "ramp": {
            "lower": 1e-10,
            "upper": 0.5
        },
        "t_tot": {
            "lower": 51.25,
            "upper": 53.75
        }
    }
}