{
    "regime": "amp_0_wd_4_ramp_0_t102.5",
    "t_tot_center": 102.5,
    "best_t_tot": 102.18359652713546,
    "best_amp": 10.192653725049812,
    "best_w_d": 0.004160015020501449,
    "best_ramp": 0.09904577289143669,
    "best_value": 0.00029369216462421483,
    "optimization_time": 2430.186567544937,
    "regime_bounds": {
        "amp": {
            "lower": 8.0,
            "upper": 10.666666666666666
        },
        "w_d": {
            "lower": 0.00416,
            "upper": 0.0045
        },
        "ramp": {
            "lower": 1e-10,
            "upper": 0.5
        },
        "t_tot": {
            "lower": 101.25,
            "upper": 103.75
        }
    }
}