{
    "regime": "amp_1_wd_3_ramp_0_t112.5",
    "t_tot_center": 112.5,
    "best_t_tot": 112.22518923328036,
    "best_amp": 11.284460862474154,
    "best_w_d": 0.003912040562930463,
    "best_ramp": 0.15175451274113794,
    "best_value": 4.536858338216807e-06,
    "optimization_time": 2124.2050652503967,
    "regime_bounds": {
        "amp": {
            "lower": 10.666666666666666,
            "upper": 13.333333333333332
        },
        "w_d": {
            "lower": 0.0038199999999999996,
            "upper": 0.00416
        },
        "ramp": {
            "lower": 1e-10,
            "upper": 0.5
        },
        "t_tot": {
            "lower": 111.25,
            "upper": 113.75
        }
    }
}