{
    "regime": "amp_3_wd_1_ramp_0_t70.0",
    "t_tot_center": 70.0,
    "best_t_tot": 69.45864212592637,
    "best_amp": 18.61813112896225,
    "best_w_d": 0.00343795692034557,
    "best_ramp": 0.18021946264724115,
    "best_value": 0.024920400815994025,
    "optimization_time": 1335.9601242542267,
    "regime_bounds": {
        "amp": {
            "lower": 16.0,
            "upper": 18.666666666666664
        },
        "w_d": {
            "lower": 0.00314,
            "upper": 0.0034799999999999996
        },
        "ramp": {
            "lower": 1e-10,
            "upper": 0.5
        },
        "t_tot": {
            "lower": 68.75,
            "upper": 71.25
        }
    }
}