{
    "regime": "amp_1_wd_0_ramp_0_t62.5",
    "t_tot_center": 62.5,
    "best_t_tot": 62.40626001260389,
    "best_amp": 12.801659995057774,
    "best_w_d": 0.002950711493987254,
    "best_ramp": 0.2504992065839413,
    "best_value": 1.959305018744126e-05,
    "optimization_time": 2322.639078617096,
    "regime_bounds": {
        "amp": {
            "lower": 10.666666666666666,
            "upper": 13.333333333333332
        },
        "w_d": {
            "lower": 0.0028,
            "upper": 0.00314
        },
        "ramp": {
            "lower": 1e-10,
            "upper": 0.5
        },
        "t_tot": {
            "lower": 61.25,
            "upper": 63.75
        }
    }
}