{
    "regime": "amp_2_wd_2_ramp_0_t97.5",
    "t_tot_center": 97.5,
    "best_t_tot": 97.95993168198406,
    "best_amp": 15.999434116400076,
    "best_w_d": 0.003506724619542643,
    "best_ramp": 0.10578517732278528,
    "best_value": 0.009436962839770136,
    "optimization_time": 2313.034006357193,
    "regime_bounds": {
        "amp": {
            "lower": 13.333333333333332,
            "upper": 16.0
        },
        "w_d": {
            "lower": 0.0034799999999999996,
            "upper": 0.0038199999999999996
        },
        "ramp": {
            "lower": 1e-10,
            "upper": 0.5
        },
        "t_tot": {
            "lower": 96.25,
            "upper": 98.75
        }
    }
}