{
    "regime": "amp_0_wd_2_ramp_0_t87.5",
    "t_tot_center": 87.5,
    "best_t_tot": 88.74995509862137,
    "best_amp": 10.666659784438624,
    "best_w_d": 0.0038032088774123166,
    "best_ramp": 0.068830335239485,
    "best_value": 0.4544567796383727,
    "optimization_time": 1654.1327230930328,
    "regime_bounds": {
        "amp": {
            "lower": 8.0,
            "upper": 10.666666666666666
        },
        "w_d": {
            "lower": 0.0034799999999999996,
            "upper": 0.0038199999999999996
        },
        "ramp": {
            "lower": 1e-10,
            "upper": 0.5
        },
        "t_tot": {
            "lower": 86.25,
            "upper": 88.75
        }
    }
}