{
    "regime": "amp_3_wd_1_ramp_0_t87.5",
    "t_tot_center": 87.5,
    "best_t_tot": 87.77823606022137,
    "best_amp": 17.33717268845658,
    "best_w_d": 0.003457824147698986,
    "best_ramp": 0.14874919702071016,
    "best_value": 0.08809593969818387,
    "optimization_time": 1621.5275139808655,
    "regime_bounds": {
        "amp": {
            "lower": 16.0,
            "upper": 18.666666666666664
        },
        "w_d": {
            "lower": 0.00314,
            "upper": 0.0034799999999999996
        },
        "ramp": {
            "lower": 1e-10,
            "upper": 0.5
        },
        "t_tot": {
            "lower": 86.25,
            "upper": 88.75
        }
    }
}