{
    "regime": "amp_5_wd_2_ramp_0_t120.0",
    "t_tot_center": 120.0,
    "best_t_tot": 119.94822854361321,
    "best_amp": 21.810585269501797,
    "best_w_d": 0.003620283992335678,
    "best_ramp": 0.1087727791695467,
    "best_value": 9.119798359067099e-05,
    "optimization_time": 1903.7136447429657,
    "regime_bounds": {
        "amp": {
            "lower": 21.333333333333332,
            "upper": 24.0
        },
        "w_d": {
            "lower": 0.0034799999999999996,
            "upper": 0.0038199999999999996
        },
        "ramp": {
            "lower": 1e-10,
            "upper": 0.5
        },
        "t_tot": {
            "lower": 118.75,
            "upper": 121.25
        }
    }
}