{
    "regime": "amp_5_wd_0_ramp_0_t82.5",
    "t_tot_center": 82.5,
    "best_t_tot": 82.11444283659546,
    "best_amp": 21.47703965261603,
    "best_w_d": 0.0030432549730879826,
    "best_ramp": 0.22182079600147764,
    "best_value": 0.00013068614901732062,
    "optimization_time": 4451.530473947525,
    "regime_bounds": {
        "amp": {
            "lower": 21.333333333333332,
            "upper": 24.0
        },
        "w_d": {
            "lower": 0.0028,
            "upper": 0.00314
        },
        "ramp": {
            "lower": 1e-10,
            "upper": 0.5
        },
        "t_tot": {
            "lower": 81.25,
            "upper": 83.75
        }
    }
}