{
    "regime": "amp_5_wd_1_ramp_0_t60.0",
    "t_tot_center": 60.0,
    "best_t_tot": 60.18718552338401,
    "best_amp": 21.357118336058107,
    "best_w_d": 0.003198392869623455,
    "best_ramp": 0.33287407203323277,
    "best_value": 0.02981000654684731,
    "optimization_time": 3838.3351879119873,
    "regime_bounds": {
        "amp": {
            "lower": 21.333333333333332,
            "upper": 24.0
        },
        "w_d": {
            "lower": 0.00314,
            "upper": 0.0034799999999999996
        },
        "ramp": {
            "lower": 1e-10,
            "upper": 0.5
        },
        "t_tot": {
            "lower": 58.75,
            "upper": 61.25
        }
    }
}