{
    "regime": "amp_5_wd_2_ramp_0_t60.0",
    "t_tot_center": 60.0,
    "best_t_tot": 60.656376507749464,
    "best_amp": 21.765822760930885,
    "best_w_d": 0.003625624669423626,
    "best_ramp": 0.47045082174958347,
    "best_value": 0.004443745677606499,
    "optimization_time": 1765.9714868068695,
    "regime_bounds": {
        "amp": {
            "lower": 21.333333333333332,
            "upper": 24.0
        },
        "w_d": {
            "lower": 0.0034799999999999996,
            "upper": 0.0038199999999999996
        },
        "ramp": {
            "lower": 1e-10,
            "upper": 0.5
        },
        "t_tot": {
            "lower": 58.75,
            "upper": 61.25
        }
    }
}