{
    "regime": "amp_0_wd_3_ramp_0_t57.5",
    "t_tot_center": 57.5,
    "best_t_tot": 56.25031238684795,
    "best_amp": 10.66490651232809,
    "best_w_d": 0.003831242894273231,
    "best_ramp": 0.39722717663989476,
    "best_value": 0.20431747083478422,
    "optimization_time": 1332.8582129478455,
    "regime_bounds": {
        "amp": {
            "lower": 8.0,
            "upper": 10.666666666666666
        },
        "w_d": {
            "lower": 0.0038199999999999996,
            "upper": 0.00416
        },
        "ramp": {
            "lower": 1e-10,
            "upper": 0.5
        },
        "t_tot": {
            "lower": 56.25,
            "upper": 58.75
        }
    }
}