{
    "regime": "amp_4_wd_2_ramp_0_t115.0",
    "t_tot_center": 115.0,
    "best_t_tot": 115.02992947387857,
    "best_amp": 18.834364313154587,
    "best_w_d": 0.003513164629830282,
    "best_ramp": 0.17939962959269237,
    "best_value": 3.0313613976538325e-05,
    "optimization_time": 4003.2959582805634,
    "regime_bounds": {
        "amp": {
            "lower": 18.666666666666664,
            "upper": 21.333333333333332
        },
        "w_d": {
            "lower": 0.0034799999999999996,
            "upper": 0.0038199999999999996
        },
        "ramp": {
            "lower": 1e-10,
            "upper": 0.5
        },
        "t_tot": {
            "lower": 113.75,
            "upper": 116.25
        }
    }
}