{
    "regime": "amp_3_wd_2_ramp_0_t107.5",
    "t_tot_center": 107.5,
    "best_t_tot": 107.47515941246897,
    "best_amp": 16.110810582432734,
    "best_w_d": 0.003514026179620816,
    "best_ramp": 0.13603180050240396,
    "best_value": 0.00010623296734279767,
    "optimization_time": 2797.425329208374,
    "regime_bounds": {
        "amp": {
            "lower": 16.0,
            "upper": 18.666666666666664
        },
        "w_d": {
            "lower": 0.0034799999999999996,
            "upper": 0.0038199999999999996
        },
        "ramp": {
            "lower": 1e-10,
            "upper": 0.5
        },
        "t_tot": {
            "lower": 106.25,
            "upper": 108.75
        }
    }
}