{
    "regime": "amp_4_wd_3_ramp_0_t110.0",
    "t_tot_center": 110.0,
    "best_t_tot": 110.00693050196625,
    "best_amp": 18.809477052759856,
    "best_w_d": 0.0038853572551976728,
    "best_ramp": 0.1646723043788118,
    "best_value": 0.0001480604928029124,
    "optimization_time": 1601.7186415195465,
    "regime_bounds": {
        "amp": {
            "lower": 18.666666666666664,
            "upper": 21.333333333333332
        },
        "w_d": {
            "lower": 0.0038199999999999996,
            "upper": 0.00416
        },
        "ramp": {
            "lower": 1e-10,
            "upper": 0.5
        },
        "t_tot": {
            "lower": 108.75,
            "upper": 111.25
        }
    }
}