{
    "regime": "amp_1_wd_3_ramp_0_t50.0",
    "t_tot_center": 50.0,
    "best_t_tot": 48.750069414449484,
    "best_amp": 11.618613449449255,
    "best_w_d": 0.003851475872545382,
    "best_ramp": 0.2530377401019946,
    "best_value": 0.0030127347515703697,
    "optimization_time": 1171.146915435791,
    "regime_bounds": {
        "amp": {
            "lower": 10.666666666666666,
            "upper": 13.333333333333332
        },
        "w_d": {
            "lower": 0.0038199999999999996,
            "upper": 0.00416
        },
        "ramp": {
            "lower": 1e-10,
            "upper": 0.5
        },
        "t_tot": {
            "lower": 48.75,
            "upper": 51.25
        }
    }
}