{
    "regime": "amp_2_wd_1_ramp_0_t97.5",
    "t_tot_center": 97.5,
    "best_t_tot": 98.74998653756835,
    "best_amp": 15.924121773359465,
    "best_w_d": 0.003339404194235969,
    "best_ramp": 0.10231558037889103,
    "best_value": 0.09492017769966349,
    "optimization_time": 2420.198985815048,
    "regime_bounds": {
        "amp": {
            "lower": 13.333333333333332,
            "upper": 16.0
        },
        "w_d": {
            "lower": 0.00314,
            "upper": 0.0034799999999999996
        },
        "ramp": {
            "lower": 1e-10,
            "upper": 0.5
        },
        "t_tot": {
            "lower": 96.25,
            "upper": 98.75
        }
    }
}