{
    "regime": "amp_1_wd_0_ramp_0_t90.0",
    "t_tot_center": 90.0,
    "best_t_tot": 88.75003645614468,
    "best_amp": 13.31976325069999,
    "best_w_d": 0.0031061641606776164,
    "best_ramp": 0.1819137932188344,
    "best_value": 0.4913919154432155,
    "optimization_time": 2549.6544303894043,
    "regime_bounds": {
        "amp": {
            "lower": 10.666666666666666,
            "upper": 13.333333333333332
        },
        "w_d": {
            "lower": 0.0028,
            "upper": 0.00314
        },
        "ramp": {
            "lower": 1e-10,
            "upper": 0.5
        },
        "t_tot": {
            "lower": 88.75,
            "upper": 91.25
        }
    }
}