{
    "regime": "amp_2_wd_2_ramp_0_t90.0",
    "t_tot_center": 90.0,
    "best_t_tot": 91.24999974483714,
    "best_amp": 14.245994124824024,
    "best_w_d": 0.0038199999631812814,
    "best_ramp": 0.10271799920659157,
    "best_value": 0.02103486973089698,
    "optimization_time": 3053.7216079235077,
    "regime_bounds": {
        "amp": {
            "lower": 13.333333333333332,
            "upper": 16.0
        },
        "w_d": {
            "lower": 0.0034799999999999996,
            "upper": 0.0038199999999999996
        },
        "ramp": {
            "lower": 1e-10,
            "upper": 0.5
        },
        "t_tot": {
            "lower": 88.75,
            "upper": 91.25
        }
    }
}