{
    "regime": "amp_0_wd_1_ramp_0_t60.0",
    "t_tot_center": 60.0,
    "best_t_tot": 58.75027599968453,
    "best_amp": 10.631742590221355,
    "best_w_d": 0.003176617912972373,
    "best_ramp": 0.29397614647588294,
    "best_value": 0.0946960593302035,
    "optimization_time": 2560.443168401718,
    "regime_bounds": {
        "amp": {
            "lower": 8.0,
            "upper": 10.666666666666666
        },
        "w_d": {
            "lower": 0.00314,
            "upper": 0.0034799999999999996
        },
        "ramp": {
            "lower": 1e-10,
            "upper": 0.5
        },
        "t_tot": {
            "lower": 58.75,
            "upper": 61.25
        }
    }
}