{
    "regime": "amp_1_wd_4_ramp_0_t82.5",
    "t_tot_center": 82.5,
    "best_t_tot": 83.42779132458416,
    "best_amp": 13.310109232456055,
    "best_w_d": 0.004327596758901594,
    "best_ramp": 0.11188896673179277,
    "best_value": 0.006035880211134871,
    "optimization_time": 1305.4599542617798,
    "regime_bounds": {
        "amp": {
            "lower": 10.666666666666666,
            "upper": 13.333333333333332
        },
        "w_d": {
            "lower": 0.00416,
            "upper": 0.0045
        },
        "ramp": {
            "lower": 1e-10,
            "upper": 0.5
        },
        "t_tot": {
            "lower": 81.25,
            "upper": 83.75
        }
    }
}