{
    "regime": "amp_1_wd_4_ramp_0_t85.0",
    "t_tot_center": 85.0,
    "best_t_tot": 85.13517417545033,
    "best_amp": 13.277377949330019,
    "best_w_d": 0.00432941767698299,
    "best_ramp": 0.13210960531109978,
    "best_value": 0.00031659297873328456,
    "optimization_time": 1039.3172192573547,
    "regime_bounds": {
        "amp": {
            "lower": 10.666666666666666,
            "upper": 13.333333333333332
        },
        "w_d": {
            "lower": 0.00416,
            "upper": 0.0045
        },
        "ramp": {
            "lower": 1e-10,
            "upper": 0.5
        },
        "t_tot": {
            "lower": 83.75,
            "upper": 86.25
        }
    }
}