{
    "regime": "amp_2_wd_1_ramp_0_t55.0",
    "t_tot_center": 55.0,
    "best_t_tot": 55.47829351121516,
    "best_amp": 13.387014782426414,
    "best_w_d": 0.003477114522535952,
    "best_ramp": 0.28286008511473487,
    "best_value": 0.0015924714899252382,
    "optimization_time": 851.418977022171,
    "regime_bounds": {
        "amp": {
            "lower": 13.333333333333332,
            "upper": 16.0
        },
        "w_d": {
            "lower": 0.00314,
            "upper": 0.0034799999999999996
        },
        "ramp": {
            "lower": 1e-10,
            "upper": 0.5
        },
        "t_tot": {
            "lower": 53.75,
            "upper": 56.25
        }
    }
}