{
    "regime": "amp_0_wd_4_ramp_0_t117.5",
    "t_tot_center": 117.5,
    "best_t_tot": 117.53157038945862,
    "best_amp": 10.447851735916213,
    "best_w_d": 0.0041868123091282974,
    "best_ramp": 0.07077198813063927,
    "best_value": 8.804695166692217e-06,
    "optimization_time": 2615.02100110054,
    "regime_bounds": {
        "amp": {
            "lower": 8.0,
            "upper": 10.666666666666666
        },
        "w_d": {
            "lower": 0.00416,
            "upper": 0.0045
        },
        "ramp": {
            "lower": 1e-10,
            "upper": 0.5
        },
        "t_tot": {
            "lower": 116.25,
            "upper": 118.75
        }
    }
}