{
    "regime": "amp_3_wd_0_ramp_0_t85.0",
    "t_tot_center": 85.0,
    "best_t_tot": 84.35117453882647,
    "best_amp": 16.878576756812546,
    "best_w_d": 0.003099212522944224,
    "best_ramp": 0.13989396202566476,
    "best_value": 0.17086596347556038,
    "optimization_time": 3766.515368938446,
    "regime_bounds": {
        "amp": {
            "lower": 16.0,
            "upper": 18.666666666666664
        },
        "w_d": {
            "lower": 0.0028,
            "upper": 0.00314
        },
        "ramp": {
            "lower": 1e-10,
            "upper": 0.5
        },
        "t_tot": {
            "lower": 83.75,
            "upper": 86.25
        }
    }
}