{
    "regime": "amp_0_wd_0_ramp_0_t82.5",
    "t_tot_center": 82.5,
    "best_t_tot": 81.25027714837529,
    "best_amp": 10.666659360137574,
    "best_w_d": 0.003136440964678287,
    "best_ramp": 0.0985244937999636,
    "best_value": 0.7086784953256577,
    "optimization_time": 5653.607375383377,
    "regime_bounds": {
        "amp": {
            "lower": 8.0,
            "upper": 10.666666666666666
        },
        "w_d": {
            "lower": 0.0028,
            "upper": 0.00314
        },
        "ramp": {
            "lower": 1e-10,
            "upper": 0.5
        },
        "t_tot": {
            "lower": 81.25,
            "upper": 83.75
        }
    }
}