{
    "regime": "amp_1_wd_2_ramp_0_t65.0",
    "t_tot_center": 65.0,
    "best_t_tot": 64.1079273673197,
    "best_amp": 12.583271222405756,
    "best_w_d": 0.003523412723468937,
    "best_ramp": 0.41505328637564504,
    "best_value": 0.09859785538801608,
    "optimization_time": 1249.794291973114,
    "regime_bounds": {
        "amp": {
            "lower": 10.666666666666666,
            "upper": 13.333333333333332
        },
        "w_d": {
            "lower": 0.0034799999999999996,
            "upper": 0.0038199999999999996
        },
        "ramp": {
            "lower": 1e-10,
            "upper": 0.5
        },
        "t_tot": {
            "lower": 63.75,
            "upper": 66.25
        }
    }
}