{
    "regime": "amp_1_wd_0_ramp_0_t110.0",
    "t_tot_center": 110.0,
    "best_t_tot": 111.24098231929214,
    "best_amp": 13.014840057393581,
    "best_w_d": 0.003139983391299144,
    "best_ramp": 0.0702885952607581,
    "best_value": 0.11287505755056818,
    "optimization_time": 3143.7390744686127,
    "regime_bounds": {
        "amp": {
            "lower": 10.666666666666666,
            "upper": 13.333333333333332
        },
        "w_d": {
            "lower": 0.0028,
            "upper": 0.00314
        },
        "ramp": {
            "lower": 1e-10,
            "upper": 0.5
        },
        "t_tot": {
            "lower": 108.75,
            "upper": 111.25
        }
    }
}