{
    "regime": "amp_4_wd_4_ramp_0_t100.0",
    "t_tot_center": 100.0,
    "best_t_tot": 99.98536935863287,
    "best_amp": 18.851033412808903,
    "best_w_d": 0.004184529733438418,
    "best_ramp": 0.17650744514997904,
    "best_value": 0.0001367625235663725,
    "optimization_time": 1826.1823406219482,
    "regime_bounds": {
        "amp": {
            "lower": 18.666666666666664,
            "upper": 21.333333333333332
        },
        "w_d": {
            "lower": 0.00416,
            "upper": 0.0045
        },
        "ramp": {
            "lower": 1e-10,
            "upper": 0.5
        },
        "t_tot": {
            "lower": 98.75,
            "upper": 101.25
        }
    }
}