{
    "regime": "amp_5_wd_2_ramp_0_t80.0",
    "t_tot_center": 80.0,
    "best_t_tot": 79.6511864517705,
    "best_amp": 21.676833685137726,
    "best_w_d": 0.0037912879502628558,
    "best_ramp": 0.17947708678438334,
    "best_value": 0.008645288503177884,
    "optimization_time": 3371.6142477989197,
    "regime_bounds": {
        "amp": {
            "lower": 21.333333333333332,
            "upper": 24.0
        },
        "w_d": {
            "lower": 0.0034799999999999996,
            "upper": 0.0038199999999999996
        },
        "ramp": {
            "lower": 1e-10,
            "upper": 0.5
        },
        "t_tot": {
            "lower": 78.75,
            "upper": 81.25
        }
    }
}