{
    "regime": "amp_1_wd_2_ramp_0_t75.0",
    "t_tot_center": 75.0,
    "best_t_tot": 76.24999723814263,
    "best_amp": 13.17525439132503,
    "best_w_d": 0.0038199999808491555,
    "best_ramp": 0.11639483484095686,
    "best_value": 0.2992737978686594,
    "optimization_time": 2108.956000804901,
    "regime_bounds": {
        "amp": {
            "lower": 10.666666666666666,
            "upper": 13.333333333333332
        },
        "w_d": {
            "lower": 0.0034799999999999996,
            "upper": 0.0038199999999999996
        },
        "ramp": {
            "lower": 1e-10,
            "upper": 0.5
        },
        "t_tot": {
            "lower": 73.75,
            "upper": 76.25
        }
    }
}