{
    "regime": "amp_5_wd_3_ramp_0_t112.5",
    "t_tot_center": 112.5,
    "best_t_tot": 112.69457133972413,
    "best_amp": 21.361740838963872,
    "best_w_d": 0.003832080237784305,
    "best_ramp": 0.17534201889425252,
    "best_value": 0.00010079852293054954,
    "optimization_time": 2697.209937095642,
    "regime_bounds": {
        "amp": {
            "lower": 21.333333333333332,
            "upper": 24.0
        },
        "w_d": {
            "lower": 0.0038199999999999996,
            "upper": 0.00416
        },
        "ramp": {
            "lower": 1e-10,
            "upper": 0.5
        },
        "t_tot": {
            "lower": 111.25,
            "upper": 113.75
        }
    }
}