{
    "regime": "amp_4_wd_4_ramp_0_t120.0",
    "t_tot_center": 120.0,
    "best_t_tot": 120.09790141418344,
    "best_amp": 18.861969288240047,
    "best_w_d": 0.004168055649170795,
    "best_ramp": 0.14873685105512163,
    "best_value": 0.0001396419705606409,
    "optimization_time": 3745.1545855998993,
    "regime_bounds": {
        "amp": {
            "lower": 18.666666666666664,
            "upper": 21.333333333333332
        },
        "w_d": {
            "lower": 0.00416,
            "upper": 0.0045
        },
        "ramp": {
            "lower": 1e-10,
            "upper": 0.5
        },
        "t_tot": {
            "lower": 118.75,
            "upper": 121.25
        }
    }
}