{
    "regime": "amp_5_wd_3_ramp_0_t97.5",
    "t_tot_center": 97.5,
    "best_t_tot": 97.21011202161708,
    "best_amp": 21.385507098980714,
    "best_w_d": 0.0038697524747378716,
    "best_ramp": 0.1929310005285441,
    "best_value": 0.006635736948230383,
    "optimization_time": 3053.8482406139374,
    "regime_bounds": {
        "amp": {
            "lower": 21.333333333333332,
            "upper": 24.0
        },
        "w_d": {
            "lower": 0.0038199999999999996,
            "upper": 0.00416
        },
        "ramp": {
            "lower": 1e-10,
            "upper": 0.5
        },
        "t_tot": {
            "lower": 96.25,
            "upper": 98.75
        }
    }
}