{
    "regime": "amp_2_wd_1_ramp_0_t117.5",
    "t_tot_center": 117.5,
    "best_t_tot": 117.32313052253471,
    "best_amp": 13.667447045601556,
    "best_w_d": 0.0034721668869384203,
    "best_ramp": 0.11616265248808519,
    "best_value": 6.989458087752043e-05,
    "optimization_time": 2372.493339061737,
    "regime_bounds": {
        "amp": {
            "lower": 13.333333333333332,
            "upper": 16.0
        },
        "w_d": {
            "lower": 0.00314,
            "upper": 0.0034799999999999996
        },
        "ramp": {
            "lower": 1e-10,
            "upper": 0.5
        },
        "t_tot": {
            "lower": 116.25,
            "upper": 118.75
        }
    }
}