{
    "regime": "amp_5_wd_4_ramp_0_t60.0",
    "t_tot_center": 60.0,
    "best_t_tot": 59.929370331769846,
    "best_amp": 21.432346039812977,
    "best_w_d": 0.004173842576568534,
    "best_ramp": 0.2372030094813054,
    "best_value": 0.01121320521262284,
    "optimization_time": 2217.236269235611,
    "regime_bounds": {
        "amp": {
            "lower": 21.333333333333332,
            "upper": 24.0
        },
        "w_d": {
            "lower": 0.00416,
            "upper": 0.0045
        },
        "ramp": {
            "lower": 1e-10,
            "upper": 0.5
        },
        "t_tot": {
            "lower": 58.75,
            "upper": 61.25
        }
    }
}