{
    "regime": "amp_5_wd_3_ramp_0_t107.5",
    "t_tot_center": 107.5,
    "best_t_tot": 107.7444607925153,
    "best_amp": 21.630185686082903,
    "best_w_d": 0.0038698626424023175,
    "best_ramp": 0.12323674201482465,
    "best_value": 0.005701134011911378,
    "optimization_time": 3373.2833774089813,
    "regime_bounds": {
        "amp": {
            "lower": 21.333333333333332,
            "upper": 24.0
        },
        "w_d": {
            "lower": 0.0038199999999999996,
            "upper": 0.00416
        },
        "ramp": {
            "lower": 1e-10,
            "upper": 0.5
        },
        "t_tot": {
            "lower": 106.25,
            "upper": 108.75
        }
    }
}