{
    "regime": "amp_4_wd_3_ramp_0_t75.0",
    "t_tot_center": 75.0,
    "best_t_tot": 74.87454893869902,
    "best_amp": 19.76828148451511,
    "best_w_d": 0.004154249762651486,
    "best_ramp": 0.19290458591485618,
    "best_value": 0.00939785226144365,
    "optimization_time": 1192.7671840190887,
    "regime_bounds": {
        "amp": {
            "lower": 18.666666666666664,
            "upper": 21.333333333333332
        },
        "w_d": {
            "lower": 0.0038199999999999996,
            "upper": 0.00416
        },
        "ramp": {
            "lower": 1e-10,
            "upper": 0.5
        },
        "t_tot": {
            "lower": 73.75,
            "upper": 76.25
        }
    }
}