{
    "regime": "amp_4_wd_2_ramp_0_t55.0",
    "t_tot_center": 55.0,
    "best_t_tot": 55.810043229502234,
    "best_amp": 18.881981485673872,
    "best_w_d": 0.0036166227898900972,
    "best_ramp": 0.4895926534556615,
    "best_value": 0.001792118313528325,
    "optimization_time": 1904.9268662929535,
    "regime_bounds": {
        "amp": {
            "lower": 18.666666666666664,
            "upper": 21.333333333333332
        },
        "w_d": {
            "lower": 0.0034799999999999996,
            "upper": 0.0038199999999999996
        },
        "ramp": {
            "lower": 1e-10,
            "upper": 0.5
        },
        "t_tot": {
            "lower": 53.75,
            "upper": 56.25
        }
    }
}