{
    "regime": "amp_4_wd_2_ramp_0_t95.0",
    "t_tot_center": 95.0,
    "best_t_tot": 94.88999735249608,
    "best_amp": 18.77860324277993,
    "best_w_d": 0.0038172312735076474,
    "best_ramp": 0.10963042424795409,
    "best_value": 0.027113102600844072,
    "optimization_time": 1896.9480421543121,
    "regime_bounds": {
        "amp": {
            "lower": 18.666666666666664,
            "upper": 21.333333333333332
        },
        "w_d": {
            "lower": 0.0034799999999999996,
            "upper": 0.0038199999999999996
        },
        "ramp": {
            "lower": 1e-10,
            "upper": 0.5
        },
        "t_tot": {
            "lower": 93.75,
            "upper": 96.25
        }
    }
}