{
    "regime": "amp_0_wd_2_ramp_0_t77.5",
    "t_tot_center": 77.5,
    "best_t_tot": 78.74999422321395,
    "best_amp": 10.60351551264502,
    "best_w_d": 0.0038199993118398306,
    "best_ramp": 0.08929593244742812,
    "best_value": 0.506424813128384,
    "optimization_time": 1743.4009606838226,
    "regime_bounds": {
        "amp": {
            "lower": 8.0,
            "upper": 10.666666666666666
        },
        "w_d": {
            "lower": 0.0034799999999999996,
            "upper": 0.0038199999999999996
        },
        "ramp": {
            "lower": 1e-10,
            "upper": 0.5
        },
        "t_tot": {
            "lower": 76.25,
            "upper": 78.75
        }
    }
}