{
    "regime": "amp_5_wd_0_ramp_0_t72.5",
    "t_tot_center": 72.5,
    "best_t_tot": 72.72922515932798,
    "best_amp": 21.52706490264457,
    "best_w_d": 0.0031352887560866798,
    "best_ramp": 0.20336421303744062,
    "best_value": 0.019076135034541135,
    "optimization_time": 4103.206535816193,
    "regime_bounds": {
        "amp": {
            "lower": 21.333333333333332,
            "upper": 24.0
        },
        "w_d": {
            "lower": 0.0028,
            "upper": 0.00314
        },
        "ramp": {
            "lower": 1e-10,
            "upper": 0.5
        },
        "t_tot": {
            "lower": 71.25,
            "upper": 73.75
        }
    }
}