{
    "regime": "amp_1_wd_4_ramp_0_t55.0",
    "t_tot_center": 55.0,
    "best_t_tot": 53.75059180071626,
    "best_amp": 12.31511697136334,
    "best_w_d": 0.004178015402999816,
    "best_ramp": 0.2959853973939027,
    "best_value": 0.08198009855647051,
    "optimization_time": 1295.6083347797394,
    "regime_bounds": {
        "amp": {
            "lower": 10.666666666666666,
            "upper": 13.333333333333332
        },
        "w_d": {
            "lower": 0.00416,
            "upper": 0.0045
        },
        "ramp": {
            "lower": 1e-10,
            "upper": 0.5
        },
        "t_tot": {
            "lower": 53.75,
            "upper": 56.25
        }
    }
}