{
    "regime": "amp_5_wd_2_ramp_0_t82.5",
    "t_tot_center": 82.5,
    "best_t_tot": 82.00992588418254,
    "best_amp": 21.531834658013643,
    "best_w_d": 0.003684566876084285,
    "best_ramp": 0.18125983620801728,
    "best_value": 0.011574342296952398,
    "optimization_time": 3611.784653902054,
    "regime_bounds": {
        "amp": {
            "lower": 21.333333333333332,
            "upper": 24.0
        },
        "w_d": {
            "lower": 0.0034799999999999996,
            "upper": 0.0038199999999999996
        },
        "ramp": {
            "lower": 1e-10,
            "upper": 0.5
        },
        "t_tot": {
            "lower": 81.25,
            "upper": 83.75
        }
    }
}