{
    "regime": "amp_2_wd_3_ramp_0_t52.5",
    "t_tot_center": 52.5,
    "best_t_tot": 52.919535663506785,
    "best_amp": 13.930389448546228,
    "best_w_d": 0.00385626076650987,
    "best_ramp": 0.21569696545187286,
    "best_value": 0.0008642419808696306,
    "optimization_time": 1572.108769416809,
    "regime_bounds": {
        "amp": {
            "lower": 13.333333333333332,
            "upper": 16.0
        },
        "w_d": {
            "lower": 0.0038199999999999996,
            "upper": 0.00416
        },
        "ramp": {
            "lower": 1e-10,
            "upper": 0.5
        },
        "t_tot": {
            "lower": 51.25,
            "upper": 53.75
        }
    }
}