{
    "regime": "amp_2_wd_1_ramp_0_t120.0",
    "t_tot_center": 120.0,
    "best_t_tot": 119.99896743601512,
    "best_amp": 13.673760235435225,
    "best_w_d": 0.0034157614879462123,
    "best_ramp": 0.1523624826792284,
    "best_value": 4.3952710700097015e-06,
    "optimization_time": 3457.0112023353577,
    "regime_bounds": {
        "amp": {
            "lower": 13.333333333333332,
            "upper": 16.0
        },
        "w_d": {
            "lower": 0.00314,
            "upper": 0.0034799999999999996
        },
        "ramp": {
            "lower": 1e-10,
            "upper": 0.5
        },
        "t_tot": {
            "lower": 118.75,
            "upper": 121.25
        }
    }
}