{
    "regime": "amp_1_wd_0_ramp_0_t115.0",
    "t_tot_center": 115.0,
    "best_t_tot": 116.24999429210288,
    "best_amp": 10.679337602127069,
    "best_w_d": 0.0031399997597946296,
    "best_ramp": 0.05816787105558079,
    "best_value": 0.13976240917731586,
    "optimization_time": 2297.999090909958,
    "regime_bounds": {
        "amp": {
            "lower": 10.666666666666666,
            "upper": 13.333333333333332
        },
        "w_d": {
            "lower": 0.0028,
            "upper": 0.00314
        },
        "ramp": {
            "lower": 1e-10,
            "upper": 0.5
        },
        "t_tot": {
            "lower": 113.75,
            "upper": 116.25
        }
    }
}