{
    "regime": "amp_0_wd_3_ramp_0_t120.0",
    "t_tot_center": 120.0,
    "best_t_tot": 120.05229256456023,
    "best_amp": 10.573866318427168,
    "best_w_d": 0.003825246155242989,
    "best_ramp": 0.09043540312491465,
    "best_value": 0.0008559904779750067,
    "optimization_time": 2203.891746044159,
    "regime_bounds": {
        "amp": {
            "lower": 8.0,
            "upper": 10.666666666666666
        },
        "w_d": {
            "lower": 0.0038199999999999996,
            "upper": 0.00416
        },
        "ramp": {
            "lower": 1e-10,
            "upper": 0.5
        },
        "t_tot": {
            "lower": 118.75,
            "upper": 121.25
        }
    }
}