{
    "regime": "amp_2_wd_1_ramp_0_t110.0",
    "t_tot_center": 110.0,
    "best_t_tot": 110.33013069018016,
    "best_amp": 13.896268049765608,
    "best_w_d": 0.003428725586534059,
    "best_ramp": 0.12029941945762193,
    "best_value": 6.659978882518082e-05,
    "optimization_time": 3901.61265540123,
    "regime_bounds": {
        "amp": {
            "lower": 13.333333333333332,
            "upper": 16.0
        },
        "w_d": {
            "lower": 0.00314,
            "upper": 0.0034799999999999996
        },
        "ramp": {
            "lower": 1e-10,
            "upper": 0.5
        },
        "t_tot": {
            "lower": 108.75,
            "upper": 111.25
        }
    }
}