{
    "regime": "amp_5_wd_2_ramp_0_t115.0",
    "t_tot_center": 115.0,
    "best_t_tot": 114.98427001055953,
    "best_amp": 21.750931413445468,
    "best_w_d": 0.003507914965090703,
    "best_ramp": 0.1636579238520373,
    "best_value": 0.0002086152758117078,
    "optimization_time": 3633.617351770401,
    "regime_bounds": {
        "amp": {
            "lower": 21.333333333333332,
            "upper": 24.0
        },
        "w_d": {
            "lower": 0.0034799999999999996,
            "upper": 0.0038199999999999996
        },
        "ramp": {
            "lower": 1e-10,
            "upper": 0.5
        },
        "t_tot": {
            "lower": 113.75,
            "upper": 116.25
        }
    }
}