{
    "regime": "amp_5_wd_3_ramp_0_t77.5",
    "t_tot_center": 77.5,
    "best_t_tot": 77.13965755598295,
    "best_amp": 21.865686810473623,
    "best_w_d": 0.00414035701393068,
    "best_ramp": 0.17714177158570746,
    "best_value": 0.012832910621446585,
    "optimization_time": 2145.755043029785,
    "regime_bounds": {
        "amp": {
            "lower": 21.333333333333332,
            "upper": 24.0
        },
        "w_d": {
            "lower": 0.0038199999999999996,
            "upper": 0.00416
        },
        "ramp": {
            "lower": 1e-10,
            "upper": 0.5
        },
        "t_tot": {
            "lower": 76.25,
            "upper": 78.75
        }
    }
}