{
    "regime": "amp_1_wd_1_ramp_0_t72.5",
    "t_tot_center": 72.5,
    "best_t_tot": 71.57362879820697,
    "best_amp": 13.273560604282359,
    "best_w_d": 0.0034799740320949806,
    "best_ramp": 0.1893860989388606,
    "best_value": 0.31562036116285386,
    "optimization_time": 2188.8979609012604,
    "regime_bounds": {
        "amp": {
            "lower": 10.666666666666666,
            "upper": 13.333333333333332
        },
        "w_d": {
            "lower": 0.00314,
            "upper": 0.0034799999999999996
        },
        "ramp": {
            "lower": 1e-10,
            "upper": 0.5
        },
        "t_tot": {
            "lower": 71.25,
            "upper": 73.75
        }
    }
}