{
    "regime": "amp_5_wd_3_ramp_0_t85.0",
    "t_tot_center": 85.0,
    "best_t_tot": 84.86979123586528,
    "best_amp": 21.679302529319962,
    "best_w_d": 0.00412212315133343,
    "best_ramp": 0.26715459776862743,
    "best_value": 0.0003553767163200192,
    "optimization_time": 1920.6396417617798,
    "regime_bounds": {
        "amp": {
            "lower": 21.333333333333332,
            "upper": 24.0
        },
        "w_d": {
            "lower": 0.0038199999999999996,
            "upper": 0.00416
        },
        "ramp": {
            "lower": 1e-10,
            "upper": 0.5
        },
        "t_tot": {
            "lower": 83.75,
            "upper": 86.25
        }
    }
}