{
    "regime": "amp_1_wd_2_ramp_0_t117.5",
    "t_tot_center": 117.5,
    "best_t_tot": 117.65047966666275,
    "best_amp": 11.83609635401883,
    "best_w_d": 0.003494149894923139,
    "best_ramp": 0.08843025667893777,
    "best_value": 0.00029071300338151025,
    "optimization_time": 1214.247841835022,
    "regime_bounds": {
        "amp": {
            "lower": 10.666666666666666,
            "upper": 13.333333333333332
        },
        "w_d": {
            "lower": 0.0034799999999999996,
            "upper": 0.0038199999999999996
        },
        "ramp": {
            "lower": 1e-10,
            "upper": 0.5
        },
        "t_tot": {
            "lower": 116.25,
            "upper": 118.75
        }
    }
}