{
    "regime": "amp_3_wd_2_ramp_0_t85.0",
    "t_tot_center": 85.0,
    "best_t_tot": 84.18080318792369,
    "best_amp": 16.16345181460992,
    "best_w_d": 0.0038147159073176093,
    "best_ramp": 0.21827070403173368,
    "best_value": 0.09663639673144411,
    "optimization_time": 1585.5968797206879,
    "regime_bounds": {
        "amp": {
            "lower": 16.0,
            "upper": 18.666666666666664
        },
        "w_d": {
            "lower": 0.0034799999999999996,
            "upper": 0.0038199999999999996
        },
        "ramp": {
            "lower": 1e-10,
            "upper": 0.5
        },
        "t_tot": {
            "lower": 83.75,
            "upper": 86.25
        }
    }
}