{
    "regime": "amp_1_wd_2_ramp_0_t55.0",
    "t_tot_center": 55.0,
    "best_t_tot": 53.75035161478256,
    "best_amp": 12.015291626344467,
    "best_w_d": 0.0036351128800823362,
    "best_ramp": 0.2533134433938803,
    "best_value": 0.011082744009433964,
    "optimization_time": 1021.60387134552,
    "regime_bounds": {
        "amp": {
            "lower": 10.666666666666666,
            "upper": 13.333333333333332
        },
        "w_d": {
            "lower": 0.0034799999999999996,
            "upper": 0.0038199999999999996
        },
        "ramp": {
            "lower": 1e-10,
            "upper": 0.5
        },
        "t_tot": {
            "lower": 53.75,
            "upper": 56.25
        }
    }
}