{
    "regime": "amp_2_wd_4_ramp_0_t70.0",
    "t_tot_center": 70.0,
    "best_t_tot": 71.24998876883178,
    "best_amp": 15.870769081839219,
    "best_w_d": 0.004260400817839347,
    "best_ramp": 0.14748235494153683,
    "best_value": 0.055472920036806914,
    "optimization_time": 1939.5618195533752,
    "regime_bounds": {
        "amp": {
            "lower": 13.333333333333332,
            "upper": 16.0
        },
        "w_d": {
            "lower": 0.00416,
            "upper": 0.0045
        },
        "ramp": {
            "lower": 1e-10,
            "upper": 0.5
        },
        "t_tot": {
            "lower": 68.75,
            "upper": 71.25
        }
    }
}