{
    "regime": "amp_2_wd_4_ramp_0_t100.0",
    "t_tot_center": 100.0,
    "best_t_tot": 100.07292565849944,
    "best_amp": 15.843082080759523,
    "best_w_d": 0.004184189684108616,
    "best_ramp": 0.08646411961836926,
    "best_value": 0.015708558921415566,
    "optimization_time": 2636.676981687546,
    "regime_bounds": {
        "amp": {
            "lower": 13.333333333333332,
            "upper": 16.0
        },
        "w_d": {
            "lower": 0.00416,
            "upper": 0.0045
        },
        "ramp": {
            "lower": 1e-10,
            "upper": 0.5
        },
        "t_tot": {
            "lower": 98.75,
            "upper": 101.25
        }
    }
}