{
    "regime": "amp_2_wd_0_ramp_0_t60.0",
    "t_tot_center": 60.0,
    "best_t_tot": 61.24999029158277,
    "best_amp": 13.383616070323376,
    "best_w_d": 0.0029710483577486267,
    "best_ramp": 0.28238721983320453,
    "best_value": 0.0006335070726205475,
    "optimization_time": 5015.098873138428,
    "regime_bounds": {
        "amp": {
            "lower": 13.333333333333332,
            "upper": 16.0
        },
        "w_d": {
            "lower": 0.0028,
            "upper": 0.00314
        },
        "ramp": {
            "lower": 1e-10,
            "upper": 0.5
        },
        "t_tot": {
            "lower": 58.75,
            "upper": 61.25
        }
    }
}