{
    "regime": "amp_2_wd_0_ramp_0_t82.5",
    "t_tot_center": 82.5,
    "best_t_tot": 82.65340938813603,
    "best_amp": 15.676822515012873,
    "best_w_d": 0.0031227112131744952,
    "best_ramp": 0.1366216329390852,
    "best_value": 0.20891823632607356,
    "optimization_time": 1326.6608066558838,
    "regime_bounds": {
        "amp": {
            "lower": 13.333333333333332,
            "upper": 16.0
        },
        "w_d": {
            "lower": 0.0028,
            "upper": 0.00314
        },
        "ramp": {
            "lower": 1e-10,
            "upper": 0.5
        },
        "t_tot": {
            "lower": 81.25,
            "upper": 83.75
        }
    }
}