{
    "regime": "amp_2_wd_4_ramp_0_t85.0",
    "t_tot_center": 85.0,
    "best_t_tot": 85.6004032588964,
    "best_amp": 15.701360196126581,
    "best_w_d": 0.0043638428579033635,
    "best_ramp": 0.2130967405864006,
    "best_value": 0.00017432178946550888,
    "optimization_time": 1156.000329732895,
    "regime_bounds": {
        "amp": {
            "lower": 13.333333333333332,
            "upper": 16.0
        },
        "w_d": {
            "lower": 0.00416,
            "upper": 0.0045
        },
        "ramp": {
            "lower": 1e-10,
            "upper": 0.5
        },
        "t_tot": {
            "lower": 83.75,
            "upper": 86.25
        }
    }
}