{
    "regime": "amp_5_wd_4_ramp_0_t50.0",
    "t_tot_center": 50.0,
    "best_t_tot": 50.92224104430144,
    "best_amp": 21.401390622404733,
    "best_w_d": 0.004288639420227838,
    "best_ramp": 0.3107472860997951,
    "best_value": 0.04219491426792445,
    "optimization_time": 1411.577872991562,
    "regime_bounds": {
        "amp": {
            "lower": 21.333333333333332,
            "upper": 24.0
        },
        "w_d": {
            "lower": 0.00416,
            "upper": 0.0045
        },
        "ramp": {
            "lower": 1e-10,
            "upper": 0.5
        },
        "t_tot": {
            "lower": 48.75,
            "upper": 51.25
        }
    }
}