{
    "regime": "amp_0_wd_0_ramp_0_t77.5",
    "t_tot_center": 77.5,
    "best_t_tot": 76.64825373101631,
    "best_amp": 10.66666523635486,
    "best_w_d": 0.0031399996609465324,
    "best_ramp": 0.10384836459622286,
    "best_value": 0.6866118858490461,
    "optimization_time": 1335.4742097854614,
    "regime_bounds": {
        "amp": {
            "lower": 8.0,
            "upper": 10.666666666666666
        },
        "w_d": {
            "lower": 0.0028,
            "upper": 0.00314
        },
        "ramp": {
            "lower": 1e-10,
            "upper": 0.5
        },
        "t_tot": {
            "lower": 76.25,
            "upper": 78.75
        }
    }
}