{
    "regime": "amp_5_wd_3_ramp_0_t95.0",
    "t_tot_center": 95.0,
    "best_t_tot": 95.09955075813151,
    "best_amp": 21.38282351137146,
    "best_w_d": 0.004042800296679005,
    "best_ramp": 0.12335104373134616,
    "best_value": 0.004573965273438166,
    "optimization_time": 2955.3794889450073,
    "regime_bounds": {
        "amp": {
            "lower": 21.333333333333332,
            "upper": 24.0
        },
        "w_d": {
            "lower": 0.0038199999999999996,
            "upper": 0.00416
        },
        "ramp": {
            "lower": 1e-10,
            "upper": 0.5
        },
        "t_tot": {
            "lower": 93.75,
            "upper": 96.25
        }
    }
}