{
    "regime": "amp_1_wd_2_ramp_0_t107.5",
    "t_tot_center": 107.5,
    "best_t_tot": 108.12439073095445,
    "best_amp": 10.779572216396716,
    "best_w_d": 0.003586934514602727,
    "best_ramp": 0.07762238552833253,
    "best_value": 0.0020694644241726445,
    "optimization_time": 2665.4714238643646,
    "regime_bounds": {
        "amp": {
            "lower": 10.666666666666666,
            "upper": 13.333333333333332
        },
        "w_d": {
            "lower": 0.0034799999999999996,
            "upper": 0.0038199999999999996
        },
        "ramp": {
            "lower": 1e-10,
            "upper": 0.5
        },
        "t_tot": {
            "lower": 106.25,
            "upper": 108.75
        }
    }
}