{
    "regime": "amp_2_wd_2_ramp_0_t82.5",
    "t_tot_center": 82.5,
    "best_t_tot": 82.13753441294261,
    "best_amp": 15.397137326862586,
    "best_w_d": 0.003750150003538528,
    "best_ramp": 0.15602778355118613,
    "best_value": 0.11698278094891176,
    "optimization_time": 2560.0975193977356,
    "regime_bounds": {
        "amp": {
            "lower": 13.333333333333332,
            "upper": 16.0
        },
        "w_d": {
            "lower": 0.0034799999999999996,
            "upper": 0.0038199999999999996
        },
        "ramp": {
            "lower": 1e-10,
            "upper": 0.5
        },
        "t_tot": {
            "lower": 81.25,
            "upper": 83.75
        }
    }
}