{
    "regime": "amp_3_wd_3_ramp_0_t87.5",
    "t_tot_center": 87.5,
    "best_t_tot": 87.57399947023806,
    "best_amp": 16.068139052766227,
    "best_w_d": 0.004066931980307671,
    "best_ramp": 0.16249514715706356,
    "best_value": 0.0001480111593300888,
    "optimization_time": 1510.628898382187,
    "regime_bounds": {
        "amp": {
            "lower": 16.0,
            "upper": 18.666666666666664
        },
        "w_d": {
            "lower": 0.0038199999999999996,
            "upper": 0.00416
        },
        "ramp": {
            "lower": 1e-10,
            "upper": 0.5
        },
        "t_tot": {
            "lower": 86.25,
            "upper": 88.75
        }
    }
}