{
    "regime": "amp_2_wd_3_ramp_0_t112.5",
    "t_tot_center": 112.5,
    "best_t_tot": 112.03763532206591,
    "best_amp": 13.500280943078439,
    "best_w_d": 0.003830791412938725,
    "best_ramp": 0.14715790198161094,
    "best_value": 5.076120284943102e-05,
    "optimization_time": 3858.2367537021637,
    "regime_bounds": {
        "amp": {
            "lower": 13.333333333333332,
            "upper": 16.0
        },
        "w_d": {
            "lower": 0.0038199999999999996,
            "upper": 0.00416
        },
        "ramp": {
            "lower": 1e-10,
            "upper": 0.5
        },
        "t_tot": {
            "lower": 111.25,
            "upper": 113.75
        }
    }
}