{
    "regime": "amp_0_wd_4_ramp_0_t82.5",
    "t_tot_center": 82.5,
    "best_t_tot": 83.74988450690068,
    "best_amp": 10.666614547321688,
    "best_w_d": 0.00445536762023443,
    "best_ramp": 0.0796682041353363,
    "best_value": 0.0777258140930775,
    "optimization_time": 1670.0483372211456,
    "regime_bounds": {
        "amp": {
            "lower": 8.0,
            "upper": 10.666666666666666
        },
        "w_d": {
            "lower": 0.00416,
            "upper": 0.0045
        },
        "ramp": {
            "lower": 1e-10,
            "upper": 0.5
        },
        "t_tot": {
            "lower": 81.25,
            "upper": 83.75
        }
    }
}