{
    "regime": "amp_3_wd_3_ramp_0_t117.5",
    "t_tot_center": 117.5,
    "best_t_tot": 117.19588486860951,
    "best_amp": 16.24139389011491,
    "best_w_d": 0.003874833461082749,
    "best_ramp": 0.1262147110734388,
    "best_value": 0.001643124985434046,
    "optimization_time": 3214.634599208832,
    "regime_bounds": {
        "amp": {
            "lower": 16.0,
            "upper": 18.666666666666664
        },
        "w_d": {
            "lower": 0.0038199999999999996,
            "upper": 0.00416
        },
        "ramp": {
            "lower": 1e-10,
            "upper": 0.5
        },
        "t_tot": {
            "lower": 116.25,
            "upper": 118.75
        }
    }
}