{
    "regime": "amp_5_wd_3_ramp_0_t100.0",
    "t_tot_center": 100.0,
    "best_t_tot": 100.24085377891214,
    "best_amp": 21.698995963169292,
    "best_w_d": 0.0038754853389227576,
    "best_ramp": 0.1455664544643185,
    "best_value": 0.001328551775917225,
    "optimization_time": 3257.8980000019073,
    "regime_bounds": {
        "amp": {
            "lower": 21.333333333333332,
            "upper": 24.0
        },
        "w_d": {
            "lower": 0.0038199999999999996,
            "upper": 0.00416
        },
        "ramp": {
            "lower": 1e-10,
            "upper": 0.5
        },
        "t_tot": {
            "lower": 98.75,
            "upper": 101.25
        }
    }
}