{
    "regime": "amp_1_wd_2_ramp_0_t57.5",
    "t_tot_center": 57.5,
    "best_t_tot": 56.864154820500914,
    "best_amp": 12.8050155076816,
    "best_w_d": 0.0034900774365877935,
    "best_ramp": 0.24687837016333805,
    "best_value": 0.0025130453243282793,
    "optimization_time": 2280.3150124549866,
    "regime_bounds": {
        "amp": {
            "lower": 10.666666666666666,
            "upper": 13.333333333333332
        },
        "w_d": {
            "lower": 0.0034799999999999996,
            "upper": 0.0038199999999999996
        },
        "ramp": {
            "lower": 1e-10,
            "upper": 0.5
        },
        "t_tot": {
            "lower": 56.25,
            "upper": 58.75
        }
    }
}