{
    "regime": "amp_3_wd_3_ramp_0_t57.5",
    "t_tot_center": 57.5,
    "best_t_tot": 57.79449356485854,
    "best_amp": 16.102739796725707,
    "best_w_d": 0.0038546377040846965,
    "best_ramp": 0.2364906511395863,
    "best_value": 0.0017759791162831925,
    "optimization_time": 1938.7025384902954,
    "regime_bounds": {
        "amp": {
            "lower": 16.0,
            "upper": 18.666666666666664
        },
        "w_d": {
            "lower": 0.0038199999999999996,
            "upper": 0.00416
        },
        "ramp": {
            "lower": 1e-10,
            "upper": 0.5
        },
        "t_tot": {
            "lower": 56.25,
            "upper": 58.75
        }
    }
}