{
    "regime": "amp_5_wd_2_ramp_0_t107.5",
    "t_tot_center": 107.5,
    "best_t_tot": 107.12315436020096,
    "best_amp": 21.47820427525885,
    "best_w_d": 0.003534092623571083,
    "best_ramp": 0.14983705955142568,
    "best_value": 0.0005217789790733015,
    "optimization_time": 2185.5429179668427,
    "regime_bounds": {
        "amp": {
            "lower": 21.333333333333332,
            "upper": 24.0
        },
        "w_d": {
            "lower": 0.0034799999999999996,
            "upper": 0.0038199999999999996
        },
        "ramp": {
            "lower": 1e-10,
            "upper": 0.5
        },
        "t_tot": {
            "lower": 106.25,
            "upper": 108.75
        }
    }
}