{
    "regime": "amp_1_wd_2_ramp_0_t90.0",
    "t_tot_center": 90.0,
    "best_t_tot": 91.24970887561551,
    "best_amp": 13.269208319352895,
    "best_w_d": 0.0038199655633965367,
    "best_ramp": 0.08264063096326608,
    "best_value": 0.0793373788128626,
    "optimization_time": 3115.2597732543945,
    "regime_bounds": {
        "amp": {
            "lower": 10.666666666666666,
            "upper": 13.333333333333332
        },
        "w_d": {
            "lower": 0.0034799999999999996,
            "upper": 0.0038199999999999996
        },
        "ramp": {
            "lower": 1e-10,
            "upper": 0.5
        },
        "t_tot": {
            "lower": 88.75,
            "upper": 91.25
        }
    }
}