{
    "regime": "amp_5_wd_4_ramp_0_t110.0",
    "t_tot_center": 110.0,
    "best_t_tot": 109.94343590999134,
    "best_amp": 21.764547224164616,
    "best_w_d": 0.004177560868145525,
    "best_ramp": 0.1953298536444888,
    "best_value": 6.205969129709372e-05,
    "optimization_time": 3611.925921678543,
    "regime_bounds": {
        "amp": {
            "lower": 21.333333333333332,
            "upper": 24.0
        },
        "w_d": {
            "lower": 0.00416,
            "upper": 0.0045
        },
        "ramp": {
            "lower": 1e-10,
            "upper": 0.5
        },
        "t_tot": {
            "lower": 108.75,
            "upper": 111.25
        }
    }
}