{
    "regime": "amp_4_wd_0_ramp_0_t105.0",
    "t_tot_center": 105.0,
    "best_t_tot": 106.23913754430829,
    "best_amp": 18.93585348347742,
    "best_w_d": 0.0031072367091750106,
    "best_ramp": 0.10802952597925337,
    "best_value": 0.011082050939902874,
    "optimization_time": 3070.837102174759,
    "regime_bounds": {
        "amp": {
            "lower": 18.666666666666664,
            "upper": 21.333333333333332
        },
        "w_d": {
            "lower": 0.0028,
            "upper": 0.00314
        },
        "ramp": {
            "lower": 1e-10,
            "upper": 0.5
        },
        "t_tot": {
            "lower": 103.75,
            "upper": 106.25
        }
    }
}