{
    "regime": "amp_4_wd_1_ramp_0_t115.0",
    "t_tot_center": 115.0,
    "best_t_tot": 115.052684116345,
    "best_amp": 18.99350212712037,
    "best_w_d": 0.0034654034961268568,
    "best_ramp": 0.05570173663622162,
    "best_value": 0.029327572394934654,
    "optimization_time": 3619.4400222301483,
    "regime_bounds": {
        "amp": {
            "lower": 18.666666666666664,
            "upper": 21.333333333333332
        },
        "w_d": {
            "lower": 0.00314,
            "upper": 0.0034799999999999996
        },
        "ramp": {
            "lower": 1e-10,
            "upper": 0.5
        },
        "t_tot": {
            "lower": 113.75,
            "upper": 116.25
        }
    }
}