{
    "regime": "amp_0_wd_3_ramp_0_t107.5",
    "t_tot_center": 107.5,
    "best_t_tot": 107.23684740643439,
    "best_amp": 10.359298398047114,
    "best_w_d": 0.0038986443419329777,
    "best_ramp": 0.09070925081793377,
    "best_value": 0.00016814625224317046,
    "optimization_time": 3271.4574337005615,
    "regime_bounds": {
        "amp": {
            "lower": 8.0,
            "upper": 10.666666666666666
        },
        "w_d": {
            "lower": 0.0038199999999999996,
            "upper": 0.00416
        },
        "ramp": {
            "lower": 1e-10,
            "upper": 0.5
        },
        "t_tot": {
            "lower": 106.25,
            "upper": 108.75
        }
    }
}