{
    "regime": "amp_1_wd_0_ramp_0_t75.0",
    "t_tot_center": 75.0,
    "best_t_tot": 73.75061498052511,
    "best_amp": 13.238385717810024,
    "best_w_d": 0.003102100466452551,
    "best_ramp": 0.254398173335902,
    "best_value": 0.242434728712918,
    "optimization_time": 1016.6544711589813,
    "regime_bounds": {
        "amp": {
            "lower": 10.666666666666666,
            "upper": 13.333333333333332
        },
        "w_d": {
            "lower": 0.0028,
            "upper": 0.00314
        },
        "ramp": {
            "lower": 1e-10,
            "upper": 0.5
        },
        "t_tot": {
            "lower": 73.75,
            "upper": 76.25
        }
    }
}