{
    "regime": "amp_3_wd_2_ramp_0_t70.0",
    "t_tot_center": 70.0,
    "best_t_tot": 69.87805724226233,
    "best_amp": 18.63863390491214,
    "best_w_d": 0.00379285469846769,
    "best_ramp": 0.2073618160814904,
    "best_value": 0.03738351728286671,
    "optimization_time": 2135.300706386566,
    "regime_bounds": {
        "amp": {
            "lower": 16.0,
            "upper": 18.666666666666664
        },
        "w_d": {
            "lower": 0.0034799999999999996,
            "upper": 0.0038199999999999996
        },
        "ramp": {
            "lower": 1e-10,
            "upper": 0.5
        },
        "t_tot": {
            "lower": 68.75,
            "upper": 71.25
        }
    }
}