{
    "regime": "amp_5_wd_2_ramp_0_t67.5",
    "t_tot_center": 67.5,
    "best_t_tot": 67.2450728069932,
    "best_amp": 21.59684340590526,
    "best_w_d": 0.0037455431800868756,
    "best_ramp": 0.21087651384390566,
    "best_value": 0.0018719904296883823,
    "optimization_time": 2420.4938526153564,
    "regime_bounds": {
        "amp": {
            "lower": 21.333333333333332,
            "upper": 24.0
        },
        "w_d": {
            "lower": 0.0034799999999999996,
            "upper": 0.0038199999999999996
        },
        "ramp": {
            "lower": 1e-10,
            "upper": 0.5
        },
        "t_tot": {
            "lower": 66.25,
            "upper": 68.75
        }
    }
}