{
    "regime": "amp_4_wd_3_ramp_0_t92.5",
    "t_tot_center": 92.5,
    "best_t_tot": 92.35769236280566,
    "best_amp": 18.698173647018407,
    "best_w_d": 0.004048182504675164,
    "best_ramp": 0.16324890374386117,
    "best_value": 0.0003092583659975119,
    "optimization_time": 2182.4975113868713,
    "regime_bounds": {
        "amp": {
            "lower": 18.666666666666664,
            "upper": 21.333333333333332
        },
        "w_d": {
            "lower": 0.0038199999999999996,
            "upper": 0.00416
        },
        "ramp": {
            "lower": 1e-10,
            "upper": 0.5
        },
        "t_tot": {
            "lower": 91.25,
            "upper": 93.75
        }
    }
}