{
    "regime": "amp_1_wd_4_ramp_0_t70.0",
    "t_tot_center": 70.0,
    "best_t_tot": 70.09929354669269,
    "best_amp": 13.026918669171392,
    "best_w_d": 0.004340318096766686,
    "best_ramp": 0.12040953552001393,
    "best_value": 0.1583054258459231,
    "optimization_time": 933.6407508850098,
    "regime_bounds": {
        "amp": {
            "lower": 10.666666666666666,
            "upper": 13.333333333333332
        },
        "w_d": {
            "lower": 0.00416,
            "upper": 0.0045
        },
        "ramp": {
            "lower": 1e-10,
            "upper": 0.5
        },
        "t_tot": {
            "lower": 68.75,
            "upper": 71.25
        }
    }
}