{
    "regime": "amp_4_wd_3_ramp_0_t102.5",
    "t_tot_center": 102.5,
    "best_t_tot": 102.33906125178143,
    "best_amp": 19.14991589201715,
    "best_w_d": 0.0038200001130202364,
    "best_ramp": 0.12465959097938874,
    "best_value": 0.0025830113021540887,
    "optimization_time": 2726.924062013626,
    "regime_bounds": {
        "amp": {
            "lower": 18.666666666666664,
            "upper": 21.333333333333332
        },
        "w_d": {
            "lower": 0.0038199999999999996,
            "upper": 0.00416
        },
        "ramp": {
            "lower": 1e-10,
            "upper": 0.5
        },
        "t_tot": {
            "lower": 101.25,
            "upper": 103.75
        }
    }
}