{
    "regime": "amp_1_wd_1_ramp_0_t107.5",
    "t_tot_center": 107.5,
    "best_t_tot": 107.79014932011238,
    "best_amp": 10.999159654372356,
    "best_w_d": 0.0034775915614650367,
    "best_ramp": 0.06261295086845266,
    "best_value": 0.044822128031632213,
    "optimization_time": 5920.643652915955,
    "regime_bounds": {
        "amp": {
            "lower": 10.666666666666666,
            "upper": 13.333333333333332
        },
        "w_d": {
            "lower": 0.00314,
            "upper": 0.0034799999999999996
        },
        "ramp": {
            "lower": 1e-10,
            "upper": 0.5
        },
        "t_tot": {
            "lower": 106.25,
            "upper": 108.75
        }
    }
}