{
    "regime": "amp_1_wd_4_ramp_0_t120.0",
    "t_tot_center": 120.0,
    "best_t_tot": 120.21229806478695,
    "best_amp": 11.86534277758625,
    "best_w_d": 0.004198273166106228,
    "best_ramp": 0.134021676366245,
    "best_value": 0.0002171986677826981,
    "optimization_time": 5439.224484682083,
    "regime_bounds": {
        "amp": {
            "lower": 10.666666666666666,
            "upper": 13.333333333333332
        },
        "w_d": {
            "lower": 0.00416,
            "upper": 0.0045
        },
        "ramp": {
            "lower": 1e-10,
            "upper": 0.5
        },
        "t_tot": {
            "lower": 118.75,
            "upper": 121.25
        }
    }
}