{
    "regime": "amp_3_wd_3_ramp_0_t120.0",
    "t_tot_center": 120.0,
    "best_t_tot": 119.94525132097253,
    "best_amp": 16.232281722776495,
    "best_w_d": 0.0038249866604602883,
    "best_ramp": 0.13427851564378995,
    "best_value": 0.0016471497424678885,
    "optimization_time": 2802.42303609848,
    "regime_bounds": {
        "amp": {
            "lower": 16.0,
            "upper": 18.666666666666664
        },
        "w_d": {
            "lower": 0.0038199999999999996,
            "upper": 0.00416
        },
        "ramp": {
            "lower": 1e-10,
            "upper": 0.5
        },
        "t_tot": {
            "lower": 118.75,
            "upper": 121.25
        }
    }
}