{
    "regime": "amp_1_wd_1_ramp_0_t117.5",
    "t_tot_center": 117.5,
    "best_t_tot": 117.30274221512624,
    "best_amp": 11.75960363727539,
    "best_w_d": 0.0034276647846748086,
    "best_ramp": 0.09055798325091906,
    "best_value": 0.0002464086684025336,
    "optimization_time": 3567.163167953491,
    "regime_bounds": {
        "amp": {
            "lower": 10.666666666666666,
            "upper": 13.333333333333332
        },
        "w_d": {
            "lower": 0.00314,
            "upper": 0.0034799999999999996
        },
        "ramp": {
            "lower": 1e-10,
            "upper": 0.5
        },
        "t_tot": {
            "lower": 116.25,
            "upper": 118.75
        }
    }
}