{
    "regime": "amp_3_wd_1_ramp_0_t107.5",
    "t_tot_center": 107.5,
    "best_t_tot": 107.80749085935466,
    "best_amp": 16.21233480522095,
    "best_w_d": 0.0034300975352842492,
    "best_ramp": 0.04370926693940585,
    "best_value": 0.013364169051176204,
    "optimization_time": 3998.9617125988007,
    "regime_bounds": {
        "amp": {
            "lower": 16.0,
            "upper": 18.666666666666664
        },
        "w_d": {
            "lower": 0.00314,
            "upper": 0.0034799999999999996
        },
        "ramp": {
            "lower": 1e-10,
            "upper": 0.5
        },
        "t_tot": {
            "lower": 106.25,
            "upper": 108.75
        }
    }
}