{
    "regime": "amp_1_wd_1_ramp_0_t60.0",
    "t_tot_center": 60.0,
    "best_t_tot": 59.639265557512346,
    "best_amp": 12.589358627007496,
    "best_w_d": 0.0031580116752164683,
    "best_ramp": 0.2745017898671401,
    "best_value": 0.0011337315163433958,
    "optimization_time": 2055.8753802776337,
    "regime_bounds": {
        "amp": {
            "lower": 10.666666666666666,
            "upper": 13.333333333333332
        },
        "w_d": {
            "lower": 0.00314,
            "upper": 0.0034799999999999996
        },
        "ramp": {
            "lower": 1e-10,
            "upper": 0.5
        },
        "t_tot": {
            "lower": 58.75,
            "upper": 61.25
        }
    }
}