{
    "regime": "amp_0_wd_3_ramp_0_t90.0",
    "t_tot_center": 90.0,
    "best_t_tot": 91.027789448772,
    "best_amp": 10.663686561879922,
    "best_w_d": 0.004159987790089698,
    "best_ramp": 0.0777820975010537,
    "best_value": 0.052887845094320235,
    "optimization_time": 1835.0054931640625,
    "regime_bounds": {
        "amp": {
            "lower": 8.0,
            "upper": 10.666666666666666
        },
        "w_d": {
            "lower": 0.0038199999999999996,
            "upper": 0.00416
        },
        "ramp": {
            "lower": 1e-10,
            "upper": 0.5
        },
        "t_tot": {
            "lower": 88.75,
            "upper": 91.25
        }
    }
}