{
    "regime": "amp_5_wd_2_ramp_0_t117.5",
    "t_tot_center": 117.5,
    "best_t_tot": 117.45152920747555,
    "best_amp": 21.35743233896545,
    "best_w_d": 0.003494056373033259,
    "best_ramp": 0.13680079924428482,
    "best_value": 0.0004219566027031061,
    "optimization_time": 4292.336196899414,
    "regime_bounds": {
        "amp": {
            "lower": 21.333333333333332,
            "upper": 24.0
        },
        "w_d": {
            "lower": 0.0034799999999999996,
            "upper": 0.0038199999999999996
        },
        "ramp": {
            "lower": 1e-10,
            "upper": 0.5
        },
        "t_tot": {
            "lower": 116.25,
            "upper": 118.75
        }
    }
}