{
    "regime": "amp_3_wd_2_ramp_0_t77.5",
    "t_tot_center": 77.5,
    "best_t_tot": 78.67394756161846,
    "best_amp": 16.284992697443236,
    "best_w_d": 0.003811620062446547,
    "best_ramp": 0.1284249939056471,
    "best_value": 0.08706496759221768,
    "optimization_time": 1790.205866098404,
    "regime_bounds": {
        "amp": {
            "lower": 16.0,
            "upper": 18.666666666666664
        },
        "w_d": {
            "lower": 0.0034799999999999996,
            "upper": 0.0038199999999999996
        },
        "ramp": {
            "lower": 1e-10,
            "upper": 0.5
        },
        "t_tot": {
            "lower": 76.25,
            "upper": 78.75
        }
    }
}