{
    "regime": "amp_4_wd_0_ramp_0_t112.5",
    "t_tot_center": 112.5,
    "best_t_tot": 112.58134302761225,
    "best_amp": 18.76105384513259,
    "best_w_d": 0.003117431635378458,
    "best_ramp": 0.1291807874544906,
    "best_value": 0.0006215548941559363,
    "optimization_time": 4210.155734300613,
    "regime_bounds": {
        "amp": {
            "lower": 18.666666666666664,
            "upper": 21.333333333333332
        },
        "w_d": {
            "lower": 0.0028,
            "upper": 0.00314
        },
        "ramp": {
            "lower": 1e-10,
            "upper": 0.5
        },
        "t_tot": {
            "lower": 111.25,
            "upper": 113.75
        }
    }
}