{
    "regime": "amp_3_wd_1_ramp_0_t117.5",
    "t_tot_center": 117.5,
    "best_t_tot": 118.14526992484272,
    "best_amp": 16.55056968301277,
    "best_w_d": 0.0034085239060436877,
    "best_ramp": 0.16679069233271163,
    "best_value": 2.512887379923089e-05,
    "optimization_time": 2897.158838748932,
    "regime_bounds": {
        "amp": {
            "lower": 16.0,
            "upper": 18.666666666666664
        },
        "w_d": {
            "lower": 0.00314,
            "upper": 0.0034799999999999996
        },
        "ramp": {
            "lower": 1e-10,
            "upper": 0.5
        },
        "t_tot": {
            "lower": 116.25,
            "upper": 118.75
        }
    }
}