{
    "regime": "amp_0_wd_1_ramp_0_t100.0",
    "t_tot_center": 100.0,
    "best_t_tot": 101.248737484302,
    "best_amp": 10.666663785223456,
    "best_w_d": 0.003443035224259277,
    "best_ramp": 0.06126137973786879,
    "best_value": 0.43958647164288395,
    "optimization_time": 1998.3606345653534,
    "regime_bounds": {
        "amp": {
            "lower": 8.0,
            "upper": 10.666666666666666
        },
        "w_d": {
            "lower": 0.00314,
            "upper": 0.0034799999999999996
        },
        "ramp": {
            "lower": 1e-10,
            "upper": 0.5
        },
        "t_tot": {
            "lower": 98.75,
            "upper": 101.25
        }
    }
}