{
    "regime": "amp_2_wd_3_ramp_0_t95.0",
    "t_tot_center": 95.0,
    "best_t_tot": 94.5907455245897,
    "best_amp": 14.034029173918677,
    "best_w_d": 0.004015044753709586,
    "best_ramp": 0.1356522982016301,
    "best_value": 0.0001539853113489887,
    "optimization_time": 2723.998244524002,
    "regime_bounds": {
        "amp": {
            "lower": 13.333333333333332,
            "upper": 16.0
        },
        "w_d": {
            "lower": 0.0038199999999999996,
            "upper": 0.00416
        },
        "ramp": {
            "lower": 1e-10,
            "upper": 0.5
        },
        "t_tot": {
            "lower": 93.75,
            "upper": 96.25
        }
    }
}