{
    "regime": "amp_2_wd_2_ramp_0_t77.5",
    "t_tot_center": 77.5,
    "best_t_tot": 78.72476564818172,
    "best_amp": 15.956091451479269,
    "best_w_d": 0.003819993738210862,
    "best_ramp": 0.13238677161129583,
    "best_value": 0.09120868678384397,
    "optimization_time": 3018.440141439438,
    "regime_bounds": {
        "amp": {
            "lower": 13.333333333333332,
            "upper": 16.0
        },
        "w_d": {
            "lower": 0.0034799999999999996,
            "upper": 0.0038199999999999996
        },
        "ramp": {
            "lower": 1e-10,
            "upper": 0.5
        },
        "t_tot": {
            "lower": 76.25,
            "upper": 78.75
        }
    }
}