{
    "regime": "amp_1_wd_1_ramp_0_t65.0",
    "t_tot_center": 65.0,
    "best_t_tot": 64.66628478610191,
    "best_amp": 13.225123321222481,
    "best_w_d": 0.0031479080039114897,
    "best_ramp": 0.27135339924194996,
    "best_value": 0.008841659702911444,
    "optimization_time": 1131.7367601394653,
    "regime_bounds": {
        "amp": {
            "lower": 10.666666666666666,
            "upper": 13.333333333333332
        },
        "w_d": {
            "lower": 0.00314,
            "upper": 0.0034799999999999996
        },
        "ramp": {
            "lower": 1e-10,
            "upper": 0.5
        },
        "t_tot": {
            "lower": 63.75,
            "upper": 66.25
        }
    }
}