{
    "regime": "amp_1_wd_0_ramp_0_t65.0",
    "t_tot_center": 65.0,
    "best_t_tot": 64.18303867554796,
    "best_amp": 12.735718711528799,
    "best_w_d": 0.0030381202258720225,
    "best_ramp": 0.28692945914026363,
    "best_value": 0.00916312021039053,
    "optimization_time": 2502.0937123298645,
    "regime_bounds": {
        "amp": {
            "lower": 10.666666666666666,
            "upper": 13.333333333333332
        },
        "w_d": {
            "lower": 0.0028,
            "upper": 0.00314
        },
        "ramp": {
            "lower": 1e-10,
            "upper": 0.5
        },
        "t_tot": {
            "lower": 63.75,
            "upper": 66.25
        }
    }
}