{
    "regime": "amp_2_wd_4_ramp_0_t87.5",
    "t_tot_center": 87.5,
    "best_t_tot": 87.4858996522891,
    "best_amp": 14.098657485476775,
    "best_w_d": 0.004175930605379384,
    "best_ramp": 0.1512716461972995,
    "best_value": 0.0004285400261975701,
    "optimization_time": 963.0745277404785,
    "regime_bounds": {
        "amp": {
            "lower": 13.333333333333332,
            "upper": 16.0
        },
        "w_d": {
            "lower": 0.00416,
            "upper": 0.0045
        },
        "ramp": {
            "lower": 1e-10,
            "upper": 0.5
        },
        "t_tot": {
            "lower": 86.25,
            "upper": 88.75
        }
    }
}