{
    "regime": "amp_0_wd_0_ramp_0_t112.5",
    "t_tot_center": 112.5,
    "best_t_tot": 113.74998115696877,
    "best_amp": 10.659382219310011,
    "best_w_d": 0.003139999263159015,
    "best_ramp": 0.0559026575670476,
    "best_value": 0.29465759427647886,
    "optimization_time": 1688.2037348747253,
    "regime_bounds": {
        "amp": {
            "lower": 8.0,
            "upper": 10.666666666666666
        },
        "w_d": {
            "lower": 0.0028,
            "upper": 0.00314
        },
        "ramp": {
            "lower": 1e-10,
            "upper": 0.5
        },
        "t_tot": {
            "lower": 111.25,
            "upper": 113.75
        }
    }
}