{
    "regime": "amp_5_wd_0_ramp_0_t115.0",
    "t_tot_center": 115.0,
    "best_t_tot": 115.02947428026177,
    "best_amp": 22.333011516183646,
    "best_w_d": 0.0030707117082561484,
    "best_ramp": 0.24389466688366923,
    "best_value": 0.0043142597121242085,
    "optimization_time": 4429.222734928131,
    "regime_bounds": {
        "amp": {
            "lower": 21.333333333333332,
            "upper": 24.0
        },
        "w_d": {
            "lower": 0.0028,
            "upper": 0.00314
        },
        "ramp": {
            "lower": 1e-10,
            "upper": 0.5
        },
        "t_tot": {
            "lower": 113.75,
            "upper": 116.25
        }
    }
}