{
    "regime": "amp_5_wd_2_ramp_0_t105.0",
    "t_tot_center": 105.0,
    "best_t_tot": 104.99387477279714,
    "best_amp": 21.58297023106204,
    "best_w_d": 0.003484469714526663,
    "best_ramp": 0.1370836675555355,
    "best_value": 0.0016694585316508537,
    "optimization_time": 3507.093725681305,
    "regime_bounds": {
        "amp": {
            "lower": 21.333333333333332,
            "upper": 24.0
        },
        "w_d": {
            "lower": 0.0034799999999999996,
            "upper": 0.0038199999999999996
        },
        "ramp": {
            "lower": 1e-10,
            "upper": 0.5
        },
        "t_tot": {
            "lower": 103.75,
            "upper": 106.25
        }
    }
}