{
    "regime": "amp_1_wd_4_ramp_0_t102.5",
    "t_tot_center": 102.5,
    "best_t_tot": 102.53885465836326,
    "best_amp": 13.047866516837146,
    "best_w_d": 0.004207993638594558,
    "best_ramp": 0.13017248586120947,
    "best_value": 0.0017463234575680444,
    "optimization_time": 3649.907232761383,
    "regime_bounds": {
        "amp": {
            "lower": 10.666666666666666,
            "upper": 13.333333333333332
        },
        "w_d": {
            "lower": 0.00416,
            "upper": 0.0045
        },
        "ramp": {
            "lower": 1e-10,
            "upper": 0.5
        },
        "t_tot": {
            "lower": 101.25,
            "upper": 103.75
        }
    }
}