{
    "regime": "amp_0_wd_0_ramp_0_t97.5",
    "t_tot_center": 97.5,
    "best_t_tot": 96.25002092048845,
    "best_amp": 10.666666631959567,
    "best_w_d": 0.003139999496506885,
    "best_ramp": 0.08259820309147675,
    "best_value": 0.6876806194223626,
    "optimization_time": 2352.3934631347656,
    "regime_bounds": {
        "amp": {
            "lower": 8.0,
            "upper": 10.666666666666666
        },
        "w_d": {
            "lower": 0.0028,
            "upper": 0.00314
        },
        "ramp": {
            "lower": 1e-10,
            "upper": 0.5
        },
        "t_tot": {
            "lower": 96.25,
            "upper": 98.75
        }
    }
}