{
    "regime": "amp_4_wd_2_ramp_0_t60.0",
    "t_tot_center": 60.0,
    "best_t_tot": 60.992934062567635,
    "best_amp": 18.840425353282814,
    "best_w_d": 0.0034848483084528883,
    "best_ramp": 0.2784550517499386,
    "best_value": 0.021308163939563515,
    "optimization_time": 2779.1187295913696,
    "regime_bounds": {
        "amp": {
            "lower": 18.666666666666664,
            "upper": 21.333333333333332
        },
        "w_d": {
            "lower": 0.0034799999999999996,
            "upper": 0.0038199999999999996
        },
        "ramp": {
            "lower": 1e-10,
            "upper": 0.5
        },
        "t_tot": {
            "lower": 58.75,
            "upper": 61.25
        }
    }
}