{
    "regime": "amp_5_wd_3_ramp_0_t105.0",
    "t_tot_center": 105.0,
    "best_t_tot": 105.00070264045532,
    "best_amp": 21.575202838594617,
    "best_w_d": 0.003851497497268204,
    "best_ramp": 0.1547089621501647,
    "best_value": 0.0005929655579273702,
    "optimization_time": 3990.384668111801,
    "regime_bounds": {
        "amp": {
            "lower": 21.333333333333332,
            "upper": 24.0
        },
        "w_d": {
            "lower": 0.0038199999999999996,
            "upper": 0.00416
        },
        "ramp": {
            "lower": 1e-10,
            "upper": 0.5
        },
        "t_tot": {
            "lower": 103.75,
            "upper": 106.25
        }
    }
}