{
    "regime": "amp_3_wd_0_ramp_0_t110.0",
    "t_tot_center": 110.0,
    "best_t_tot": 111.24987279506706,
    "best_amp": 16.561152311369955,
    "best_w_d": 0.0031090086558796023,
    "best_ramp": 0.11196750962122148,
    "best_value": 0.001970890163192494,
    "optimization_time": 3212.597619533539,
    "regime_bounds": {
        "amp": {
            "lower": 16.0,
            "upper": 18.666666666666664
        },
        "w_d": {
            "lower": 0.0028,
            "upper": 0.00314
        },
        "ramp": {
            "lower": 1e-10,
            "upper": 0.5
        },
        "t_tot": {
            "lower": 108.75,
            "upper": 111.25
        }
    }
}