{
    "regime": "amp_5_wd_1_ramp_0_t120.0",
    "t_tot_center": 120.0,
    "best_t_tot": 120.03131568863908,
    "best_amp": 21.712729988344407,
    "best_w_d": 0.003457040538722039,
    "best_ramp": 0.1200766298130054,
    "best_value": 0.002312097533357059,
    "optimization_time": 4776.777843952179,
    "regime_bounds": {
        "amp": {
            "lower": 21.333333333333332,
            "upper": 24.0
        },
        "w_d": {
            "lower": 0.00314,
            "upper": 0.0034799999999999996
        },
        "ramp": {
            "lower": 1e-10,
            "upper": 0.5
        },
        "t_tot": {
            "lower": 118.75,
            "upper": 121.25
        }
    }
}