{
    "regime": "amp_5_wd_4_ramp_0_t85.0",
    "t_tot_center": 85.0,
    "best_t_tot": 85.33055621520847,
    "best_amp": 21.858104483191017,
    "best_w_d": 0.004316469313223213,
    "best_ramp": 0.15775068035797388,
    "best_value": 0.004234278967597911,
    "optimization_time": 4274.991015434265,
    "regime_bounds": {
        "amp": {
            "lower": 21.333333333333332,
            "upper": 24.0
        },
        "w_d": {
            "lower": 0.00416,
            "upper": 0.0045
        },
        "ramp": {
            "lower": 1e-10,
            "upper": 0.5
        },
        "t_tot": {
            "lower": 83.75,
            "upper": 86.25
        }
    }
}