{
    "regime": "amp_1_wd_0_ramp_0_t85.0",
    "t_tot_center": 85.0,
    "best_t_tot": 83.75008990293496,
    "best_amp": 13.322064111522229,
    "best_w_d": 0.0031348622283152105,
    "best_ramp": 0.13752185315549192,
    "best_value": 0.40313803575268936,
    "optimization_time": 2514.5812380313873,
    "regime_bounds": {
        "amp": {
            "lower": 10.666666666666666,
            "upper": 13.333333333333332
        },
        "w_d": {
            "lower": 0.0028,
            "upper": 0.00314
        },
        "ramp": {
            "lower": 1e-10,
            "upper": 0.5
        },
        "t_tot": {
            "lower": 83.75,
            "upper": 86.25
        }
    }
}