{
    "regime": "amp_3_wd_3_ramp_0_t62.5",
    "t_tot_center": 62.5,
    "best_t_tot": 62.25444092405047,
    "best_amp": 16.283453477517117,
    "best_w_d": 0.0038324555978534527,
    "best_ramp": 0.25180413495487436,
    "best_value": 0.008631685346674928,
    "optimization_time": 3010.218056201935,
    "regime_bounds": {
        "amp": {
            "lower": 16.0,
            "upper": 18.666666666666664
        },
        "w_d": {
            "lower": 0.0038199999999999996,
            "upper": 0.00416
        },
        "ramp": {
            "lower": 1e-10,
            "upper": 0.5
        },
        "t_tot": {
            "lower": 61.25,
            "upper": 63.75
        }
    }
}