{
    "regime": "amp_3_wd_4_ramp_0_t117.5",
    "t_tot_center": 117.5,
    "best_t_tot": 117.46448057896175,
    "best_amp": 16.468561505966782,
    "best_w_d": 0.0042342826069212474,
    "best_ramp": 0.1379144596228465,
    "best_value": 0.0003453291590113575,
    "optimization_time": 3080.4230918884277,
    "regime_bounds": {
        "amp": {
            "lower": 16.0,
            "upper": 18.666666666666664
        },
        "w_d": {
            "lower": 0.00416,
            "upper": 0.0045
        },
        "ramp": {
            "lower": 1e-10,
            "upper": 0.5
        },
        "t_tot": {
            "lower": 116.25,
            "upper": 118.75
        }
    }
}