{
    "regime": "amp_1_wd_4_ramp_0_t87.5",
    "t_tot_center": 87.5,
    "best_t_tot": 87.85497711668492,
    "best_amp": 13.105288916170522,
    "best_w_d": 0.0041925687443818424,
    "best_ramp": 0.11765599416947475,
    "best_value": 0.0007168860256784552,
    "optimization_time": 2704.7992129325867,
    "regime_bounds": {
        "amp": {
            "lower": 10.666666666666666,
            "upper": 13.333333333333332
        },
        "w_d": {
            "lower": 0.00416,
            "upper": 0.0045
        },
        "ramp": {
            "lower": 1e-10,
            "upper": 0.5
        },
        "t_tot": {
            "lower": 86.25,
            "upper": 88.75
        }
    }
}