{
    "regime": "amp_0_wd_0_ramp_0_t110.0",
    "t_tot_center": 110.0,
    "best_t_tot": 110.21627659728215,
    "best_amp": 10.604213962177727,
    "best_w_d": 0.0031395228167284944,
    "best_ramp": 0.0657633611998184,
    "best_value": 0.45064787211678403,
    "optimization_time": 2242.000641345978,
    "regime_bounds": {
        "amp": {
            "lower": 8.0,
            "upper": 10.666666666666666
        },
        "w_d": {
            "lower": 0.0028,
            "upper": 0.00314
        },
        "ramp": {
            "lower": 1e-10,
            "upper": 0.5
        },
        "t_tot": {
            "lower": 108.75,
            "upper": 111.25
        }
    }
}