{
    "regime": "amp_2_wd_3_ramp_0_t67.5",
    "t_tot_center": 67.5,
    "best_t_tot": 66.25000508976376,
    "best_amp": 15.9805482478653,
    "best_w_d": 0.004155740426684399,
    "best_ramp": 0.1824645943786393,
    "best_value": 0.08084415504130509,
    "optimization_time": 1753.1798696517944,
    "regime_bounds": {
        "amp": {
            "lower": 13.333333333333332,
            "upper": 16.0
        },
        "w_d": {
            "lower": 0.0038199999999999996,
            "upper": 0.00416
        },
        "ramp": {
            "lower": 1e-10,
            "upper": 0.5
        },
        "t_tot": {
            "lower": 66.25,
            "upper": 68.75
        }
    }
}