{
    "regime": "amp_1_wd_3_ramp_0_t60.0",
    "t_tot_center": 60.0,
    "best_t_tot": 58.7503077294352,
    "best_amp": 13.08880741105167,
    "best_w_d": 0.0038395588812973856,
    "best_ramp": 0.2663072890781561,
    "best_value": 0.08332739118410956,
    "optimization_time": 1376.0979626178741,
    "regime_bounds": {
        "amp": {
            "lower": 10.666666666666666,
            "upper": 13.333333333333332
        },
        "w_d": {
            "lower": 0.0038199999999999996,
            "upper": 0.00416
        },
        "ramp": {
            "lower": 1e-10,
            "upper": 0.5
        },
        "t_tot": {
            "lower": 58.75,
            "upper": 61.25
        }
    }
}