{
    "regime": "amp_0_wd_2_ramp_0_t105.0",
    "t_tot_center": 105.0,
    "best_t_tot": 106.23369710046457,
    "best_amp": 10.645897998458354,
    "best_w_d": 0.0035661331895838685,
    "best_ramp": 0.06549326002129377,
    "best_value": 0.04160147966417338,
    "optimization_time": 4188.050177097321,
    "regime_bounds": {
        "amp": {
            "lower": 8.0,
            "upper": 10.666666666666666
        },
        "w_d": {
            "lower": 0.0034799999999999996,
            "upper": 0.0038199999999999996
        },
        "ramp": {
            "lower": 1e-10,
            "upper": 0.5
        },
        "t_tot": {
            "lower": 103.75,
            "upper": 106.25
        }
    }
}