{
    "regime": "amp_0_wd_2_ramp_0_t55.0",
    "t_tot_center": 55.0,
    "best_t_tot": 53.75058280504858,
    "best_amp": 10.493978848839749,
    "best_w_d": 0.003543340048858425,
    "best_ramp": 0.29140745555448605,
    "best_value": 0.11765903975319725,
    "optimization_time": 3126.1409277915955,
    "regime_bounds": {
        "amp": {
            "lower": 8.0,
            "upper": 10.666666666666666
        },
        "w_d": {
            "lower": 0.0034799999999999996,
            "upper": 0.0038199999999999996
        },
        "ramp": {
            "lower": 1e-10,
            "upper": 0.5
        },
        "t_tot": {
            "lower": 53.75,
            "upper": 56.25
        }
    }
}