{
    "regime": "amp_4_wd_3_ramp_0_t117.5",
    "t_tot_center": 117.5,
    "best_t_tot": 118.10876480738469,
    "best_amp": 19.02654034700816,
    "best_w_d": 0.0038533255258528664,
    "best_ramp": 0.16928052411889594,
    "best_value": 3.1168163381103585e-05,
    "optimization_time": 4180.657666683197,
    "regime_bounds": {
        "amp": {
            "lower": 18.666666666666664,
            "upper": 21.333333333333332
        },
        "w_d": {
            "lower": 0.0038199999999999996,
            "upper": 0.00416
        },
        "ramp": {
            "lower": 1e-10,
            "upper": 0.5
        },
        "t_tot": {
            "lower": 116.25,
            "upper": 118.75
        }
    }
}