{
    "regime": "amp_3_wd_0_ramp_0_t102.5",
    "t_tot_center": 102.5,
    "best_t_tot": 103.74996788723219,
    "best_amp": 18.27301996767364,
    "best_w_d": 0.003139454987929081,
    "best_ramp": 0.11354981759607365,
    "best_value": 0.05062075394197464,
    "optimization_time": 2275.2346243858337,
    "regime_bounds": {
        "amp": {
            "lower": 16.0,
            "upper": 18.666666666666664
        },
        "w_d": {
            "lower": 0.0028,
            "upper": 0.00314
        },
        "ramp": {
            "lower": 1e-10,
            "upper": 0.5
        },
        "t_tot": {
            "lower": 101.25,
            "upper": 103.75
        }
    }
}