{
    "regime": "amp_2_wd_1_ramp_0_t92.5",
    "t_tot_center": 92.5,
    "best_t_tot": 91.91750876282845,
    "best_amp": 14.167802129791419,
    "best_w_d": 0.0034724607450240994,
    "best_ramp": 0.19360845131616966,
    "best_value": 0.25687459063761287,
    "optimization_time": 2113.0011987686157,
    "regime_bounds": {
        "amp": {
            "lower": 13.333333333333332,
            "upper": 16.0
        },
        "w_d": {
            "lower": 0.00314,
            "upper": 0.0034799999999999996
        },
        "ramp": {
            "lower": 1e-10,
            "upper": 0.5
        },
        "t_tot": {
            "lower": 91.25,
            "upper": 93.75
        }
    }
}