{
    "regime": "amp_4_wd_3_ramp_0_t95.0",
    "t_tot_center": 95.0,
    "best_t_tot": 94.93263396672317,
    "best_amp": 18.88062570263465,
    "best_w_d": 0.004037060742792993,
    "best_ramp": 0.14873291418821938,
    "best_value": 0.0007782999472975456,
    "optimization_time": 2302.703033685684,
    "regime_bounds": {
        "amp": {
            "lower": 18.666666666666664,
            "upper": 21.333333333333332
        },
        "w_d": {
            "lower": 0.0038199999999999996,
            "upper": 0.00416
        },
        "ramp": {
            "lower": 1e-10,
            "upper": 0.5
        },
        "t_tot": {
            "lower": 93.75,
            "upper": 96.25
        }
    }
}