{
    "regime": "amp_5_wd_3_ramp_0_t70.0",
    "t_tot_center": 70.0,
    "best_t_tot": 69.97198466787573,
    "best_amp": 21.686283957649824,
    "best_w_d": 0.004134369033028244,
    "best_ramp": 0.25751459655418685,
    "best_value": 0.020311638856273455,
    "optimization_time": 2121.402443408966,
    "regime_bounds": {
        "amp": {
            "lower": 21.333333333333332,
            "upper": 24.0
        },
        "w_d": {
            "lower": 0.0038199999999999996,
            "upper": 0.00416
        },
        "ramp": {
            "lower": 1e-10,
            "upper": 0.5
        },
        "t_tot": {
            "lower": 68.75,
            "upper": 71.25
        }
    }
}