{
    "regime": "amp_1_wd_1_ramp_0_t97.5",
    "t_tot_center": 97.5,
    "best_t_tot": 98.74907379265176,
    "best_amp": 13.20958198049949,
    "best_w_d": 0.003364870379776902,
    "best_ramp": 0.08370335413295556,
    "best_value": 0.2511842296328942,
    "optimization_time": 2486.890123605728,
    "regime_bounds": {
        "amp": {
            "lower": 10.666666666666666,
            "upper": 13.333333333333332
        },
        "w_d": {
            "lower": 0.00314,
            "upper": 0.0034799999999999996
        },
        "ramp": {
            "lower": 1e-10,
            "upper": 0.5
        },
        "t_tot": {
            "lower": 96.25,
            "upper": 98.75
        }
    }
}