{
    "regime": "amp_4_wd_4_ramp_0_t115.0",
    "t_tot_center": 115.0,
    "best_t_tot": 115.06510413517728,
    "best_amp": 18.754686644077857,
    "best_w_d": 0.0041990442778166905,
    "best_ramp": 0.11570603062407894,
    "best_value": 0.0019121913303766845,
    "optimization_time": 3136.514542579651,
    "regime_bounds": {
        "amp": {
            "lower": 18.666666666666664,
            "upper": 21.333333333333332
        },
        "w_d": {
            "lower": 0.00416,
            "upper": 0.0045
        },
        "ramp": {
            "lower": 1e-10,
            "upper": 0.5
        },
        "t_tot": {
            "lower": 113.75,
            "upper": 116.25
        }
    }
}