{
    "regime": "amp_1_wd_1_ramp_0_t85.0",
    "t_tot_center": 85.0,
    "best_t_tot": 85.86263502811696,
    "best_amp": 13.26102022958744,
    "best_w_d": 0.003474870985043271,
    "best_ramp": 0.09635083085005798,
    "best_value": 0.30179226227992617,
    "optimization_time": 2112.342406988144,
    "regime_bounds": {
        "amp": {
            "lower": 10.666666666666666,
            "upper": 13.333333333333332
        },
        "w_d": {
            "lower": 0.00314,
            "upper": 0.0034799999999999996
        },
        "ramp": {
            "lower": 1e-10,
            "upper": 0.5
        },
        "t_tot": {
            "lower": 83.75,
            "upper": 86.25
        }
    }
}