{
    "regime": "amp_2_wd_4_ramp_0_t120.0",
    "t_tot_center": 120.0,
    "best_t_tot": 119.84859526914694,
    "best_amp": 13.841569404711286,
    "best_w_d": 0.0041956340439215775,
    "best_ramp": 0.16135851746174878,
    "best_value": 0.001640133645178289,
    "optimization_time": 2588.882680416107,
    "regime_bounds": {
        "amp": {
            "lower": 13.333333333333332,
            "upper": 16.0
        },
        "w_d": {
            "lower": 0.00416,
            "upper": 0.0045
        },
        "ramp": {
            "lower": 1e-10,
            "upper": 0.5
        },
        "t_tot": {
            "lower": 118.75,
            "upper": 121.25
        }
    }
}