{
    "regime": "amp_4_wd_0_ramp_0_t92.5",
    "t_tot_center": 92.5,
    "best_t_tot": 93.66828359772568,
    "best_amp": 18.807737051778275,
    "best_w_d": 0.0031313851296272998,
    "best_ramp": 0.12180241984693786,
    "best_value": 0.09829479734023464,
    "optimization_time": 2828.884219646454,
    "regime_bounds": {
        "amp": {
            "lower": 18.666666666666664,
            "upper": 21.333333333333332
        },
        "w_d": {
            "lower": 0.0028,
            "upper": 0.00314
        },
        "ramp": {
            "lower": 1e-10,
            "upper": 0.5
        },
        "t_tot": {
            "lower": 91.25,
            "upper": 93.75
        }
    }
}