{
    "regime": "amp_2_wd_0_ramp_0_t52.5",
    "t_tot_center": 52.5,
    "best_t_tot": 53.273700018762284,
    "best_amp": 13.76778574355723,
    "best_w_d": 0.0031343102287266053,
    "best_ramp": 0.3341003074570844,
    "best_value": 0.00657761449981051,
    "optimization_time": 4918.6996738910675,
    "regime_bounds": {
        "amp": {
            "lower": 13.333333333333332,
            "upper": 16.0
        },
        "w_d": {
            "lower": 0.0028,
            "upper": 0.00314
        },
        "ramp": {
            "lower": 1e-10,
            "upper": 0.5
        },
        "t_tot": {
            "lower": 51.25,
            "upper": 53.75
        }
    }
}