{
    "regime": "amp_2_wd_0_ramp_0_t85.0",
    "t_tot_center": 85.0,
    "best_t_tot": 84.74976151451372,
    "best_amp": 15.902777852750129,
    "best_w_d": 0.0030979897528824614,
    "best_ramp": 0.15686241055900801,
    "best_value": 0.2247289116629516,
    "optimization_time": 2893.245903968811,
    "regime_bounds": {
        "amp": {
            "lower": 13.333333333333332,
            "upper": 16.0
        },
        "w_d": {
            "lower": 0.0028,
            "upper": 0.00314
        },
        "ramp": {
            "lower": 1e-10,
            "upper": 0.5
        },
        "t_tot": {
            "lower": 83.75,
            "upper": 86.25
        }
    }
}