{
    "regime": "amp_3_wd_3_ramp_0_t95.0",
    "t_tot_center": 95.0,
    "best_t_tot": 94.84175800466508,
    "best_amp": 16.237590604743325,
    "best_w_d": 0.004117112215607156,
    "best_ramp": 0.2601476544256198,
    "best_value": 3.88362095115506e-06,
    "optimization_time": 2686.3726737499237,
    "regime_bounds": {
        "amp": {
            "lower": 16.0,
            "upper": 18.666666666666664
        },
        "w_d": {
            "lower": 0.0038199999999999996,
            "upper": 0.00416
        },
        "ramp": {
            "lower": 1e-10,
            "upper": 0.5
        },
        "t_tot": {
            "lower": 93.75,
            "upper": 96.25
        }
    }
}