{
    "regime": "amp_2_wd_4_ramp_0_t92.5",
    "t_tot_center": 92.5,
    "best_t_tot": 92.08215150657557,
    "best_amp": 14.0675130438133,
    "best_w_d": 0.004203227309498543,
    "best_ramp": 0.18281045972713383,
    "best_value": 1.6788110590452204e-05,
    "optimization_time": 4662.764399528503,
    "regime_bounds": {
        "amp": {
            "lower": 13.333333333333332,
            "upper": 16.0
        },
        "w_d": {
            "lower": 0.00416,
            "upper": 0.0045
        },
        "ramp": {
            "lower": 1e-10,
            "upper": 0.5
        },
        "t_tot": {
            "lower": 91.25,
            "upper": 93.75
        }
    }
}