{
    "regime": "amp_3_wd_0_ramp_0_t105.0",
    "t_tot_center": 105.0,
    "best_t_tot": 106.02045274062753,
    "best_amp": 18.394271915119255,
    "best_w_d": 0.0031158085675452767,
    "best_ramp": 0.09966722674615054,
    "best_value": 0.02187578637396826,
    "optimization_time": 3085.074763059616,
    "regime_bounds": {
        "amp": {
            "lower": 16.0,
            "upper": 18.666666666666664
        },
        "w_d": {
            "lower": 0.0028,
            "upper": 0.00314
        },
        "ramp": {
            "lower": 1e-10,
            "upper": 0.5
        },
        "t_tot": {
            "lower": 103.75,
            "upper": 106.25
        }
    }
}