{
    "regime": "amp_5_wd_0_ramp_0_t65.0",
    "t_tot_center": 65.0,
    "best_t_tot": 64.98213633306989,
    "best_amp": 21.996848586713604,
    "best_w_d": 0.0029157617945701733,
    "best_ramp": 0.3253513196813295,
    "best_value": 0.009646550726333275,
    "optimization_time": 2581.1016268730164,
    "regime_bounds": {
        "amp": {
            "lower": 21.333333333333332,
            "upper": 24.0
        },
        "w_d": {
            "lower": 0.0028,
            "upper": 0.00314
        },
        "ramp": {
            "lower": 1e-10,
            "upper": 0.5
        },
        "t_tot": {
            "lower": 63.75,
            "upper": 66.25
        }
    }
}