{
    "regime": "amp_5_wd_2_ramp_0_t52.5",
    "t_tot_center": 52.5,
    "best_t_tot": 52.66072162884032,
    "best_amp": 21.89516441102007,
    "best_w_d": 0.0036254685043011423,
    "best_ramp": 0.3060813249908353,
    "best_value": 0.044959930749714834,
    "optimization_time": 1503.0327472686768,
    "regime_bounds": {
        "amp": {
            "lower": 21.333333333333332,
            "upper": 24.0
        },
        "w_d": {
            "lower": 0.0034799999999999996,
            "upper": 0.0038199999999999996
        },
        "ramp": {
            "lower": 1e-10,
            "upper": 0.5
        },
        "t_tot": {
            "lower": 51.25,
            "upper": 53.75
        }
    }
}