{
    "regime": "amp_3_wd_3_ramp_0_t107.5",
    "t_tot_center": 107.5,
    "best_t_tot": 107.67231414196944,
    "best_amp": 16.3438426583125,
    "best_w_d": 0.00382000012876747,
    "best_ramp": 0.12124229712015,
    "best_value": 2.7757651513967984e-05,
    "optimization_time": 1447.0178399085999,
    "regime_bounds": {
        "amp": {
            "lower": 16.0,
            "upper": 18.666666666666664
        },
        "w_d": {
            "lower": 0.0038199999999999996,
            "upper": 0.00416
        },
        "ramp": {
            "lower": 1e-10,
            "upper": 0.5
        },
        "t_tot": {
            "lower": 106.25,
            "upper": 108.75
        }
    }
}