{
    "regime": "amp_5_wd_1_ramp_0_t95.0",
    "t_tot_center": 95.0,
    "best_t_tot": 95.07610836281627,
    "best_amp": 21.394180721803536,
    "best_w_d": 0.0034615870796118166,
    "best_ramp": 0.15288405482211567,
    "best_value": 0.0023035771156798444,
    "optimization_time": 3388.4799933433533,
    "regime_bounds": {
        "amp": {
            "lower": 21.333333333333332,
            "upper": 24.0
        },
        "w_d": {
            "lower": 0.00314,
            "upper": 0.0034799999999999996
        },
        "ramp": {
            "lower": 1e-10,
            "upper": 0.5
        },
        "t_tot": {
            "lower": 93.75,
            "upper": 96.25
        }
    }
}