{
    "regime": "amp_3_wd_3_ramp_0_t67.5",
    "t_tot_center": 67.5,
    "best_t_tot": 67.26464780351697,
    "best_amp": 18.641724778865715,
    "best_w_d": 0.004151840404565484,
    "best_ramp": 0.2209800720965446,
    "best_value": 0.03582968999358575,
    "optimization_time": 2062.0555386543274,
    "regime_bounds": {
        "amp": {
            "lower": 16.0,
            "upper": 18.666666666666664
        },
        "w_d": {
            "lower": 0.0038199999999999996,
            "upper": 0.00416
        },
        "ramp": {
            "lower": 1e-10,
            "upper": 0.5
        },
        "t_tot": {
            "lower": 66.25,
            "upper": 68.75
        }
    }
}