{
    "regime": "amp_1_wd_3_ramp_0_t107.5",
    "t_tot_center": 107.5,
    "best_t_tot": 107.1501968095355,
    "best_amp": 11.080511652035415,
    "best_w_d": 0.0038723056271113654,
    "best_ramp": 0.1182107534712517,
    "best_value": 6.259773778013684e-05,
    "optimization_time": 2917.1885871887207,
    "regime_bounds": {
        "amp": {
            "lower": 10.666666666666666,
            "upper": 13.333333333333332
        },
        "w_d": {
            "lower": 0.0038199999999999996,
            "upper": 0.00416
        },
        "ramp": {
            "lower": 1e-10,
            "upper": 0.5
        },
        "t_tot": {
            "lower": 106.25,
            "upper": 108.75
        }
    }
}