{
    "regime": "amp_5_wd_0_ramp_0_t60.0",
    "t_tot_center": 60.0,
    "best_t_tot": 60.02690148212289,
    "best_amp": 21.45171653543611,
    "best_w_d": 0.0029552856787488134,
    "best_ramp": 0.3088451599979282,
    "best_value": 0.038841078568929495,
    "optimization_time": 3931.155051469803,
    "regime_bounds": {
        "amp": {
            "lower": 21.333333333333332,
            "upper": 24.0
        },
        "w_d": {
            "lower": 0.0028,
            "upper": 0.00314
        },
        "ramp": {
            "lower": 1e-10,
            "upper": 0.5
        },
        "t_tot": {
            "lower": 58.75,
            "upper": 61.25
        }
    }
}