{
    "regime": "amp_4_wd_4_ramp_0_t55.0",
    "t_tot_center": 55.0,
    "best_t_tot": 55.284291772943725,
    "best_amp": 18.899293342199815,
    "best_w_d": 0.004190080256234158,
    "best_ramp": 0.23394154026632902,
    "best_value": 0.01783681262155171,
    "optimization_time": 1481.0558400154114,
    "regime_bounds": {
        "amp": {
            "lower": 18.666666666666664,
            "upper": 21.333333333333332
        },
        "w_d": {
            "lower": 0.00416,
            "upper": 0.0045
        },
        "ramp": {
            "lower": 1e-10,
            "upper": 0.5
        },
        "t_tot": {
            "lower": 53.75,
            "upper": 56.25
        }
    }
}