{
    "regime": "amp_5_wd_2_ramp_0_t72.5",
    "t_tot_center": 72.5,
    "best_t_tot": 72.09872905582364,
    "best_amp": 21.396501600967838,
    "best_w_d": 0.003798606192244028,
    "best_ramp": 0.2716850370608817,
    "best_value": 0.006390790870110901,
    "optimization_time": 2376.4766025543213,
    "regime_bounds": {
        "amp": {
            "lower": 21.333333333333332,
            "upper": 24.0
        },
        "w_d": {
            "lower": 0.0034799999999999996,
            "upper": 0.0038199999999999996
        },
        "ramp": {
            "lower": 1e-10,
            "upper": 0.5
        },
        "t_tot": {
            "lower": 71.25,
            "upper": 73.75
        }
    }
}