{
    "regime": "amp_0_wd_1_ramp_0_t120.0",
    "t_tot_center": 120.0,
    "best_t_tot": 119.46156237895107,
    "best_amp": 10.381437739144085,
    "best_w_d": 0.003470250427535761,
    "best_ramp": 0.11161568674106719,
    "best_value": 0.001137832678575466,
    "optimization_time": 2501.3647844791412,
    "regime_bounds": {
        "amp": {
            "lower": 8.0,
            "upper": 10.666666666666666
        },
        "w_d": {
            "lower": 0.00314,
            "upper": 0.0034799999999999996
        },
        "ramp": {
            "lower": 1e-10,
            "upper": 0.5
        },
        "t_tot": {
            "lower": 118.75,
            "upper": 121.25
        }
    }
}