{
    "regime": "amp_1_wd_1_ramp_0_t90.0",
    "t_tot_center": 90.0,
    "best_t_tot": 88.96803994410972,
    "best_amp": 13.31772292696371,
    "best_w_d": 0.003478353807907417,
    "best_ramp": 0.1444379171843155,
    "best_value": 0.2967834947040544,
    "optimization_time": 2436.110940217972,
    "regime_bounds": {
        "amp": {
            "lower": 10.666666666666666,
            "upper": 13.333333333333332
        },
        "w_d": {
            "lower": 0.00314,
            "upper": 0.0034799999999999996
        },
        "ramp": {
            "lower": 1e-10,
            "upper": 0.5
        },
        "t_tot": {
            "lower": 88.75,
            "upper": 91.25
        }
    }
}