{
    "regime": "amp_5_wd_0_ramp_0_t110.0",
    "t_tot_center": 110.0,
    "best_t_tot": 110.76329666787889,
    "best_amp": 21.46553474756686,
    "best_w_d": 0.003113723267853701,
    "best_ramp": 0.18587809170259545,
    "best_value": 0.0029787300713442766,
    "optimization_time": 3525.5766105651855,
    "regime_bounds": {
        "amp": {
            "lower": 21.333333333333332,
            "upper": 24.0
        },
        "w_d": {
            "lower": 0.0028,
            "upper": 0.00314
        },
        "ramp": {
            "lower": 1e-10,
            "upper": 0.5
        },
        "t_tot": {
            "lower": 108.75,
            "upper": 111.25
        }
    }
}