{
    "regime": "amp_2_wd_3_ramp_0_t62.5",
    "t_tot_center": 62.5,
    "best_t_tot": 61.89046510009332,
    "best_amp": 13.717696191639911,
    "best_w_d": 0.0038738081999333735,
    "best_ramp": 0.3248872768662095,
    "best_value": 0.054919714735721194,
    "optimization_time": 1198.6062395572662,
    "regime_bounds": {
        "amp": {
            "lower": 13.333333333333332,
            "upper": 16.0
        },
        "w_d": {
            "lower": 0.0038199999999999996,
            "upper": 0.00416
        },
        "ramp": {
            "lower": 1e-10,
            "upper": 0.5
        },
        "t_tot": {
            "lower": 61.25,
            "upper": 63.75
        }
    }
}