{
    "regime": "amp_2_wd_3_ramp_0_t87.5",
    "t_tot_center": 87.5,
    "best_t_tot": 88.13861177679604,
    "best_amp": 14.16914007802963,
    "best_w_d": 0.004017293151942042,
    "best_ramp": 0.10861598077046256,
    "best_value": 0.008303839745517445,
    "optimization_time": 1967.8366963863373,
    "regime_bounds": {
        "amp": {
            "lower": 13.333333333333332,
            "upper": 16.0
        },
        "w_d": {
            "lower": 0.0038199999999999996,
            "upper": 0.00416
        },
        "ramp": {
            "lower": 1e-10,
            "upper": 0.5
        },
        "t_tot": {
            "lower": 86.25,
            "upper": 88.75
        }
    }
}