{
    "regime": "amp_3_wd_3_ramp_0_t102.5",
    "t_tot_center": 102.5,
    "best_t_tot": 102.49997436062935,
    "best_amp": 18.44725809426645,
    "best_w_d": 0.0038272020164987664,
    "best_ramp": 0.11616578232922321,
    "best_value": 0.005245235055448903,
    "optimization_time": 2736.5751950740814,
    "regime_bounds": {
        "amp": {
            "lower": 16.0,
            "upper": 18.666666666666664
        },
        "w_d": {
            "lower": 0.0038199999999999996,
            "upper": 0.00416
        },
        "ramp": {
            "lower": 1e-10,
            "upper": 0.5
        },
        "t_tot": {
            "lower": 101.25,
            "upper": 103.75
        }
    }
}