{
    "regime": "amp_2_wd_2_ramp_0_t95.0",
    "t_tot_center": 95.0,
    "best_t_tot": 95.74803314904162,
    "best_amp": 13.960187937491634,
    "best_w_d": 0.003807997846783347,
    "best_ramp": 0.12021075377247753,
    "best_value": 0.0005747730414275524,
    "optimization_time": 1209.1184251308441,
    "regime_bounds": {
        "amp": {
            "lower": 13.333333333333332,
            "upper": 16.0
        },
        "w_d": {
            "lower": 0.0034799999999999996,
            "upper": 0.0038199999999999996
        },
        "ramp": {
            "lower": 1e-10,
            "upper": 0.5
        },
        "t_tot": {
            "lower": 93.75,
            "upper": 96.25
        }
    }
}