{
    "regime": "amp_1_wd_0_ramp_0_t95.0",
    "t_tot_center": 95.0,
    "best_t_tot": 95.17019830629354,
    "best_amp": 13.212756002225609,
    "best_w_d": 0.003139999750213967,
    "best_ramp": 0.09917659158166749,
    "best_value": 0.3876616683556666,
    "optimization_time": 2604.5596928596497,
    "regime_bounds": {
        "amp": {
            "lower": 10.666666666666666,
            "upper": 13.333333333333332
        },
        "w_d": {
            "lower": 0.0028,
            "upper": 0.00314
        },
        "ramp": {
            "lower": 1e-10,
            "upper": 0.5
        },
        "t_tot": {
            "lower": 93.75,
            "upper": 96.25
        }
    }
}