{
    "regime": "amp_5_wd_1_ramp_0_t105.0",
    "t_tot_center": 105.0,
    "best_t_tot": 105.04506509006517,
    "best_amp": 21.42765640486443,
    "best_w_d": 0.003306010159941338,
    "best_ramp": 0.20435242175971782,
    "best_value": 0.00010068774294661644,
    "optimization_time": 2434.80007147789,
    "regime_bounds": {
        "amp": {
            "lower": 21.333333333333332,
            "upper": 24.0
        },
        "w_d": {
            "lower": 0.00314,
            "upper": 0.0034799999999999996
        },
        "ramp": {
            "lower": 1e-10,
            "upper": 0.5
        },
        "t_tot": {
            "lower": 103.75,
            "upper": 106.25
        }
    }
}