{
    "regime": "amp_4_wd_2_ramp_0_t82.5",
    "t_tot_center": 82.5,
    "best_t_tot": 82.62289312800343,
    "best_amp": 18.92629440772573,
    "best_w_d": 0.003739709808910342,
    "best_ramp": 0.18492070212303066,
    "best_value": 0.032244854445351356,
    "optimization_time": 3086.439650297165,
    "regime_bounds": {
        "amp": {
            "lower": 18.666666666666664,
            "upper": 21.333333333333332
        },
        "w_d": {
            "lower": 0.0034799999999999996,
            "upper": 0.0038199999999999996
        },
        "ramp": {
            "lower": 1e-10,
            "upper": 0.5
        },
        "t_tot": {
            "lower": 81.25,
            "upper": 83.75
        }
    }
}