{
    "regime": "amp_5_wd_4_ramp_0_t67.5",
    "t_tot_center": 67.5,
    "best_t_tot": 67.76331856638572,
    "best_amp": 21.686099363179462,
    "best_w_d": 0.004348255126590287,
    "best_ramp": 0.1928683379774472,
    "best_value": 0.01253317684325844,
    "optimization_time": 4080.3906507492065,
    "regime_bounds": {
        "amp": {
            "lower": 21.333333333333332,
            "upper": 24.0
        },
        "w_d": {
            "lower": 0.00416,
            "upper": 0.0045
        },
        "ramp": {
            "lower": 1e-10,
            "upper": 0.5
        },
        "t_tot": {
            "lower": 66.25,
            "upper": 68.75
        }
    }
}