{
    "regime": "amp_2_wd_1_ramp_0_t65.0",
    "t_tot_center": 65.0,
    "best_t_tot": 64.5816165415126,
    "best_amp": 13.502462060637866,
    "best_w_d": 0.003156355614319415,
    "best_ramp": 0.25487811431018537,
    "best_value": 0.0019489945167281185,
    "optimization_time": 1615.6485843658447,
    "regime_bounds": {
        "amp": {
            "lower": 13.333333333333332,
            "upper": 16.0
        },
        "w_d": {
            "lower": 0.00314,
            "upper": 0.0034799999999999996
        },
        "ramp": {
            "lower": 1e-10,
            "upper": 0.5
        },
        "t_tot": {
            "lower": 63.75,
            "upper": 66.25
        }
    }
}