{
    "regime": "amp_5_wd_2_ramp_0_t65.0",
    "t_tot_center": 65.0,
    "best_t_tot": 65.37424001569669,
    "best_amp": 21.52954063961646,
    "best_w_d": 0.0035272180901866346,
    "best_ramp": 0.251729742580426,
    "best_value": 0.022896780515084016,
    "optimization_time": 1598.1757280826569,
    "regime_bounds": {
        "amp": {
            "lower": 21.333333333333332,
            "upper": 24.0
        },
        "w_d": {
            "lower": 0.0034799999999999996,
            "upper": 0.0038199999999999996
        },
        "ramp": {
            "lower": 1e-10,
            "upper": 0.5
        },
        "t_tot": {
            "lower": 63.75,
            "upper": 66.25
        }
    }
}