{
    "regime": "amp_1_wd_3_ramp_0_t90.0",
    "t_tot_center": 90.0,
    "best_t_tot": 89.98588059085711,
    "best_amp": 13.240389591621042,
    "best_w_d": 0.004042230483494965,
    "best_ramp": 0.10437196758846196,
    "best_value": 0.004863043425292497,
    "optimization_time": 2575.745014190674,
    "regime_bounds": {
        "amp": {
            "lower": 10.666666666666666,
            "upper": 13.333333333333332
        },
        "w_d": {
            "lower": 0.0038199999999999996,
            "upper": 0.00416
        },
        "ramp": {
            "lower": 1e-10,
            "upper": 0.5
        },
        "t_tot": {
            "lower": 88.75,
            "upper": 91.25
        }
    }
}