{
    "regime": "amp_2_wd_1_ramp_0_t112.5",
    "t_tot_center": 112.5,
    "best_t_tot": 111.94782949630462,
    "best_amp": 13.512612216513018,
    "best_w_d": 0.003471810361300943,
    "best_ramp": 0.07615875395102871,
    "best_value": 7.405374009890269e-05,
    "optimization_time": 3987.730686187744,
    "regime_bounds": {
        "amp": {
            "lower": 13.333333333333332,
            "upper": 16.0
        },
        "w_d": {
            "lower": 0.00314,
            "upper": 0.0034799999999999996
        },
        "ramp": {
            "lower": 1e-10,
            "upper": 0.5
        },
        "t_tot": {
            "lower": 111.25,
            "upper": 113.75
        }
    }
}