{
    "regime": "amp_4_wd_1_ramp_0_t107.5",
    "t_tot_center": 107.5,
    "best_t_tot": 107.47194882640679,
    "best_amp": 18.80951321453092,
    "best_w_d": 0.0034470689761942445,
    "best_ramp": 0.14317684272642012,
    "best_value": 0.00025773421841613215,
    "optimization_time": 3358.7625131607056,
    "regime_bounds": {
        "amp": {
            "lower": 18.666666666666664,
            "upper": 21.333333333333332
        },
        "w_d": {
            "lower": 0.00314,
            "upper": 0.0034799999999999996
        },
        "ramp": {
            "lower": 1e-10,
            "upper": 0.5
        },
        "t_tot": {
            "lower": 106.25,
            "upper": 108.75
        }
    }
}