{
    "regime": "amp_1_wd_2_ramp_0_t80.0",
    "t_tot_center": 80.0,
    "best_t_tot": 79.57445049115044,
    "best_amp": 13.117746787507341,
    "best_w_d": 0.0038199835634649326,
    "best_ramp": 0.11975442724124785,
    "best_value": 0.22818241566709205,
    "optimization_time": 1584.8917105197906,
    "regime_bounds": {
        "amp": {
            "lower": 10.666666666666666,
            "upper": 13.333333333333332
        },
        "w_d": {
            "lower": 0.0034799999999999996,
            "upper": 0.0038199999999999996
        },
        "ramp": {
            "lower": 1e-10,
            "upper": 0.5
        },
        "t_tot": {
            "lower": 78.75,
            "upper": 81.25
        }
    }
}