{
    "regime": "amp_1_wd_3_ramp_0_t65.0",
    "t_tot_center": 65.0,
    "best_t_tot": 64.23994325317345,
    "best_amp": 13.307451427877185,
    "best_w_d": 0.0038575527050402946,
    "best_ramp": 0.2122765644333014,
    "best_value": 0.2189773705781775,
    "optimization_time": 1526.5030887126923,
    "regime_bounds": {
        "amp": {
            "lower": 10.666666666666666,
            "upper": 13.333333333333332
        },
        "w_d": {
            "lower": 0.0038199999999999996,
            "upper": 0.00416
        },
        "ramp": {
            "lower": 1e-10,
            "upper": 0.5
        },
        "t_tot": {
            "lower": 63.75,
            "upper": 66.25
        }
    }
}