{
    "regime": "amp_2_wd_2_ramp_0_t100.0",
    "t_tot_center": 100.0,
    "best_t_tot": 100.24034892038131,
    "best_amp": 15.967088101458316,
    "best_w_d": 0.003526889112170714,
    "best_ramp": 0.13616105666318976,
    "best_value": 0.0002909287729536202,
    "optimization_time": 2572.177668571472,
    "regime_bounds": {
        "amp": {
            "lower": 13.333333333333332,
            "upper": 16.0
        },
        "w_d": {
            "lower": 0.0034799999999999996,
            "upper": 0.0038199999999999996
        },
        "ramp": {
            "lower": 1e-10,
            "upper": 0.5
        },
        "t_tot": {
            "lower": 98.75,
            "upper": 101.25
        }
    }
}