{
    "regime": "amp_4_wd_4_ramp_0_t117.5",
    "t_tot_center": 117.5,
    "best_t_tot": 117.86335803102163,
    "best_amp": 19.002348157624223,
    "best_w_d": 0.0041804098990997195,
    "best_ramp": 0.10463216570734694,
    "best_value": 0.004439370108679195,
    "optimization_time": 3836.761320590973,
    "regime_bounds": {
        "amp": {
            "lower": 18.666666666666664,
            "upper": 21.333333333333332
        },
        "w_d": {
            "lower": 0.00416,
            "upper": 0.0045
        },
        "ramp": {
            "lower": 1e-10,
            "upper": 0.5
        },
        "t_tot": {
            "lower": 116.25,
            "upper": 118.75
        }
    }
}