{
    "regime": "amp_4_wd_1_ramp_0_t75.0",
    "t_tot_center": 75.0,
    "best_t_tot": 74.94935992231214,
    "best_amp": 20.111992545172637,
    "best_w_d": 0.003425539892114899,
    "best_ramp": 0.17553732215615658,
    "best_value": 0.03558935661456652,
    "optimization_time": 2930.8542308807373,
    "regime_bounds": {
        "amp": {
            "lower": 18.666666666666664,
            "upper": 21.333333333333332
        },
        "w_d": {
            "lower": 0.00314,
            "upper": 0.0034799999999999996
        },
        "ramp": {
            "lower": 1e-10,
            "upper": 0.5
        },
        "t_tot": {
            "lower": 73.75,
            "upper": 76.25
        }
    }
}