{
    "regime": "amp_5_wd_3_ramp_0_t60.0",
    "t_tot_center": 60.0,
    "best_t_tot": 60.3241309634246,
    "best_amp": 21.550204678674596,
    "best_w_d": 0.0038286270514983,
    "best_ramp": 0.3174781408025379,
    "best_value": 0.023296364217970822,
    "optimization_time": 2838.7411568164825,
    "regime_bounds": {
        "amp": {
            "lower": 21.333333333333332,
            "upper": 24.0
        },
        "w_d": {
            "lower": 0.0038199999999999996,
            "upper": 0.00416
        },
        "ramp": {
            "lower": 1e-10,
            "upper": 0.5
        },
        "t_tot": {
            "lower": 58.75,
            "upper": 61.25
        }
    }
}