{
    "regime": "amp_1_wd_4_ramp_0_t57.5",
    "t_tot_center": 57.5,
    "best_t_tot": 56.250230773622086,
    "best_amp": 13.020120365203079,
    "best_w_d": 0.004170404293410349,
    "best_ramp": 0.2737410298352479,
    "best_value": 0.10898506825880683,
    "optimization_time": 1880.6738395690918,
    "regime_bounds": {
        "amp": {
            "lower": 10.666666666666666,
            "upper": 13.333333333333332
        },
        "w_d": {
            "lower": 0.00416,
            "upper": 0.0045
        },
        "ramp": {
            "lower": 1e-10,
            "upper": 0.5
        },
        "t_tot": {
            "lower": 56.25,
            "upper": 58.75
        }
    }
}