{
    "regime": "amp_4_wd_1_ramp_0_t87.5",
    "t_tot_center": 87.5,
    "best_t_tot": 87.27257882484791,
    "best_amp": 18.69649451344593,
    "best_w_d": 0.0034353406115631103,
    "best_ramp": 0.1417567534942364,
    "best_value": 0.05855080406638126,
    "optimization_time": 3089.4283010959625,
    "regime_bounds": {
        "amp": {
            "lower": 18.666666666666664,
            "upper": 21.333333333333332
        },
        "w_d": {
            "lower": 0.00314,
            "upper": 0.0034799999999999996
        },
        "ramp": {
            "lower": 1e-10,
            "upper": 0.5
        },
        "t_tot": {
            "lower": 86.25,
            "upper": 88.75
        }
    }
}