{
    "regime": "amp_5_wd_2_ramp_0_t70.0",
    "t_tot_center": 70.0,
    "best_t_tot": 70.07079711002491,
    "best_amp": 21.511124219105078,
    "best_w_d": 0.0037925580681926257,
    "best_ramp": 0.2649358540058982,
    "best_value": 0.00017674275178760713,
    "optimization_time": 1608.6720728874207,
    "regime_bounds": {
        "amp": {
            "lower": 21.333333333333332,
            "upper": 24.0
        },
        "w_d": {
            "lower": 0.0034799999999999996,
            "upper": 0.0038199999999999996
        },
        "ramp": {
            "lower": 1e-10,
            "upper": 0.5
        },
        "t_tot": {
            "lower": 68.75,
            "upper": 71.25
        }
    }
}