{
    "regime": "amp_3_wd_0_ramp_0_t77.5",
    "t_tot_center": 77.5,
    "best_t_tot": 76.76177537398247,
    "best_amp": 16.22681536264421,
    "best_w_d": 0.003121503053281426,
    "best_ramp": 0.16674238716584772,
    "best_value": 0.1663343152356253,
    "optimization_time": 3450.6271674633026,
    "regime_bounds": {
        "amp": {
            "lower": 16.0,
            "upper": 18.666666666666664
        },
        "w_d": {
            "lower": 0.0028,
            "upper": 0.00314
        },
        "ramp": {
            "lower": 1e-10,
            "upper": 0.5
        },
        "t_tot": {
            "lower": 76.25,
            "upper": 78.75
        }
    }
}