{
    "regime": "amp_3_wd_0_ramp_0_t90.0",
    "t_tot_center": 90.0,
    "best_t_tot": 91.24996147099175,
    "best_amp": 16.38860019801424,
    "best_w_d": 0.0031399985902965406,
    "best_ramp": 0.1010469026038589,
    "best_value": 0.2387016385526401,
    "optimization_time": 3988.517327308655,
    "regime_bounds": {
        "amp": {
            "lower": 16.0,
            "upper": 18.666666666666664
        },
        "w_d": {
            "lower": 0.0028,
            "upper": 0.00314
        },
        "ramp": {
            "lower": 1e-10,
            "upper": 0.5
        },
        "t_tot": {
            "lower": 88.75,
            "upper": 91.25
        }
    }
}