{
    "regime": "amp_0_wd_3_ramp_0_t92.5",
    "t_tot_center": 92.5,
    "best_t_tot": 93.58417079546597,
    "best_amp": 10.665593295096047,
    "best_w_d": 0.004159991642798016,
    "best_ramp": 0.07889709388626598,
    "best_value": 0.011250498989664307,
    "optimization_time": 2612.9037828445435,
    "regime_bounds": {
        "amp": {
            "lower": 8.0,
            "upper": 10.666666666666666
        },
        "w_d": {
            "lower": 0.0038199999999999996,
            "upper": 0.00416
        },
        "ramp": {
            "lower": 1e-10,
            "upper": 0.5
        },
        "t_tot": {
            "lower": 91.25,
            "upper": 93.75
        }
    }
}