{
    "regime": "amp_4_wd_1_ramp_0_t62.5",
    "t_tot_center": 62.5,
    "best_t_tot": 63.74999115303629,
    "best_amp": 18.863945916811172,
    "best_w_d": 0.00315029838938819,
    "best_ramp": 0.41829822888319,
    "best_value": 0.0015040595288973086,
    "optimization_time": 1188.1095225811005,
    "regime_bounds": {
        "amp": {
            "lower": 18.666666666666664,
            "upper": 21.333333333333332
        },
        "w_d": {
            "lower": 0.00314,
            "upper": 0.0034799999999999996
        },
        "ramp": {
            "lower": 1e-10,
            "upper": 0.5
        },
        "t_tot": {
            "lower": 61.25,
            "upper": 63.75
        }
    }
}