{
    "regime": "amp_0_wd_1_ramp_0_t90.0",
    "t_tot_center": 90.0,
    "best_t_tot": 88.75031479146406,
    "best_amp": 10.666663513938037,
    "best_w_d": 0.00346995000163609,
    "best_ramp": 0.10467506851931971,
    "best_value": 0.5976707905881838,
    "optimization_time": 1983.07182431221,
    "regime_bounds": {
        "amp": {
            "lower": 8.0,
            "upper": 10.666666666666666
        },
        "w_d": {
            "lower": 0.00314,
            "upper": 0.0034799999999999996
        },
        "ramp": {
            "lower": 1e-10,
            "upper": 0.5
        },
        "t_tot": {
            "lower": 88.75,
            "upper": 91.25
        }
    }
}