{
    "regime": "amp_0_wd_3_ramp_0_t95.0",
    "t_tot_center": 95.0,
    "best_t_tot": 94.94629723700109,
    "best_amp": 9.988653635995615,
    "best_w_d": 0.0041599618387370444,
    "best_ramp": 0.07027452420220767,
    "best_value": 0.015083709398662286,
    "optimization_time": 1434.8415637016296,
    "regime_bounds": {
        "amp": {
            "lower": 8.0,
            "upper": 10.666666666666666
        },
        "w_d": {
            "lower": 0.0038199999999999996,
            "upper": 0.00416
        },
        "ramp": {
            "lower": 1e-10,
            "upper": 0.5
        },
        "t_tot": {
            "lower": 93.75,
            "upper": 96.25
        }
    }
}