{
    "regime": "amp_5_wd_3_ramp_0_t110.0",
    "t_tot_center": 110.0,
    "best_t_tot": 110.05208998533352,
    "best_amp": 21.96391759779179,
    "best_w_d": 0.0038321024441042655,
    "best_ramp": 0.10786585397757163,
    "best_value": 0.004705289949792642,
    "optimization_time": 3110.957706928253,
    "regime_bounds": {
        "amp": {
            "lower": 21.333333333333332,
            "upper": 24.0
        },
        "w_d": {
            "lower": 0.0038199999999999996,
            "upper": 0.00416
        },
        "ramp": {
            "lower": 1e-10,
            "upper": 0.5
        },
        "t_tot": {
            "lower": 108.75,
            "upper": 111.25
        }
    }
}