{
    "regime": "amp_4_wd_4_ramp_0_t77.5",
    "t_tot_center": 77.5,
    "best_t_tot": 77.25697838684574,
    "best_amp": 18.74955013175449,
    "best_w_d": 0.004345629517476701,
    "best_ramp": 0.17045758883100806,
    "best_value": 0.0017595570333827824,
    "optimization_time": 2773.462653398514,
    "regime_bounds": {
        "amp": {
            "lower": 18.666666666666664,
            "upper": 21.333333333333332
        },
        "w_d": {
            "lower": 0.00416,
            "upper": 0.0045
        },
        "ramp": {
            "lower": 1e-10,
            "upper": 0.5
        },
        "t_tot": {
            "lower": 76.25,
            "upper": 78.75
        }
    }
}