{
    "regime": "amp_4_wd_2_ramp_0_t97.5",
    "t_tot_center": 97.5,
    "best_t_tot": 97.02699437707965,
    "best_amp": 18.972315361771013,
    "best_w_d": 0.0034909621924332623,
    "best_ramp": 0.14419385081620656,
    "best_value": 0.0009657595792721226,
    "optimization_time": 3432.7364704608917,
    "regime_bounds": {
        "amp": {
            "lower": 18.666666666666664,
            "upper": 21.333333333333332
        },
        "w_d": {
            "lower": 0.0034799999999999996,
            "upper": 0.0038199999999999996
        },
        "ramp": {
            "lower": 1e-10,
            "upper": 0.5
        },
        "t_tot": {
            "lower": 96.25,
            "upper": 98.75
        }
    }
}