{
    "regime": "amp_2_wd_3_ramp_0_t97.5",
    "t_tot_center": 97.5,
    "best_t_tot": 97.0986135980136,
    "best_amp": 15.951538981584951,
    "best_w_d": 0.0038201374456116196,
    "best_ramp": 0.11403999899838366,
    "best_value": 0.003448006526671256,
    "optimization_time": 2345.2025380134583,
    "regime_bounds": {
        "amp": {
            "lower": 13.333333333333332,
            "upper": 16.0
        },
        "w_d": {
            "lower": 0.0038199999999999996,
            "upper": 0.00416
        },
        "ramp": {
            "lower": 1e-10,
            "upper": 0.5
        },
        "t_tot": {
            "lower": 96.25,
            "upper": 98.75
        }
    }
}