{
    "regime": "amp_5_wd_2_ramp_0_t62.5",
    "t_tot_center": 62.5,
    "best_t_tot": 62.728023453674155,
    "best_amp": 21.358177364451848,
    "best_w_d": 0.003519530845804682,
    "best_ramp": 0.33925907053266324,
    "best_value": 0.01848597902780346,
    "optimization_time": 1427.6857340335846,
    "regime_bounds": {
        "amp": {
            "lower": 21.333333333333332,
            "upper": 24.0
        },
        "w_d": {
            "lower": 0.0034799999999999996,
            "upper": 0.0038199999999999996
        },
        "ramp": {
            "lower": 1e-10,
            "upper": 0.5
        },
        "t_tot": {
            "lower": 61.25,
            "upper": 63.75
        }
    }
}