{
    "regime": "amp_2_wd_3_ramp_0_t57.5",
    "t_tot_center": 57.5,
    "best_t_tot": 56.64341843725785,
    "best_amp": 13.698457413657174,
    "best_w_d": 0.0038254424523554847,
    "best_ramp": 0.2695165191031705,
    "best_value": 0.0057947673311509774,
    "optimization_time": 1473.3582153320312,
    "regime_bounds": {
        "amp": {
            "lower": 13.333333333333332,
            "upper": 16.0
        },
        "w_d": {
            "lower": 0.0038199999999999996,
            "upper": 0.00416
        },
        "ramp": {
            "lower": 1e-10,
            "upper": 0.5
        },
        "t_tot": {
            "lower": 56.25,
            "upper": 58.75
        }
    }
}