{
    "regime": "amp_0_wd_2_ramp_0_t120.0",
    "t_tot_center": 120.0,
    "best_t_tot": 119.5824578850397,
    "best_amp": 10.079584995552132,
    "best_w_d": 0.003489401603263866,
    "best_ramp": 0.10123335036925613,
    "best_value": 0.0008136752227993769,
    "optimization_time": 2430.4571952819824,
    "regime_bounds": {
        "amp": {
            "lower": 8.0,
            "upper": 10.666666666666666
        },
        "w_d": {
            "lower": 0.0034799999999999996,
            "upper": 0.0038199999999999996
        },
        "ramp": {
            "lower": 1e-10,
            "upper": 0.5
        },
        "t_tot": {
            "lower": 118.75,
            "upper": 121.25
        }
    }
}