{
    "regime": "amp_3_wd_1_ramp_0_t120.0",
    "t_tot_center": 120.0,
    "best_t_tot": 119.9493675273256,
    "best_amp": 16.25020735636174,
    "best_w_d": 0.00341801386390867,
    "best_ramp": 0.16352162309817314,
    "best_value": 5.17950358738617e-05,
    "optimization_time": 2215.390529155731,
    "regime_bounds": {
        "amp": {
            "lower": 16.0,
            "upper": 18.666666666666664
        },
        "w_d": {
            "lower": 0.00314,
            "upper": 0.0034799999999999996
        },
        "ramp": {
            "lower": 1e-10,
            "upper": 0.5
        },
        "t_tot": {
            "lower": 118.75,
            "upper": 121.25
        }
    }
}