{
    "regime": "amp_0_wd_2_ramp_0_t92.5",
    "t_tot_center": 92.5,
    "best_t_tot": 93.74999228963424,
    "best_amp": 10.5628605003551,
    "best_w_d": 0.0038199993061139807,
    "best_ramp": 0.07188580320567006,
    "best_value": 0.30088394939161833,
    "optimization_time": 1066.5954926013947,
    "regime_bounds": {
        "amp": {
            "lower": 8.0,
            "upper": 10.666666666666666
        },
        "w_d": {
            "lower": 0.0034799999999999996,
            "upper": 0.0038199999999999996
        },
        "ramp": {
            "lower": 1e-10,
            "upper": 0.5
        },
        "t_tot": {
            "lower": 91.25,
            "upper": 93.75
        }
    }
}