{
    "regime": "amp_4_wd_3_ramp_0_t70.0",
    "t_tot_center": 70.0,
    "best_t_tot": 70.06188086791916,
    "best_amp": 19.77723300596166,
    "best_w_d": 0.004141092930841491,
    "best_ramp": 0.17756318692859763,
    "best_value": 0.039614030814713944,
    "optimization_time": 2395.310314655304,
    "regime_bounds": {
        "amp": {
            "lower": 18.666666666666664,
            "upper": 21.333333333333332
        },
        "w_d": {
            "lower": 0.0038199999999999996,
            "upper": 0.00416
        },
        "ramp": {
            "lower": 1e-10,
            "upper": 0.5
        },
        "t_tot": {
            "lower": 68.75,
            "upper": 71.25
        }
    }
}