{
    "regime": "amp_1_wd_2_ramp_0_t97.5",
    "t_tot_center": 97.5,
    "best_t_tot": 98.74999394357927,
    "best_amp": 13.184000743868463,
    "best_w_d": 0.0035076741871015913,
    "best_ramp": 0.08463332399257896,
    "best_value": 0.11263793383272476,
    "optimization_time": 2603.9234483242035,
    "regime_bounds": {
        "amp": {
            "lower": 10.666666666666666,
            "upper": 13.333333333333332
        },
        "w_d": {
            "lower": 0.0034799999999999996,
            "upper": 0.0038199999999999996
        },
        "ramp": {
            "lower": 1e-10,
            "upper": 0.5
        },
        "t_tot": {
            "lower": 96.25,
            "upper": 98.75
        }
    }
}