{
    "regime": "amp_1_wd_3_ramp_0_t100.0",
    "t_tot_center": 100.0,
    "best_t_tot": 99.46903942524186,
    "best_amp": 13.137916607531524,
    "best_w_d": 0.0038613367406610056,
    "best_ramp": 0.12007365156375768,
    "best_value": 0.0002437920358204402,
    "optimization_time": 2598.9135580062866,
    "regime_bounds": {
        "amp": {
            "lower": 10.666666666666666,
            "upper": 13.333333333333332
        },
        "w_d": {
            "lower": 0.0038199999999999996,
            "upper": 0.00416
        },
        "ramp": {
            "lower": 1e-10,
            "upper": 0.5
        },
        "t_tot": {
            "lower": 98.75,
            "upper": 101.25
        }
    }
}