{
    "regime": "amp_0_wd_2_ramp_0_t97.5",
    "t_tot_center": 97.5,
    "best_t_tot": 98.7116824200806,
    "best_amp": 10.482051969329023,
    "best_w_d": 0.003804184510980315,
    "best_ramp": 0.06473276961046624,
    "best_value": 0.093436648013884,
    "optimization_time": 3932.953964948654,
    "regime_bounds": {
        "amp": {
            "lower": 8.0,
            "upper": 10.666666666666666
        },
        "w_d": {
            "lower": 0.0034799999999999996,
            "upper": 0.0038199999999999996
        },
        "ramp": {
            "lower": 1e-10,
            "upper": 0.5
        },
        "t_tot": {
            "lower": 96.25,
            "upper": 98.75
        }
    }
}