{
    "regime": "amp_5_wd_1_ramp_0_t70.0",
    "t_tot_center": 70.0,
    "best_t_tot": 70.26894867471384,
    "best_amp": 21.727713371709154,
    "best_w_d": 0.0034464812923937797,
    "best_ramp": 0.19538334417971462,
    "best_value": 0.004899275255648294,
    "optimization_time": 3501.1224179267883,
    "regime_bounds": {
        "amp": {
            "lower": 21.333333333333332,
            "upper": 24.0
        },
        "w_d": {
            "lower": 0.00314,
            "upper": 0.0034799999999999996
        },
        "ramp": {
            "lower": 1e-10,
            "upper": 0.5
        },
        "t_tot": {
            "lower": 68.75,
            "upper": 71.25
        }
    }
}