{
    "regime": "amp_4_wd_1_ramp_0_t90.0",
    "t_tot_center": 90.0,
    "best_t_tot": 90.19134991226692,
    "best_amp": 18.917228336308114,
    "best_w_d": 0.0034788500386932234,
    "best_ramp": 0.11588263222042532,
    "best_value": 0.0360277792069031,
    "optimization_time": 1757.4523091316223,
    "regime_bounds": {
        "amp": {
            "lower": 18.666666666666664,
            "upper": 21.333333333333332
        },
        "w_d": {
            "lower": 0.00314,
            "upper": 0.0034799999999999996
        },
        "ramp": {
            "lower": 1e-10,
            "upper": 0.5
        },
        "t_tot": {
            "lower": 88.75,
            "upper": 91.25
        }
    }
}