{
    "regime": "amp_3_wd_0_ramp_0_t107.5",
    "t_tot_center": 107.5,
    "best_t_tot": 108.02114111499056,
    "best_amp": 16.122075670701356,
    "best_w_d": 0.003132459430074466,
    "best_ramp": 0.08396549479113612,
    "best_value": 0.020048493833548016,
    "optimization_time": 1926.1304924488068,
    "regime_bounds": {
        "amp": {
            "lower": 16.0,
            "upper": 18.666666666666664
        },
        "w_d": {
            "lower": 0.0028,
            "upper": 0.00314
        },
        "ramp": {
            "lower": 1e-10,
            "upper": 0.5
        },
        "t_tot": {
            "lower": 106.25,
            "upper": 108.75
        }
    }
}