{
    "regime": "amp_4_wd_4_ramp_0_t82.5",
    "t_tot_center": 82.5,
    "best_t_tot": 82.50085225462267,
    "best_amp": 18.96044419122637,
    "best_w_d": 0.004400428881060981,
    "best_ramp": 0.15127750707317197,
    "best_value": 0.002862145652071968,
    "optimization_time": 2811.9672417640686,
    "regime_bounds": {
        "amp": {
            "lower": 18.666666666666664,
            "upper": 21.333333333333332
        },
        "w_d": {
            "lower": 0.00416,
            "upper": 0.0045
        },
        "ramp": {
            "lower": 1e-10,
            "upper": 0.5
        },
        "t_tot": {
            "lower": 81.25,
            "upper": 83.75
        }
    }
}