{
    "regime": "amp_5_wd_4_ramp_0_t87.5",
    "t_tot_center": 87.5,
    "best_t_tot": 87.45948547260069,
    "best_amp": 21.470736660925688,
    "best_w_d": 0.004201599963080963,
    "best_ramp": 0.17740629475501948,
    "best_value": 0.000760954800183583,
    "optimization_time": 3874.698346376419,
    "regime_bounds": {
        "amp": {
            "lower": 21.333333333333332,
            "upper": 24.0
        },
        "w_d": {
            "lower": 0.00416,
            "upper": 0.0045
        },
        "ramp": {
            "lower": 1e-10,
            "upper": 0.5
        },
        "t_tot": {
            "lower": 86.25,
            "upper": 88.75
        }
    }
}