{
    "regime": "amp_1_wd_3_ramp_0_t70.0",
    "t_tot_center": 70.0,
    "best_t_tot": 69.3916308371964,
    "best_amp": 13.292863854737321,
    "best_w_d": 0.004159812423423513,
    "best_ramp": 0.18319485134586175,
    "best_value": 0.21478816132238604,
    "optimization_time": 929.3292968273163,
    "regime_bounds": {
        "amp": {
            "lower": 10.666666666666666,
            "upper": 13.333333333333332
        },
        "w_d": {
            "lower": 0.0038199999999999996,
            "upper": 0.00416
        },
        "ramp": {
            "lower": 1e-10,
            "upper": 0.5
        },
        "t_tot": {
            "lower": 68.75,
            "upper": 71.25
        }
    }
}