{
    "regime": "amp_4_wd_4_ramp_0_t102.5",
    "t_tot_center": 102.5,
    "best_t_tot": 102.48861134406125,
    "best_amp": 18.7008216925535,
    "best_w_d": 0.004198855121215777,
    "best_ramp": 0.15329355245917248,
    "best_value": 0.00015053631486822229,
    "optimization_time": 3477.8094913959503,
    "regime_bounds": {
        "amp": {
            "lower": 18.666666666666664,
            "upper": 21.333333333333332
        },
        "w_d": {
            "lower": 0.00416,
            "upper": 0.0045
        },
        "ramp": {
            "lower": 1e-10,
            "upper": 0.5
        },
        "t_tot": {
            "lower": 101.25,
            "upper": 103.75
        }
    }
}