{
    "regime": "amp_0_wd_1_ramp_0_t102.5",
    "t_tot_center": 102.5,
    "best_t_tot": 103.74999156411754,
    "best_amp": 10.55200425500645,
    "best_w_d": 0.0034799996428472083,
    "best_ramp": 0.06142767721073177,
    "best_value": 0.26386804521796337,
    "optimization_time": 2856.8504576683044,
    "regime_bounds": {
        "amp": {
            "lower": 8.0,
            "upper": 10.666666666666666
        },
        "w_d": {
            "lower": 0.00314,
            "upper": 0.0034799999999999996
        },
        "ramp": {
            "lower": 1e-10,
            "upper": 0.5
        },
        "t_tot": {
            "lower": 101.25,
            "upper": 103.75
        }
    }
}