{
    "regime": "amp_4_wd_4_ramp_0_t72.5",
    "t_tot_center": 72.5,
    "best_t_tot": 72.38497581351858,
    "best_amp": 19.769460716465357,
    "best_w_d": 0.004259681448236414,
    "best_ramp": 0.18307829503155204,
    "best_value": 0.007318904692710843,
    "optimization_time": 2784.816877603531,
    "regime_bounds": {
        "amp": {
            "lower": 18.666666666666664,
            "upper": 21.333333333333332
        },
        "w_d": {
            "lower": 0.00416,
            "upper": 0.0045
        },
        "ramp": {
            "lower": 1e-10,
            "upper": 0.5
        },
        "t_tot": {
            "lower": 71.25,
            "upper": 73.75
        }
    }
}