{
    "regime": "amp_2_wd_1_ramp_0_t72.5",
    "t_tot_center": 72.5,
    "best_t_tot": 71.812820433509,
    "best_amp": 15.982294070003132,
    "best_w_d": 0.0034113014318685702,
    "best_ramp": 0.20342402511349775,
    "best_value": 0.12427171870035761,
    "optimization_time": 1959.4880878925323,
    "regime_bounds": {
        "amp": {
            "lower": 13.333333333333332,
            "upper": 16.0
        },
        "w_d": {
            "lower": 0.00314,
            "upper": 0.0034799999999999996
        },
        "ramp": {
            "lower": 1e-10,
            "upper": 0.5
        },
        "t_tot": {
            "lower": 71.25,
            "upper": 73.75
        }
    }
}