{
    "regime": "amp_4_wd_3_ramp_0_t65.0",
    "t_tot_center": 65.0,
    "best_t_tot": 65.02225956248736,
    "best_amp": 18.69576029441776,
    "best_w_d": 0.0038216097852432004,
    "best_ramp": 0.2478824859132309,
    "best_value": 0.0007065936345972048,
    "optimization_time": 2809.79172706604,
    "regime_bounds": {
        "amp": {
            "lower": 18.666666666666664,
            "upper": 21.333333333333332
        },
        "w_d": {
            "lower": 0.0038199999999999996,
            "upper": 0.00416
        },
        "ramp": {
            "lower": 1e-10,
            "upper": 0.5
        },
        "t_tot": {
            "lower": 63.75,
            "upper": 66.25
        }
    }
}