{
    "regime": "amp_5_wd_2_ramp_0_t57.5",
    "t_tot_center": 57.5,
    "best_t_tot": 58.749985889947624,
    "best_amp": 21.583405337232474,
    "best_w_d": 0.0035639539908876522,
    "best_ramp": 0.387452174985756,
    "best_value": 0.019304040206285462,
    "optimization_time": 1174.7123486995697,
    "regime_bounds": {
        "amp": {
            "lower": 21.333333333333332,
            "upper": 24.0
        },
        "w_d": {
            "lower": 0.0034799999999999996,
            "upper": 0.0038199999999999996
        },
        "ramp": {
            "lower": 1e-10,
            "upper": 0.5
        },
        "t_tot": {
            "lower": 56.25,
            "upper": 58.75
        }
    }
}