{
    "regime": "amp_2_wd_2_ramp_0_t72.5",
    "t_tot_center": 72.5,
    "best_t_tot": 71.99145074435734,
    "best_amp": 15.950692487919097,
    "best_w_d": 0.0037321914272860097,
    "best_ramp": 0.180424948286956,
    "best_value": 0.11783745751178715,
    "optimization_time": 1799.0699768066406,
    "regime_bounds": {
        "amp": {
            "lower": 13.333333333333332,
            "upper": 16.0
        },
        "w_d": {
            "lower": 0.0034799999999999996,
            "upper": 0.0038199999999999996
        },
        "ramp": {
            "lower": 1e-10,
            "upper": 0.5
        },
        "t_tot": {
            "lower": 71.25,
            "upper": 73.75
        }
    }
}