{
    "regime": "amp_1_wd_2_ramp_0_t100.0",
    "t_tot_center": 100.0,
    "best_t_tot": 101.24998259960519,
    "best_amp": 13.299005738671392,
    "best_w_d": 0.003507064529251735,
    "best_ramp": 0.08253970554800526,
    "best_value": 0.038287377148701535,
    "optimization_time": 2704.449836730957,
    "regime_bounds": {
        "amp": {
            "lower": 10.666666666666666,
            "upper": 13.333333333333332
        },
        "w_d": {
            "lower": 0.0034799999999999996,
            "upper": 0.0038199999999999996
        },
        "ramp": {
            "lower": 1e-10,
            "upper": 0.5
        },
        "t_tot": {
            "lower": 98.75,
            "upper": 101.25
        }
    }
}