{
    "regime": "amp_4_wd_0_ramp_0_t100.0",
    "t_tot_center": 100.0,
    "best_t_tot": 101.16132070367209,
    "best_amp": 18.976510296543953,
    "best_w_d": 0.0031286099328561895,
    "best_ramp": 0.0999820807732129,
    "best_value": 0.08171629496092384,
    "optimization_time": 2881.639265537262,
    "regime_bounds": {
        "amp": {
            "lower": 18.666666666666664,
            "upper": 21.333333333333332
        },
        "w_d": {
            "lower": 0.0028,
            "upper": 0.00314
        },
        "ramp": {
            "lower": 1e-10,
            "upper": 0.5
        },
        "t_tot": {
            "lower": 98.75,
            "upper": 101.25
        }
    }
}