{
    "regime": "amp_3_wd_2_ramp_0_t92.5",
    "t_tot_center": 92.5,
    "best_t_tot": 92.53190639293452,
    "best_amp": 16.07628115486889,
    "best_w_d": 0.003792018425434523,
    "best_ramp": 0.13994652176486805,
    "best_value": 0.0005653959735378367,
    "optimization_time": 2570.5714223384857,
    "regime_bounds": {
        "amp": {
            "lower": 16.0,
            "upper": 18.666666666666664
        },
        "w_d": {
            "lower": 0.0034799999999999996,
            "upper": 0.0038199999999999996
        },
        "ramp": {
            "lower": 1e-10,
            "upper": 0.5
        },
        "t_tot": {
            "lower": 91.25,
            "upper": 93.75
        }
    }
}