{
    "regime": "amp_4_wd_3_ramp_0_t52.5",
    "t_tot_center": 52.5,
    "best_t_tot": 53.74999999998794,
    "best_amp": 18.789203495809062,
    "best_w_d": 0.003872861970148489,
    "best_ramp": 0.263331777769451,
    "best_value": 0.0369607355140046,
    "optimization_time": 2718.072987794876,
    "regime_bounds": {
        "amp": {
            "lower": 18.666666666666664,
            "upper": 21.333333333333332
        },
        "w_d": {
            "lower": 0.0038199999999999996,
            "upper": 0.00416
        },
        "ramp": {
            "lower": 1e-10,
            "upper": 0.5
        },
        "t_tot": {
            "lower": 51.25,
            "upper": 53.75
        }
    }
}