{
    "regime": "amp_4_wd_4_ramp_0_t60.0",
    "t_tot_center": 60.0,
    "best_t_tot": 60.19371274095914,
    "best_amp": 18.765764402630012,
    "best_w_d": 0.004204074112051381,
    "best_ramp": 0.2546850804022372,
    "best_value": 0.0003524756066571116,
    "optimization_time": 2477.3881511688232,
    "regime_bounds": {
        "amp": {
            "lower": 18.666666666666664,
            "upper": 21.333333333333332
        },
        "w_d": {
            "lower": 0.00416,
            "upper": 0.0045
        },
        "ramp": {
            "lower": 1e-10,
            "upper": 0.5
        },
        "t_tot": {
            "lower": 58.75,
            "upper": 61.25
        }
    }
}