{
    "regime": "amp_4_wd_4_ramp_0_t97.5",
    "t_tot_center": 97.5,
    "best_t_tot": 97.43016010703754,
    "best_amp": 18.75735988673345,
    "best_w_d": 0.00416992845695258,
    "best_ramp": 0.16444669061249392,
    "best_value": 0.00014400439065086402,
    "optimization_time": 2938.6403632164,
    "regime_bounds": {
        "amp": {
            "lower": 18.666666666666664,
            "upper": 21.333333333333332
        },
        "w_d": {
            "lower": 0.00416,
            "upper": 0.0045
        },
        "ramp": {
            "lower": 1e-10,
            "upper": 0.5
        },
        "t_tot": {
            "lower": 96.25,
            "upper": 98.75
        }
    }
}