{
    "regime": "amp_2_wd_3_ramp_0_t60.0",
    "t_tot_center": 60.0,
    "best_t_tot": 59.05266674642672,
    "best_amp": 13.678141018534475,
    "best_w_d": 0.003856422771632457,
    "best_ramp": 0.3204267431669126,
    "best_value": 0.01678624654186178,
    "optimization_time": 3403.268885374069,
    "regime_bounds": {
        "amp": {
            "lower": 13.333333333333332,
            "upper": 16.0
        },
        "w_d": {
            "lower": 0.0038199999999999996,
            "upper": 0.00416
        },
        "ramp": {
            "lower": 1e-10,
            "upper": 0.5
        },
        "t_tot": {
            "lower": 58.75,
            "upper": 61.25
        }
    }
}