{
    "regime": "amp_2_wd_1_ramp_0_t52.5",
    "t_tot_center": 52.5,
    "best_t_tot": 53.749999959299565,
    "best_amp": 13.542822471642888,
    "best_w_d": 0.0034467858628212363,
    "best_ramp": 0.24215322477959422,
    "best_value": 0.0069772930661300605,
    "optimization_time": 1824.7025582790375,
    "regime_bounds": {
        "amp": {
            "lower": 13.333333333333332,
            "upper": 16.0
        },
        "w_d": {
            "lower": 0.00314,
            "upper": 0.0034799999999999996
        },
        "ramp": {
            "lower": 1e-10,
            "upper": 0.5
        },
        "t_tot": {
            "lower": 51.25,
            "upper": 53.75
        }
    }
}