{
    "regime": "amp_2_wd_1_ramp_0_t82.5",
    "t_tot_center": 82.5,
    "best_t_tot": 82.40394364749018,
    "best_amp": 15.630591739859245,
    "best_w_d": 0.0034190003711741194,
    "best_ramp": 0.1880194317899025,
    "best_value": 0.20307473811888554,
    "optimization_time": 2193.8629384040833,
    "regime_bounds": {
        "amp": {
            "lower": 13.333333333333332,
            "upper": 16.0
        },
        "w_d": {
            "lower": 0.00314,
            "upper": 0.0034799999999999996
        },
        "ramp": {
            "lower": 1e-10,
            "upper": 0.5
        },
        "t_tot": {
            "lower": 81.25,
            "upper": 83.75
        }
    }
}