{
    "regime": "amp_3_wd_2_ramp_0_t50.0",
    "t_tot_center": 50.0,
    "best_t_tot": 51.09915751016451,
    "best_amp": 16.245951842297522,
    "best_w_d": 0.0036296158593991604,
    "best_ramp": 0.3127359649953248,
    "best_value": 0.027353827242458873,
    "optimization_time": 2816.5553917884827,
    "regime_bounds": {
        "amp": {
            "lower": 16.0,
            "upper": 18.666666666666664
        },
        "w_d": {
            "lower": 0.0034799999999999996,
            "upper": 0.0038199999999999996
        },
        "ramp": {
            "lower": 1e-10,
            "upper": 0.5
        },
        "t_tot": {
            "lower": 48.75,
            "upper": 51.25
        }
    }
}