{
    "regime": "amp_4_wd_1_ramp_0_t85.0",
    "t_tot_center": 85.0,
    "best_t_tot": 85.50742894373286,
    "best_amp": 18.744375782916958,
    "best_w_d": 0.0034796109994598553,
    "best_ramp": 0.14596170032531783,
    "best_value": 0.05800922156384174,
    "optimization_time": 3110.1557161808014,
    "regime_bounds": {
        "amp": {
            "lower": 18.666666666666664,
            "upper": 21.333333333333332
        },
        "w_d": {
            "lower": 0.00314,
            "upper": 0.0034799999999999996
        },
        "ramp": {
            "lower": 1e-10,
            "upper": 0.5
        },
        "t_tot": {
            "lower": 83.75,
            "upper": 86.25
        }
    }
}