{
    "regime": "amp_1_wd_3_ramp_0_t115.0",
    "t_tot_center": 115.0,
    "best_t_tot": 115.07925284251131,
    "best_amp": 10.711907659477372,
    "best_w_d": 0.003885244649776666,
    "best_ramp": 0.0851279243187117,
    "best_value": 0.0024649455050823133,
    "optimization_time": 2267.5708203315735,
    "regime_bounds": {
        "amp": {
            "lower": 10.666666666666666,
            "upper": 13.333333333333332
        },
        "w_d": {
            "lower": 0.0038199999999999996,
            "upper": 0.00416
        },
        "ramp": {
            "lower": 1e-10,
            "upper": 0.5
        },
        "t_tot": {
            "lower": 113.75,
            "upper": 116.25
        }
    }
}