{
    "regime": "amp_2_wd_2_ramp_0_t50.0",
    "t_tot_center": 50.0,
    "best_t_tot": 50.53159994635617,
    "best_amp": 13.47078320903533,
    "best_w_d": 0.0036481303350474627,
    "best_ramp": 0.22158077596607725,
    "best_value": 0.01337589238664711,
    "optimization_time": 1571.4849231243134,
    "regime_bounds": {
        "amp": {
            "lower": 13.333333333333332,
            "upper": 16.0
        },
        "w_d": {
            "lower": 0.0034799999999999996,
            "upper": 0.0038199999999999996
        },
        "ramp": {
            "lower": 1e-10,
            "upper": 0.5
        },
        "t_tot": {
            "lower": 48.75,
            "upper": 51.25
        }
    }
}