{
    "regime": "amp_2_wd_3_ramp_0_t107.5",
    "t_tot_center": 107.5,
    "best_t_tot": 107.33379664195508,
    "best_amp": 13.454033470094446,
    "best_w_d": 0.0038910310633403,
    "best_ramp": 0.13368460655775316,
    "best_value": 0.003640783409724852,
    "optimization_time": 2834.5932800769806,
    "regime_bounds": {
        "amp": {
            "lower": 13.333333333333332,
            "upper": 16.0
        },
        "w_d": {
            "lower": 0.0038199999999999996,
            "upper": 0.00416
        },
        "ramp": {
            "lower": 1e-10,
            "upper": 0.5
        },
        "t_tot": {
            "lower": 106.25,
            "upper": 108.75
        }
    }
}