{
    "regime": "amp_2_wd_3_ramp_0_t105.0",
    "t_tot_center": 105.0,
    "best_t_tot": 104.85557524883872,
    "best_amp": 15.79847952506675,
    "best_w_d": 0.003857921441582135,
    "best_ramp": 0.15981856359853755,
    "best_value": 5.45257225056819e-05,
    "optimization_time": 2711.8761596679688,
    "regime_bounds": {
        "amp": {
            "lower": 13.333333333333332,
            "upper": 16.0
        },
        "w_d": {
            "lower": 0.0038199999999999996,
            "upper": 0.00416
        },
        "ramp": {
            "lower": 1e-10,
            "upper": 0.5
        },
        "t_tot": {
            "lower": 103.75,
            "upper": 106.25
        }
    }
}