{
    "regime": "amp_4_wd_4_ramp_0_t75.0",
    "t_tot_center": 75.0,
    "best_t_tot": 75.17709820390508,
    "best_amp": 19.70335732277586,
    "best_w_d": 0.004322992843253056,
    "best_ramp": 0.16397959541031948,
    "best_value": 0.009222363390250612,
    "optimization_time": 2970.6191399097443,
    "regime_bounds": {
        "amp": {
            "lower": 18.666666666666664,
            "upper": 21.333333333333332
        },
        "w_d": {
            "lower": 0.00416,
            "upper": 0.0045
        },
        "ramp": {
            "lower": 1e-10,
            "upper": 0.5
        },
        "t_tot": {
            "lower": 73.75,
            "upper": 76.25
        }
    }
}