{
    "regime": "amp_4_wd_3_ramp_0_t50.0",
    "t_tot_center": 50.0,
    "best_t_tot": 51.249999895331634,
    "best_amp": 18.67661941833696,
    "best_w_d": 0.003936150261566095,
    "best_ramp": 0.34774363801149616,
    "best_value": 0.028299317982233445,
    "optimization_time": 2100.660961866379,
    "regime_bounds": {
        "amp": {
            "lower": 18.666666666666664,
            "upper": 21.333333333333332
        },
        "w_d": {
            "lower": 0.0038199999999999996,
            "upper": 0.00416
        },
        "ramp": {
            "lower": 1e-10,
            "upper": 0.5
        },
        "t_tot": {
            "lower": 48.75,
            "upper": 51.25
        }
    }
}