{
    "regime": "amp_0_wd_0_ramp_0_t105.0",
    "t_tot_center": 105.0,
    "best_t_tot": 106.249937611287,
    "best_amp": 10.542260496033384,
    "best_w_d": 0.0031399995454347964,
    "best_ramp": 0.06027363496104845,
    "best_value": 0.622708123957119,
    "optimization_time": 2124.076679468155,
    "regime_bounds": {
        "amp": {
            "lower": 8.0,
            "upper": 10.666666666666666
        },
        "w_d": {
            "lower": 0.0028,
            "upper": 0.00314
        },
        "ramp": {
            "lower": 1e-10,
            "upper": 0.5
        },
        "t_tot": {
            "lower": 103.75,
            "upper": 106.25
        }
    }
}