{
    "regime": "amp_2_wd_4_ramp_0_t52.5",
    "t_tot_center": 52.5,
    "best_t_tot": 51.73890849638251,
    "best_amp": 13.568148232930172,
    "best_w_d": 0.004169773477756379,
    "best_ramp": 0.25325385869450384,
    "best_value": 0.004853921349489978,
    "optimization_time": 2839.5288302898407,
    "regime_bounds": {
        "amp": {
            "lower": 13.333333333333332,
            "upper": 16.0
        },
        "w_d": {
            "lower": 0.00416,
            "upper": 0.0045
        },
        "ramp": {
            "lower": 1e-10,
            "upper": 0.5
        },
        "t_tot": {
            "lower": 51.25,
            "upper": 53.75
        }
    }
}