{
    "regime": "amp_1_wd_0_ramp_0_t52.5",
    "t_tot_center": 52.5,
    "best_t_tot": 53.08555557387648,
    "best_amp": 11.512015316506963,
    "best_w_d": 0.0031152687930619868,
    "best_ramp": 0.2924585078098791,
    "best_value": 1.2062592569326548e-05,
    "optimization_time": 1463.8601438999176,
    "regime_bounds": {
        "amp": {
            "lower": 10.666666666666666,
            "upper": 13.333333333333332
        },
        "w_d": {
            "lower": 0.0028,
            "upper": 0.00314
        },
        "ramp": {
            "lower": 1e-10,
            "upper": 0.5
        },
        "t_tot": {
            "lower": 51.25,
            "upper": 53.75
        }
    }
}