{
    "regime": "amp_4_wd_2_ramp_0_t117.5",
    "t_tot_center": 117.5,
    "best_t_tot": 117.50937792323964,
    "best_amp": 18.769048293472157,
    "best_w_d": 0.0035090915369992465,
    "best_ramp": 0.1565055372768406,
    "best_value": 7.801409105023909e-05,
    "optimization_time": 3231.5458948612213,
    "regime_bounds": {
        "amp": {
            "lower": 18.666666666666664,
            "upper": 21.333333333333332
        },
        "w_d": {
            "lower": 0.0034799999999999996,
            "upper": 0.0038199999999999996
        },
        "ramp": {
            "lower": 1e-10,
            "upper": 0.5
        },
        "t_tot": {
            "lower": 116.25,
            "upper": 118.75
        }
    }
}