{
    "regime": "amp_0_wd_2_ramp_0_t117.5",
    "t_tot_center": 117.5,
    "best_t_tot": 117.49803020043427,
    "best_amp": 10.501588951374776,
    "best_w_d": 0.0035155738773173665,
    "best_ramp": 0.09213190192245295,
    "best_value": 4.782120352455081e-05,
    "optimization_time": 3003.6134905815125,
    "regime_bounds": {
        "amp": {
            "lower": 8.0,
            "upper": 10.666666666666666
        },
        "w_d": {
            "lower": 0.0034799999999999996,
            "upper": 0.0038199999999999996
        },
        "ramp": {
            "lower": 1e-10,
            "upper": 0.5
        },
        "t_tot": {
            "lower": 116.25,
            "upper": 118.75
        }
    }
}