{
    "regime": "amp_1_wd_4_ramp_0_t112.5",
    "t_tot_center": 112.5,
    "best_t_tot": 112.6525810519009,
    "best_amp": 10.684240495225618,
    "best_w_d": 0.004173591942114499,
    "best_ramp": 0.09608492123855053,
    "best_value": 0.00115915021231484,
    "optimization_time": 5362.062405347824,
    "regime_bounds": {
        "amp": {
            "lower": 10.666666666666666,
            "upper": 13.333333333333332
        },
        "w_d": {
            "lower": 0.00416,
            "upper": 0.0045
        },
        "ramp": {
            "lower": 1e-10,
            "upper": 0.5
        },
        "t_tot": {
            "lower": 111.25,
            "upper": 113.75
        }
    }
}