{
    "regime": "amp_1_wd_2_ramp_0_t95.0",
    "t_tot_center": 95.0,
    "best_t_tot": 96.24993133751188,
    "best_amp": 13.264496939375048,
    "best_w_d": 0.0038094309853782733,
    "best_ramp": 0.10259249969252297,
    "best_value": 0.0030256006709644453,
    "optimization_time": 3335.6924681663513,
    "regime_bounds": {
        "amp": {
            "lower": 10.666666666666666,
            "upper": 13.333333333333332
        },
        "w_d": {
            "lower": 0.0034799999999999996,
            "upper": 0.0038199999999999996
        },
        "ramp": {
            "lower": 1e-10,
            "upper": 0.5
        },
        "t_tot": {
            "lower": 93.75,
            "upper": 96.25
        }
    }
}