{
    "regime": "amp_1_wd_1_ramp_0_t115.0",
    "t_tot_center": 115.0,
    "best_t_tot": 115.118745577328,
    "best_amp": 10.693593010987142,
    "best_w_d": 0.0034419028535591202,
    "best_ramp": 0.09440258894834395,
    "best_value": 0.00013016857200609855,
    "optimization_time": 3055.182477235794,
    "regime_bounds": {
        "amp": {
            "lower": 10.666666666666666,
            "upper": 13.333333333333332
        },
        "w_d": {
            "lower": 0.00314,
            "upper": 0.0034799999999999996
        },
        "ramp": {
            "lower": 1e-10,
            "upper": 0.5
        },
        "t_tot": {
            "lower": 113.75,
            "upper": 116.25
        }
    }
}