{
    "regime": "amp_0_wd_4_ramp_0_t92.5",
    "t_tot_center": 92.5,
    "best_t_tot": 92.0440491861789,
    "best_amp": 10.666666647605917,
    "best_w_d": 0.0041946055652858725,
    "best_ramp": 0.07663418936737296,
    "best_value": 0.021301270416661924,
    "optimization_time": 1454.2786936759949,
    "regime_bounds": {
        "amp": {
            "lower": 8.0,
            "upper": 10.666666666666666
        },
        "w_d": {
            "lower": 0.00416,
            "upper": 0.0045
        },
        "ramp": {
            "lower": 1e-10,
            "upper": 0.5
        },
        "t_tot": {
            "lower": 91.25,
            "upper": 93.75
        }
    }
}