{
    "regime": "amp_5_wd_1_ramp_0_t100.0",
    "t_tot_center": 100.0,
    "best_t_tot": 100.02169402963517,
    "best_amp": 21.391102693223115,
    "best_w_d": 0.00329105851672663,
    "best_ramp": 0.14200015122250587,
    "best_value": 0.0019335160995649953,
    "optimization_time": 3827.937789916992,
    "regime_bounds": {
        "amp": {
            "lower": 21.333333333333332,
            "upper": 24.0
        },
        "w_d": {
            "lower": 0.00314,
            "upper": 0.0034799999999999996
        },
        "ramp": {
            "lower": 1e-10,
            "upper": 0.5
        },
        "t_tot": {
            "lower": 98.75,
            "upper": 101.25
        }
    }
}