{
    "regime": "amp_1_wd_3_ramp_0_t67.5",
    "t_tot_center": 67.5,
    "best_t_tot": 67.26588169994993,
    "best_amp": 13.333245719312803,
    "best_w_d": 0.004083393912168189,
    "best_ramp": 0.14058903615289056,
    "best_value": 0.20261880737380084,
    "optimization_time": 1522.9955925941467,
    "regime_bounds": {
        "amp": {
            "lower": 10.666666666666666,
            "upper": 13.333333333333332
        },
        "w_d": {
            "lower": 0.0038199999999999996,
            "upper": 0.00416
        },
        "ramp": {
            "lower": 1e-10,
            "upper": 0.5
        },
        "t_tot": {
            "lower": 66.25,
            "upper": 68.75
        }
    }
}