{
    "regime": "amp_2_wd_3_ramp_0_t115.0",
    "t_tot_center": 115.0,
    "best_t_tot": 115.32640837241865,
    "best_amp": 13.49487719034091,
    "best_w_d": 0.003856796664981719,
    "best_ramp": 0.13099830207882532,
    "best_value": 0.00784513555363861,
    "optimization_time": 2616.6190354824066,
    "regime_bounds": {
        "amp": {
            "lower": 13.333333333333332,
            "upper": 16.0
        },
        "w_d": {
            "lower": 0.0038199999999999996,
            "upper": 0.00416
        },
        "ramp": {
            "lower": 1e-10,
            "upper": 0.5
        },
        "t_tot": {
            "lower": 113.75,
            "upper": 116.25
        }
    }
}