{
    "regime": "amp_3_wd_1_ramp_0_t105.0",
    "t_tot_center": 105.0,
    "best_t_tot": 105.01601033240503,
    "best_amp": 18.31877557384125,
    "best_w_d": 0.0033118645434869354,
    "best_ramp": 0.15997480704617734,
    "best_value": 0.00015108213115633119,
    "optimization_time": 3061.6093678474426,
    "regime_bounds": {
        "amp": {
            "lower": 16.0,
            "upper": 18.666666666666664
        },
        "w_d": {
            "lower": 0.00314,
            "upper": 0.0034799999999999996
        },
        "ramp": {
            "lower": 1e-10,
            "upper": 0.5
        },
        "t_tot": {
            "lower": 103.75,
            "upper": 106.25
        }
    }
}