{
    "regime": "amp_1_wd_2_ramp_0_t115.0",
    "t_tot_center": 115.0,
    "best_t_tot": 115.16604751132328,
    "best_amp": 10.870984069597032,
    "best_w_d": 0.0035277022069058164,
    "best_ramp": 0.0818436511956314,
    "best_value": 0.00011846122321045792,
    "optimization_time": 1157.131155014038,
    "regime_bounds": {
        "amp": {
            "lower": 10.666666666666666,
            "upper": 13.333333333333332
        },
        "w_d": {
            "lower": 0.0034799999999999996,
            "upper": 0.0038199999999999996
        },
        "ramp": {
            "lower": 1e-10,
            "upper": 0.5
        },
        "t_tot": {
            "lower": 113.75,
            "upper": 116.25
        }
    }
}