{
    "regime": "amp_2_wd_0_ramp_0_t112.5",
    "t_tot_center": 112.5,
    "best_t_tot": 113.74964621243973,
    "best_amp": 13.473320302665865,
    "best_w_d": 0.0031193291614525316,
    "best_ramp": 0.0812631166896047,
    "best_value": 0.043986284810275375,
    "optimization_time": 3664.9761126041412,
    "regime_bounds": {
        "amp": {
            "lower": 13.333333333333332,
            "upper": 16.0
        },
        "w_d": {
            "lower": 0.0028,
            "upper": 0.00314
        },
        "ramp": {
            "lower": 1e-10,
            "upper": 0.5
        },
        "t_tot": {
            "lower": 111.25,
            "upper": 113.75
        }
    }
}