{
    "regime": "amp_1_wd_1_ramp_0_t92.5",
    "t_tot_center": 92.5,
    "best_t_tot": 92.54724841761893,
    "best_amp": 13.242364545734938,
    "best_w_d": 0.0034311210671246458,
    "best_ramp": 0.16237373575387515,
    "best_value": 0.3268573662410864,
    "optimization_time": 2965.205981016159,
    "regime_bounds": {
        "amp": {
            "lower": 10.666666666666666,
            "upper": 13.333333333333332
        },
        "w_d": {
            "lower": 0.00314,
            "upper": 0.0034799999999999996
        },
        "ramp": {
            "lower": 1e-10,
            "upper": 0.5
        },
        "t_tot": {
            "lower": 91.25,
            "upper": 93.75
        }
    }
}