{
    "regime": "amp_2_wd_2_ramp_0_t92.5",
    "t_tot_center": 92.5,
    "best_t_tot": 93.7499950763971,
    "best_amp": 13.970862092596501,
    "best_w_d": 0.0038086972980265763,
    "best_ramp": 0.10276208593670648,
    "best_value": 0.0066554148132192854,
    "optimization_time": 1595.52911734581,
    "regime_bounds": {
        "amp": {
            "lower": 13.333333333333332,
            "upper": 16.0
        },
        "w_d": {
            "lower": 0.0034799999999999996,
            "upper": 0.0038199999999999996
        },
        "ramp": {
            "lower": 1e-10,
            "upper": 0.5
        },
        "t_tot": {
            "lower": 91.25,
            "upper": 93.75
        }
    }
}