{
    "regime": "amp_4_wd_0_ramp_0_t120.0",
    "t_tot_center": 120.0,
    "best_t_tot": 119.61331661547989,
    "best_amp": 18.806396388935664,
    "best_w_d": 0.0030799684378479946,
    "best_ramp": 0.13260631900126213,
    "best_value": 0.00015833152389073884,
    "optimization_time": 4248.2296187877655,
    "regime_bounds": {
        "amp": {
            "lower": 18.666666666666664,
            "upper": 21.333333333333332
        },
        "w_d": {
            "lower": 0.0028,
            "upper": 0.00314
        },
        "ramp": {
            "lower": 1e-10,
            "upper": 0.5
        },
        "t_tot": {
            "lower": 118.75,
            "upper": 121.25
        }
    }
}