{
    "regime": "amp_3_wd_2_ramp_0_t102.5",
    "t_tot_center": 102.5,
    "best_t_tot": 102.16823834147205,
    "best_amp": 18.069803948625403,
    "best_w_d": 0.0034871565043289904,
    "best_ramp": 0.12606792202326722,
    "best_value": 0.001444570932877527,
    "optimization_time": 3909.980508327484,
    "regime_bounds": {
        "amp": {
            "lower": 16.0,
            "upper": 18.666666666666664
        },
        "w_d": {
            "lower": 0.0034799999999999996,
            "upper": 0.0038199999999999996
        },
        "ramp": {
            "lower": 1e-10,
            "upper": 0.5
        },
        "t_tot": {
            "lower": 101.25,
            "upper": 103.75
        }
    }
}