{
    "regime": "amp_3_wd_3_ramp_0_t55.0",
    "t_tot_center": 55.0,
    "best_t_tot": 55.19317082001884,
    "best_amp": 16.10372030612869,
    "best_w_d": 0.0038762679523490313,
    "best_ramp": 0.2150221368334998,
    "best_value": 0.010015692929888343,
    "optimization_time": 2591.409715652466,
    "regime_bounds": {
        "amp": {
            "lower": 16.0,
            "upper": 18.666666666666664
        },
        "w_d": {
            "lower": 0.0038199999999999996,
            "upper": 0.00416
        },
        "ramp": {
            "lower": 1e-10,
            "upper": 0.5
        },
        "t_tot": {
            "lower": 53.75,
            "upper": 56.25
        }
    }
}