{
    "regime": "amp_2_wd_4_ramp_0_t82.5",
    "t_tot_center": 82.5,
    "best_t_tot": 82.63868348246247,
    "best_amp": 15.845200927325745,
    "best_w_d": 0.004321020951260793,
    "best_ramp": 0.16542434178693108,
    "best_value": 0.00024090676216641886,
    "optimization_time": 1461.5427610874176,
    "regime_bounds": {
        "amp": {
            "lower": 13.333333333333332,
            "upper": 16.0
        },
        "w_d": {
            "lower": 0.00416,
            "upper": 0.0045
        },
        "ramp": {
            "lower": 1e-10,
            "upper": 0.5
        },
        "t_tot": {
            "lower": 81.25,
            "upper": 83.75
        }
    }
}