{
    "regime": "amp_3_wd_3_ramp_0_t82.5",
    "t_tot_center": 82.5,
    "best_t_tot": 82.97772561638385,
    "best_amp": 16.456271642296652,
    "best_w_d": 0.004137412746494179,
    "best_ramp": 0.13129785802977104,
    "best_value": 0.005855577431632977,
    "optimization_time": 2830.319890022278,
    "regime_bounds": {
        "amp": {
            "lower": 16.0,
            "upper": 18.666666666666664
        },
        "w_d": {
            "lower": 0.0038199999999999996,
            "upper": 0.00416
        },
        "ramp": {
            "lower": 1e-10,
            "upper": 0.5
        },
        "t_tot": {
            "lower": 81.25,
            "upper": 83.75
        }
    }
}