{
    "regime": "amp_4_wd_1_ramp_0_t65.0",
    "t_tot_center": 65.0,
    "best_t_tot": 65.7350085512464,
    "best_amp": 19.127547331935112,
    "best_w_d": 0.0031701920822914125,
    "best_ramp": 0.3464298408112387,
    "best_value": 0.0074880039163300865,
    "optimization_time": 2022.1123306751251,
    "regime_bounds": {
        "amp": {
            "lower": 18.666666666666664,
            "upper": 21.333333333333332
        },
        "w_d": {
            "lower": 0.00314,
            "upper": 0.0034799999999999996
        },
        "ramp": {
            "lower": 1e-10,
            "upper": 0.5
        },
        "t_tot": {
            "lower": 63.75,
            "upper": 66.25
        }
    }
}