{
    "regime": "amp_1_wd_0_ramp_0_t105.0",
    "t_tot_center": 105.0,
    "best_t_tot": 104.86968859961094,
    "best_amp": 13.33327212895756,
    "best_w_d": 0.0031396903201946175,
    "best_ramp": 0.08068394649660324,
    "best_value": 0.28344338615288467,
    "optimization_time": 2926.4565801620483,
    "regime_bounds": {
        "amp": {
            "lower": 10.666666666666666,
            "upper": 13.333333333333332
        },
        "w_d": {
            "lower": 0.0028,
            "upper": 0.00314
        },
        "ramp": {
            "lower": 1e-10,
            "upper": 0.5
        },
        "t_tot": {
            "lower": 103.75,
            "upper": 106.25
        }
    }
}