{
    "regime": "amp_5_wd_1_ramp_0_t82.5",
    "t_tot_center": 82.5,
    "best_t_tot": 82.62836727964894,
    "best_amp": 21.574586087696616,
    "best_w_d": 0.0034714376726537894,
    "best_ramp": 0.15948735015052679,
    "best_value": 0.060843414057431586,
    "optimization_time": 1658.1338121891022,
    "regime_bounds": {
        "amp": {
            "lower": 21.333333333333332,
            "upper": 24.0
        },
        "w_d": {
            "lower": 0.00314,
            "upper": 0.0034799999999999996
        },
        "ramp": {
            "lower": 1e-10,
            "upper": 0.5
        },
        "t_tot": {
            "lower": 81.25,
            "upper": 83.75
        }
    }
}