{
    "regime": "amp_5_wd_0_ramp_0_t50.0",
    "t_tot_center": 50.0,
    "best_t_tot": 50.45751260470881,
    "best_amp": 21.821163824911125,
    "best_w_d": 0.0031276631678545785,
    "best_ramp": 0.3008937421924855,
    "best_value": 0.05790742929499827,
    "optimization_time": 2622.882334947586,
    "regime_bounds": {
        "amp": {
            "lower": 21.333333333333332,
            "upper": 24.0
        },
        "w_d": {
            "lower": 0.0028,
            "upper": 0.00314
        },
        "ramp": {
            "lower": 1e-10,
            "upper": 0.5
        },
        "t_tot": {
            "lower": 48.75,
            "upper": 51.25
        }
    }
}