{
    "regime": "amp_3_wd_4_ramp_0_t112.5",
    "t_tot_center": 112.5,
    "best_t_tot": 112.37927365705002,
    "best_amp": 16.31456605391565,
    "best_w_d": 0.004184465648681129,
    "best_ramp": 0.1243889037448983,
    "best_value": 0.00031146005322810465,
    "optimization_time": 1649.6179480552673,
    "regime_bounds": {
        "amp": {
            "lower": 16.0,
            "upper": 18.666666666666664
        },
        "w_d": {
            "lower": 0.00416,
            "upper": 0.0045
        },
        "ramp": {
            "lower": 1e-10,
            "upper": 0.5
        },
        "t_tot": {
            "lower": 111.25,
            "upper": 113.75
        }
    }
}