{
    "regime": "amp_1_wd_4_ramp_0_t92.5",
    "t_tot_center": 92.5,
    "best_t_tot": 91.25033390805713,
    "best_amp": 12.482416327328673,
    "best_w_d": 0.004236190820929566,
    "best_ramp": 0.14269195566407983,
    "best_value": 0.004705236708879679,
    "optimization_time": 3840.367297887802,
    "regime_bounds": {
        "amp": {
            "lower": 10.666666666666666,
            "upper": 13.333333333333332
        },
        "w_d": {
            "lower": 0.00416,
            "upper": 0.0045
        },
        "ramp": {
            "lower": 1e-10,
            "upper": 0.5
        },
        "t_tot": {
            "lower": 91.25,
            "upper": 93.75
        }
    }
}