{
    "regime": "amp_4_wd_2_ramp_0_t80.0",
    "t_tot_center": 80.0,
    "best_t_tot": 80.18722389688827,
    "best_amp": 19.14499479417584,
    "best_w_d": 0.003793663429734019,
    "best_ramp": 0.17119840100679803,
    "best_value": 0.026145993523115807,
    "optimization_time": 2180.3863286972046,
    "regime_bounds": {
        "amp": {
            "lower": 18.666666666666664,
            "upper": 21.333333333333332
        },
        "w_d": {
            "lower": 0.0034799999999999996,
            "upper": 0.0038199999999999996
        },
        "ramp": {
            "lower": 1e-10,
            "upper": 0.5
        },
        "t_tot": {
            "lower": 78.75,
            "upper": 81.25
        }
    }
}