{
    "regime": "amp_4_wd_0_ramp_0_t82.5",
    "t_tot_center": 82.5,
    "best_t_tot": 82.30887584915328,
    "best_amp": 19.123660235496594,
    "best_w_d": 0.0029610970562326095,
    "best_ramp": 0.23059045519499674,
    "best_value": 0.012318448015835898,
    "optimization_time": 2765.128212451935,
    "regime_bounds": {
        "amp": {
            "lower": 18.666666666666664,
            "upper": 21.333333333333332
        },
        "w_d": {
            "lower": 0.0028,
            "upper": 0.00314
        },
        "ramp": {
            "lower": 1e-10,
            "upper": 0.5
        },
        "t_tot": {
            "lower": 81.25,
            "upper": 83.75
        }
    }
}