{
    "regime": "amp_0_wd_3_ramp_0_t75.0",
    "t_tot_center": 75.0,
    "best_t_tot": 74.34617207747374,
    "best_amp": 10.66666614527319,
    "best_w_d": 0.004159999769346808,
    "best_ramp": 0.11387387396497567,
    "best_value": 0.410185436652835,
    "optimization_time": 3749.210547208786,
    "regime_bounds": {
        "amp": {
            "lower": 8.0,
            "upper": 10.666666666666666
        },
        "w_d": {
            "lower": 0.0038199999999999996,
            "upper": 0.00416
        },
        "ramp": {
            "lower": 1e-10,
            "upper": 0.5
        },
        "t_tot": {
            "lower": 73.75,
            "upper": 76.25
        }
    }
}