{
    "regime": "amp_1_wd_4_ramp_0_t107.5",
    "t_tot_center": 107.5,
    "best_t_tot": 107.7649208271534,
    "best_amp": 10.929023628374827,
    "best_w_d": 0.0041854221524263175,
    "best_ramp": 0.11989265038175746,
    "best_value": 5.686163872081509e-05,
    "optimization_time": 5347.876286029816,
    "regime_bounds": {
        "amp": {
            "lower": 10.666666666666666,
            "upper": 13.333333333333332
        },
        "w_d": {
            "lower": 0.00416,
            "upper": 0.0045
        },
        "ramp": {
            "lower": 1e-10,
            "upper": 0.5
        },
        "t_tot": {
            "lower": 106.25,
            "upper": 108.75
        }
    }
}