{
    "regime": "amp_3_wd_2_ramp_0_t97.5",
    "t_tot_center": 97.5,
    "best_t_tot": 97.2221631027176,
    "best_amp": 18.158266148584307,
    "best_w_d": 0.003539813665145721,
    "best_ramp": 0.1514404669727903,
    "best_value": 0.0003621646435381894,
    "optimization_time": 3714.859465122223,
    "regime_bounds": {
        "amp": {
            "lower": 16.0,
            "upper": 18.666666666666664
        },
        "w_d": {
            "lower": 0.0034799999999999996,
            "upper": 0.0038199999999999996
        },
        "ramp": {
            "lower": 1e-10,
            "upper": 0.5
        },
        "t_tot": {
            "lower": 96.25,
            "upper": 98.75
        }
    }
}