{
    "regime": "amp_2_wd_2_ramp_0_t107.5",
    "t_tot_center": 107.5,
    "best_t_tot": 107.78606204723883,
    "best_amp": 13.57458077180403,
    "best_w_d": 0.003540802243154736,
    "best_ramp": 0.08498266253414499,
    "best_value": 0.01031156215638629,
    "optimization_time": 2543.9850306510925,
    "regime_bounds": {
        "amp": {
            "lower": 13.333333333333332,
            "upper": 16.0
        },
        "w_d": {
            "lower": 0.0034799999999999996,
            "upper": 0.0038199999999999996
        },
        "ramp": {
            "lower": 1e-10,
            "upper": 0.5
        },
        "t_tot": {
            "lower": 106.25,
            "upper": 108.75
        }
    }
}