{
    "regime": "amp_3_wd_3_ramp_0_t65.0",
    "t_tot_center": 65.0,
    "best_t_tot": 64.36537834594466,
    "best_amp": 16.19240368356888,
    "best_w_d": 0.0038216521668224443,
    "best_ramp": 0.2274301153560743,
    "best_value": 0.054285441068312575,
    "optimization_time": 2186.024042367935,
    "regime_bounds": {
        "amp": {
            "lower": 16.0,
            "upper": 18.666666666666664
        },
        "w_d": {
            "lower": 0.0038199999999999996,
            "upper": 0.00416
        },
        "ramp": {
            "lower": 1e-10,
            "upper": 0.5
        },
        "t_tot": {
            "lower": 63.75,
            "upper": 66.25
        }
    }
}