{
    "regime": "amp_2_wd_3_ramp_0_t90.0",
    "t_tot_center": 90.0,
    "best_t_tot": 89.69482337406495,
    "best_amp": 13.929847181009842,
    "best_w_d": 0.004052152379705614,
    "best_ramp": 0.12906947769669785,
    "best_value": 0.0004588594131806112,
    "optimization_time": 2194.94952583313,
    "regime_bounds": {
        "amp": {
            "lower": 13.333333333333332,
            "upper": 16.0
        },
        "w_d": {
            "lower": 0.0038199999999999996,
            "upper": 0.00416
        },
        "ramp": {
            "lower": 1e-10,
            "upper": 0.5
        },
        "t_tot": {
            "lower": 88.75,
            "upper": 91.25
        }
    }
}