{
    "regime": "amp_1_wd_1_ramp_0_t120.0",
    "t_tot_center": 120.0,
    "best_t_tot": 120.09973513835712,
    "best_amp": 12.238246252885014,
    "best_w_d": 0.003423580229161001,
    "best_ramp": 0.10227555032149487,
    "best_value": 7.154077142146526e-05,
    "optimization_time": 3779.313576698303,
    "regime_bounds": {
        "amp": {
            "lower": 10.666666666666666,
            "upper": 13.333333333333332
        },
        "w_d": {
            "lower": 0.00314,
            "upper": 0.0034799999999999996
        },
        "ramp": {
            "lower": 1e-10,
            "upper": 0.5
        },
        "t_tot": {
            "lower": 118.75,
            "upper": 121.25
        }
    }
}