{
    "regime": "amp_4_wd_1_ramp_0_t67.5",
    "t_tot_center": 67.5,
    "best_t_tot": 67.72679913738124,
    "best_amp": 19.806912222841852,
    "best_w_d": 0.0034474637227291664,
    "best_ramp": 0.20678020752485202,
    "best_value": 0.005486193165555198,
    "optimization_time": 2338.67879986763,
    "regime_bounds": {
        "amp": {
            "lower": 18.666666666666664,
            "upper": 21.333333333333332
        },
        "w_d": {
            "lower": 0.00314,
            "upper": 0.0034799999999999996
        },
        "ramp": {
            "lower": 1e-10,
            "upper": 0.5
        },
        "t_tot": {
            "lower": 66.25,
            "upper": 68.75
        }
    }
}