{
    "regime": "amp_1_wd_0_ramp_0_t77.5",
    "t_tot_center": 77.5,
    "best_t_tot": 76.25036132647756,
    "best_amp": 13.310523108437193,
    "best_w_d": 0.003117206572468014,
    "best_ramp": 0.16712425401564682,
    "best_value": 0.39580077938456176,
    "optimization_time": 2239.7153975963593,
    "regime_bounds": {
        "amp": {
            "lower": 10.666666666666666,
            "upper": 13.333333333333332
        },
        "w_d": {
            "lower": 0.0028,
            "upper": 0.00314
        },
        "ramp": {
            "lower": 1e-10,
            "upper": 0.5
        },
        "t_tot": {
            "lower": 76.25,
            "upper": 78.75
        }
    }
}