{
    "regime": "amp_0_wd_1_ramp_0_t115.0",
    "t_tot_center": 115.0,
    "best_t_tot": 114.98344487568755,
    "best_amp": 10.47212118690508,
    "best_w_d": 0.003452427942273573,
    "best_ramp": 0.08857948524846518,
    "best_value": 0.00013491722354076594,
    "optimization_time": 6250.850153923035,
    "regime_bounds": {
        "amp": {
            "lower": 8.0,
            "upper": 10.666666666666666
        },
        "w_d": {
            "lower": 0.00314,
            "upper": 0.0034799999999999996
        },
        "ramp": {
            "lower": 1e-10,
            "upper": 0.5
        },
        "t_tot": {
            "lower": 113.75,
            "upper": 116.25
        }
    }
}