{
    "regime": "amp_2_wd_4_ramp_0_t105.0",
    "t_tot_center": 105.0,
    "best_t_tot": 105.40509250541147,
    "best_amp": 15.873902708475418,
    "best_w_d": 0.004163227007448232,
    "best_ramp": 0.09988278905998622,
    "best_value": 0.0005238915610685383,
    "optimization_time": 1284.6861143112183,
    "regime_bounds": {
        "amp": {
            "lower": 13.333333333333332,
            "upper": 16.0
        },
        "w_d": {
            "lower": 0.00416,
            "upper": 0.0045
        },
        "ramp": {
            "lower": 1e-10,
            "upper": 0.5
        },
        "t_tot": {
            "lower": 103.75,
            "upper": 106.25
        }
    }
}