{
    "regime": "amp_2_wd_1_ramp_0_t50.0",
    "t_tot_center": 50.0,
    "best_t_tot": 51.24999998448078,
    "best_amp": 13.479205383508685,
    "best_w_d": 0.003454101357826734,
    "best_ramp": 0.2995574308473805,
    "best_value": 0.009525912422714122,
    "optimization_time": 2651.7457427978516,
    "regime_bounds": {
        "amp": {
            "lower": 13.333333333333332,
            "upper": 16.0
        },
        "w_d": {
            "lower": 0.00314,
            "upper": 0.0034799999999999996
        },
        "ramp": {
            "lower": 1e-10,
            "upper": 0.5
        },
        "t_tot": {
            "lower": 48.75,
            "upper": 51.25
        }
    }
}