{
    "regime": "amp_4_wd_3_ramp_0_t72.5",
    "t_tot_center": 72.5,
    "best_t_tot": 72.92011059579241,
    "best_amp": 19.43713143618954,
    "best_w_d": 0.004115219585203752,
    "best_ramp": 0.156762279788448,
    "best_value": 0.022711074928146197,
    "optimization_time": 3630.644326686859,
    "regime_bounds": {
        "amp": {
            "lower": 18.666666666666664,
            "upper": 21.333333333333332
        },
        "w_d": {
            "lower": 0.0038199999999999996,
            "upper": 0.00416
        },
        "ramp": {
            "lower": 1e-10,
            "upper": 0.5
        },
        "t_tot": {
            "lower": 71.25,
            "upper": 73.75
        }
    }
}