{
    "regime": "amp_4_wd_4_ramp_0_t112.5",
    "t_tot_center": 112.5,
    "best_t_tot": 112.2947579059254,
    "best_amp": 19.366729127292857,
    "best_w_d": 0.00417740765765352,
    "best_ramp": 0.13598629774577023,
    "best_value": 0.00043195621570917426,
    "optimization_time": 3282.199741601944,
    "regime_bounds": {
        "amp": {
            "lower": 18.666666666666664,
            "upper": 21.333333333333332
        },
        "w_d": {
            "lower": 0.00416,
            "upper": 0.0045
        },
        "ramp": {
            "lower": 1e-10,
            "upper": 0.5
        },
        "t_tot": {
            "lower": 111.25,
            "upper": 113.75
        }
    }
}