{
    "regime": "amp_2_wd_1_ramp_0_t102.5",
    "t_tot_center": 102.5,
    "best_t_tot": 103.70369037820835,
    "best_amp": 15.654722216168702,
    "best_w_d": 0.0033203759716330925,
    "best_ramp": 0.09154302166184683,
    "best_value": 0.020400947263605432,
    "optimization_time": 4098.238674402237,
    "regime_bounds": {
        "amp": {
            "lower": 13.333333333333332,
            "upper": 16.0
        },
        "w_d": {
            "lower": 0.00314,
            "upper": 0.0034799999999999996
        },
        "ramp": {
            "lower": 1e-10,
            "upper": 0.5
        },
        "t_tot": {
            "lower": 101.25,
            "upper": 103.75
        }
    }
}