{
    "regime": "amp_1_wd_1_ramp_0_t82.5",
    "t_tot_center": 82.5,
    "best_t_tot": 81.25000326919671,
    "best_amp": 13.33332138866248,
    "best_w_d": 0.003464025442060079,
    "best_ramp": 0.13599065621676004,
    "best_value": 0.40413065868640685,
    "optimization_time": 1081.3176009654999,
    "regime_bounds": {
        "amp": {
            "lower": 10.666666666666666,
            "upper": 13.333333333333332
        },
        "w_d": {
            "lower": 0.00314,
            "upper": 0.0034799999999999996
        },
        "ramp": {
            "lower": 1e-10,
            "upper": 0.5
        },
        "t_tot": {
            "lower": 81.25,
            "upper": 83.75
        }
    }
}