{
    "regime": "amp_5_wd_1_ramp_0_t67.5",
    "t_tot_center": 67.5,
    "best_t_tot": 68.03618356729453,
    "best_amp": 21.423626655262108,
    "best_w_d": 0.003476897965851094,
    "best_ramp": 0.1963869616660675,
    "best_value": 0.012460017726191699,
    "optimization_time": 2517.9628341197968,
    "regime_bounds": {
        "amp": {
            "lower": 21.333333333333332,
            "upper": 24.0
        },
        "w_d": {
            "lower": 0.00314,
            "upper": 0.0034799999999999996
        },
        "ramp": {
            "lower": 1e-10,
            "upper": 0.5
        },
        "t_tot": {
            "lower": 66.25,
            "upper": 68.75
        }
    }
}