{
    "regime": "amp_3_wd_1_ramp_0_t102.5",
    "t_tot_center": 102.5,
    "best_t_tot": 102.75055212673414,
    "best_amp": 18.158633949966525,
    "best_w_d": 0.0032979180644576384,
    "best_ramp": 0.12785611629533739,
    "best_value": 0.0006663008007714065,
    "optimization_time": 2939.0227444171906,
    "regime_bounds": {
        "amp": {
            "lower": 16.0,
            "upper": 18.666666666666664
        },
        "w_d": {
            "lower": 0.00314,
            "upper": 0.0034799999999999996
        },
        "ramp": {
            "lower": 1e-10,
            "upper": 0.5
        },
        "t_tot": {
            "lower": 101.25,
            "upper": 103.75
        }
    }
}