{
    "regime": "amp_1_wd_3_ramp_0_t55.0",
    "t_tot_center": 55.0,
    "best_t_tot": 53.8027931154986,
    "best_amp": 11.92015502502868,
    "best_w_d": 0.0038413873543692027,
    "best_ramp": 0.3500081411653529,
    "best_value": 0.024800462765267317,
    "optimization_time": 1240.2086157798767,
    "regime_bounds": {
        "amp": {
            "lower": 10.666666666666666,
            "upper": 13.333333333333332
        },
        "w_d": {
            "lower": 0.0038199999999999996,
            "upper": 0.00416
        },
        "ramp": {
            "lower": 1e-10,
            "upper": 0.5
        },
        "t_tot": {
            "lower": 53.75,
            "upper": 56.25
        }
    }
}