{
    "regime": "amp_3_wd_1_ramp_0_t75.0",
    "t_tot_center": 75.0,
    "best_t_tot": 74.70815766485396,
    "best_amp": 18.22354140533721,
    "best_w_d": 0.003463060828730183,
    "best_ramp": 0.2924132456524453,
    "best_value": 0.013943878113467964,
    "optimization_time": 2732.389497280121,
    "regime_bounds": {
        "amp": {
            "lower": 16.0,
            "upper": 18.666666666666664
        },
        "w_d": {
            "lower": 0.00314,
            "upper": 0.0034799999999999996
        },
        "ramp": {
            "lower": 1e-10,
            "upper": 0.5
        },
        "t_tot": {
            "lower": 73.75,
            "upper": 76.25
        }
    }
}