{
    "regime": "amp_4_wd_1_ramp_0_t110.0",
    "t_tot_center": 110.0,
    "best_t_tot": 110.15063260964578,
    "best_amp": 18.835830579898687,
    "best_w_d": 0.003471441567189873,
    "best_ramp": 0.12707398282519655,
    "best_value": 0.00015447908894823526,
    "optimization_time": 3250.56862783432,
    "regime_bounds": {
        "amp": {
            "lower": 18.666666666666664,
            "upper": 21.333333333333332
        },
        "w_d": {
            "lower": 0.00314,
            "upper": 0.0034799999999999996
        },
        "ramp": {
            "lower": 1e-10,
            "upper": 0.5
        },
        "t_tot": {
            "lower": 108.75,
            "upper": 111.25
        }
    }
}