{
    "regime": "amp_4_wd_1_ramp_0_t120.0",
    "t_tot_center": 120.0,
    "best_t_tot": 120.13676038133231,
    "best_amp": 19.07117208646835,
    "best_w_d": 0.003434654062990309,
    "best_ramp": 0.10756174318212772,
    "best_value": 0.0018132248950765626,
    "optimization_time": 2594.608211994171,
    "regime_bounds": {
        "amp": {
            "lower": 18.666666666666664,
            "upper": 21.333333333333332
        },
        "w_d": {
            "lower": 0.00314,
            "upper": 0.0034799999999999996
        },
        "ramp": {
            "lower": 1e-10,
            "upper": 0.5
        },
        "t_tot": {
            "lower": 118.75,
            "upper": 121.25
        }
    }
}