{
    "regime": "amp_2_wd_3_ramp_0_t80.0",
    "t_tot_center": 80.0,
    "best_t_tot": 81.10089759900548,
    "best_amp": 15.68794838192321,
    "best_w_d": 0.0041585316135945285,
    "best_ramp": 0.13083850289978605,
    "best_value": 0.03185609700428292,
    "optimization_time": 2165.140561580658,
    "regime_bounds": {
        "amp": {
            "lower": 13.333333333333332,
            "upper": 16.0
        },
        "w_d": {
            "lower": 0.0038199999999999996,
            "upper": 0.00416
        },
        "ramp": {
            "lower": 1e-10,
            "upper": 0.5
        },
        "t_tot": {
            "lower": 78.75,
            "upper": 81.25
        }
    }
}