{
    "regime": "amp_4_wd_4_ramp_0_t57.5",
    "t_tot_center": 57.5,
    "best_t_tot": 57.40325583905593,
    "best_amp": 18.711112684115154,
    "best_w_d": 0.004176715005783426,
    "best_ramp": 0.22681505077686598,
    "best_value": 0.004138003538798825,
    "optimization_time": 1545.2990131378174,
    "regime_bounds": {
        "amp": {
            "lower": 18.666666666666664,
            "upper": 21.333333333333332
        },
        "w_d": {
            "lower": 0.00416,
            "upper": 0.0045
        },
        "ramp": {
            "lower": 1e-10,
            "upper": 0.5
        },
        "t_tot": {
            "lower": 56.25,
            "upper": 58.75
        }
    }
}