{
    "regime": "amp_1_wd_3_ramp_0_t102.5",
    "t_tot_center": 102.5,
    "best_t_tot": 102.54964199535215,
    "best_amp": 12.888236067807053,
    "best_w_d": 0.0038652464237366626,
    "best_ramp": 0.1161609259961018,
    "best_value": 0.00016566630087325816,
    "optimization_time": 2749.734266757965,
    "regime_bounds": {
        "amp": {
            "lower": 10.666666666666666,
            "upper": 13.333333333333332
        },
        "w_d": {
            "lower": 0.0038199999999999996,
            "upper": 0.00416
        },
        "ramp": {
            "lower": 1e-10,
            "upper": 0.5
        },
        "t_tot": {
            "lower": 101.25,
            "upper": 103.75
        }
    }
}