{
    "regime": "amp_4_wd_3_ramp_0_t115.0",
    "t_tot_center": 115.0,
    "best_t_tot": 115.00452051220607,
    "best_amp": 19.11159030626537,
    "best_w_d": 0.003865353680983583,
    "best_ramp": 0.12768558301007277,
    "best_value": 0.0005795307792914201,
    "optimization_time": 4869.332576274872,
    "regime_bounds": {
        "amp": {
            "lower": 18.666666666666664,
            "upper": 21.333333333333332
        },
        "w_d": {
            "lower": 0.0038199999999999996,
            "upper": 0.00416
        },
        "ramp": {
            "lower": 1e-10,
            "upper": 0.5
        },
        "t_tot": {
            "lower": 113.75,
            "upper": 116.25
        }
    }
}