{
    "regime": "amp_1_wd_3_ramp_0_t57.5",
    "t_tot_center": 57.5,
    "best_t_tot": 56.69821763614364,
    "best_amp": 12.743759074629871,
    "best_w_d": 0.003869038950804001,
    "best_ramp": 0.33176375382453877,
    "best_value": 0.023862792796077198,
    "optimization_time": 1317.5363421440125,
    "regime_bounds": {
        "amp": {
            "lower": 10.666666666666666,
            "upper": 13.333333333333332
        },
        "w_d": {
            "lower": 0.0038199999999999996,
            "upper": 0.00416
        },
        "ramp": {
            "lower": 1e-10,
            "upper": 0.5
        },
        "t_tot": {
            "lower": 56.25,
            "upper": 58.75
        }
    }
}