{
    "regime": "amp_3_wd_2_ramp_0_t75.0",
    "t_tot_center": 75.0,
    "best_t_tot": 74.35023598448937,
    "best_amp": 18.485789645965053,
    "best_w_d": 0.0037867224792713337,
    "best_ramp": 0.2033070354943808,
    "best_value": 0.0756570793554057,
    "optimization_time": 3707.3656396865845,
    "regime_bounds": {
        "amp": {
            "lower": 16.0,
            "upper": 18.666666666666664
        },
        "w_d": {
            "lower": 0.0034799999999999996,
            "upper": 0.0038199999999999996
        },
        "ramp": {
            "lower": 1e-10,
            "upper": 0.5
        },
        "t_tot": {
            "lower": 73.75,
            "upper": 76.25
        }
    }
}