{
    "regime": "amp_3_wd_0_ramp_0_t70.0",
    "t_tot_center": 70.0,
    "best_t_tot": 70.42703755726322,
    "best_amp": 18.486245177389897,
    "best_w_d": 0.0031265754812101333,
    "best_ramp": 0.1697012002637017,
    "best_value": 0.0077773657748744,
    "optimization_time": 2542.5062339305878,
    "regime_bounds": {
        "amp": {
            "lower": 16.0,
            "upper": 18.666666666666664
        },
        "w_d": {
            "lower": 0.0028,
            "upper": 0.00314
        },
        "ramp": {
            "lower": 1e-10,
            "upper": 0.5
        },
        "t_tot": {
            "lower": 68.75,
            "upper": 71.25
        }
    }
}