{
    "regime": "amp_5_wd_2_ramp_0_t75.0",
    "t_tot_center": 75.0,
    "best_t_tot": 75.04099267429942,
    "best_amp": 21.673240346134644,
    "best_w_d": 0.0037793853260197695,
    "best_ramp": 0.310899607552569,
    "best_value": 0.010528844373614359,
    "optimization_time": 2586.9682710170746,
    "regime_bounds": {
        "amp": {
            "lower": 21.333333333333332,
            "upper": 24.0
        },
        "w_d": {
            "lower": 0.0034799999999999996,
            "upper": 0.0038199999999999996
        },
        "ramp": {
            "lower": 1e-10,
            "upper": 0.5
        },
        "t_tot": {
            "lower": 73.75,
            "upper": 76.25
        }
    }
}