{
    "regime": "amp_4_wd_1_ramp_0_t82.5",
    "t_tot_center": 82.5,
    "best_t_tot": 83.74998730768729,
    "best_amp": 18.84540210644645,
    "best_w_d": 0.0034654579405610487,
    "best_ramp": 0.12994567801002788,
    "best_value": 0.08933194616872336,
    "optimization_time": 3000.3880610466003,
    "regime_bounds": {
        "amp": {
            "lower": 18.666666666666664,
            "upper": 21.333333333333332
        },
        "w_d": {
            "lower": 0.00314,
            "upper": 0.0034799999999999996
        },
        "ramp": {
            "lower": 1e-10,
            "upper": 0.5
        },
        "t_tot": {
            "lower": 81.25,
            "upper": 83.75
        }
    }
}