{
    "regime": "amp_1_wd_4_ramp_0_t72.5",
    "t_tot_center": 72.5,
    "best_t_tot": 72.13940407147243,
    "best_amp": 13.259667150822018,
    "best_w_d": 0.0042857305432307605,
    "best_ramp": 0.14336668834757985,
    "best_value": 0.14485735962602228,
    "optimization_time": 920.8578271865845,
    "regime_bounds": {
        "amp": {
            "lower": 10.666666666666666,
            "upper": 13.333333333333332
        },
        "w_d": {
            "lower": 0.00416,
            "upper": 0.0045
        },
        "ramp": {
            "lower": 1e-10,
            "upper": 0.5
        },
        "t_tot": {
            "lower": 71.25,
            "upper": 73.75
        }
    }
}