{
    "regime": "amp_5_wd_4_ramp_0_t95.0",
    "t_tot_center": 95.0,
    "best_t_tot": 94.71965877666713,
    "best_amp": 21.59409883771869,
    "best_w_d": 0.004213537732396362,
    "best_ramp": 0.1180582763960499,
    "best_value": 0.030759340320978296,
    "optimization_time": 2567.1085135936737,
    "regime_bounds": {
        "amp": {
            "lower": 21.333333333333332,
            "upper": 24.0
        },
        "w_d": {
            "lower": 0.00416,
            "upper": 0.0045
        },
        "ramp": {
            "lower": 1e-10,
            "upper": 0.5
        },
        "t_tot": {
            "lower": 93.75,
            "upper": 96.25
        }
    }
}