{
    "regime": "amp_3_wd_2_ramp_0_t117.5",
    "t_tot_center": 117.5,
    "best_t_tot": 117.59472840297471,
    "best_amp": 16.384513995916976,
    "best_w_d": 0.00357102996947743,
    "best_ramp": 0.20112880590108406,
    "best_value": 3.5507287523734202e-06,
    "optimization_time": 3032.000908136368,
    "regime_bounds": {
        "amp": {
            "lower": 16.0,
            "upper": 18.666666666666664
        },
        "w_d": {
            "lower": 0.0034799999999999996,
            "upper": 0.0038199999999999996
        },
        "ramp": {
            "lower": 1e-10,
            "upper": 0.5
        },
        "t_tot": {
            "lower": 116.25,
            "upper": 118.75
        }
    }
}