{
    "regime": "amp_0_wd_2_ramp_0_t95.0",
    "t_tot_center": 95.0,
    "best_t_tot": 96.24999929439119,
    "best_amp": 10.387780966755386,
    "best_w_d": 0.0038199995751526643,
    "best_ramp": 0.07132711346207374,
    "best_value": 0.19888805370093163,
    "optimization_time": 1020.365250825882,
    "regime_bounds": {
        "amp": {
            "lower": 8.0,
            "upper": 10.666666666666666
        },
        "w_d": {
            "lower": 0.0034799999999999996,
            "upper": 0.0038199999999999996
        },
        "ramp": {
            "lower": 1e-10,
            "upper": 0.5
        },
        "t_tot": {
            "lower": 93.75,
            "upper": 96.25
        }
    }
}