{
    "regime": "amp_3_wd_3_ramp_0_t110.0",
    "t_tot_center": 110.0,
    "best_t_tot": 109.85860557593087,
    "best_amp": 16.3067475215419,
    "best_w_d": 0.003832188044392342,
    "best_ramp": 0.14961284166335037,
    "best_value": 0.00011022786549935082,
    "optimization_time": 3986.4729697704315,
    "regime_bounds": {
        "amp": {
            "lower": 16.0,
            "upper": 18.666666666666664
        },
        "w_d": {
            "lower": 0.0038199999999999996,
            "upper": 0.00416
        },
        "ramp": {
            "lower": 1e-10,
            "upper": 0.5
        },
        "t_tot": {
            "lower": 108.75,
            "upper": 111.25
        }
    }
}