{
    "regime": "amp_4_wd_2_ramp_0_t112.5",
    "t_tot_center": 112.5,
    "best_t_tot": 112.15174912931134,
    "best_amp": 18.763567252724414,
    "best_w_d": 0.0035388616831498847,
    "best_ramp": 0.15939675614027496,
    "best_value": 0.00012254026287299643,
    "optimization_time": 3447.1362557411194,
    "regime_bounds": {
        "amp": {
            "lower": 18.666666666666664,
            "upper": 21.333333333333332
        },
        "w_d": {
            "lower": 0.0034799999999999996,
            "upper": 0.0038199999999999996
        },
        "ramp": {
            "lower": 1e-10,
            "upper": 0.5
        },
        "t_tot": {
            "lower": 111.25,
            "upper": 113.75
        }
    }
}