{
    "regime": "amp_0_wd_0_ramp_0_t72.5",
    "t_tot_center": 72.5,
    "best_t_tot": 72.45097438652408,
    "best_amp": 9.942553246987623,
    "best_w_d": 0.003131717867497379,
    "best_ramp": 0.08734152455790045,
    "best_value": 0.7062010029044852,
    "optimization_time": 1311.1352336406708,
    "regime_bounds": {
        "amp": {
            "lower": 8.0,
            "upper": 10.666666666666666
        },
        "w_d": {
            "lower": 0.0028,
            "upper": 0.00314
        },
        "ramp": {
            "lower": 1e-10,
            "upper": 0.5
        },
        "t_tot": {
            "lower": 71.25,
            "upper": 73.75
        }
    }
}