{
    "regime": "amp_1_wd_2_ramp_0_t62.5",
    "t_tot_center": 62.5,
    "best_t_tot": 61.25001470288169,
    "best_amp": 12.801186000183737,
    "best_w_d": 0.003486425320740133,
    "best_ramp": 0.2514769943027726,
    "best_value": 0.06675901703985543,
    "optimization_time": 1268.575566291809,
    "regime_bounds": {
        "amp": {
            "lower": 10.666666666666666,
            "upper": 13.333333333333332
        },
        "w_d": {
            "lower": 0.0034799999999999996,
            "upper": 0.0038199999999999996
        },
        "ramp": {
            "lower": 1e-10,
            "upper": 0.5
        },
        "t_tot": {
            "lower": 61.25,
            "upper": 63.75
        }
    }
}