{
    "regime": "amp_3_wd_3_ramp_0_t80.0",
    "t_tot_center": 80.0,
    "best_t_tot": 80.93690954764891,
    "best_amp": 16.468144885784717,
    "best_w_d": 0.004136192498877368,
    "best_ramp": 0.14419369039941865,
    "best_value": 0.022667510518580822,
    "optimization_time": 1221.653835773468,
    "regime_bounds": {
        "amp": {
            "lower": 16.0,
            "upper": 18.666666666666664
        },
        "w_d": {
            "lower": 0.0038199999999999996,
            "upper": 0.00416
        },
        "ramp": {
            "lower": 1e-10,
            "upper": 0.5
        },
        "t_tot": {
            "lower": 78.75,
            "upper": 81.25
        }
    }
}