{
    "regime": "amp_2_wd_0_ramp_0_t117.5",
    "t_tot_center": 117.5,
    "best_t_tot": 118.03277651558341,
    "best_amp": 13.47725664668022,
    "best_w_d": 0.0031326927720790477,
    "best_ramp": 0.09619214432630899,
    "best_value": 0.0004092649255941947,
    "optimization_time": 3516.7998175621033,
    "regime_bounds": {
        "amp": {
            "lower": 13.333333333333332,
            "upper": 16.0
        },
        "w_d": {
            "lower": 0.0028,
            "upper": 0.00314
        },
        "ramp": {
            "lower": 1e-10,
            "upper": 0.5
        },
        "t_tot": {
            "lower": 116.25,
            "upper": 118.75
        }
    }
}