{
    "regime": "amp_0_wd_2_ramp_0_t72.5",
    "t_tot_center": 72.5,
    "best_t_tot": 72.35065876861589,
    "best_amp": 10.66660657165718,
    "best_w_d": 0.0038040915269706896,
    "best_ramp": 0.13200139611180914,
    "best_value": 0.5469511852431295,
    "optimization_time": 1450.1229901313782,
    "regime_bounds": {
        "amp": {
            "lower": 8.0,
            "upper": 10.666666666666666
        },
        "w_d": {
            "lower": 0.0034799999999999996,
            "upper": 0.0038199999999999996
        },
        "ramp": {
            "lower": 1e-10,
            "upper": 0.5
        },
        "t_tot": {
            "lower": 71.25,
            "upper": 73.75
        }
    }
}