{
    "regime": "amp_3_wd_0_ramp_0_t80.0",
    "t_tot_center": 80.0,
    "best_t_tot": 79.3347273517376,
    "best_amp": 16.346410143902954,
    "best_w_d": 0.003133989325085614,
    "best_ramp": 0.17741347604228788,
    "best_value": 0.17481004236813608,
    "optimization_time": 2719.4670724868774,
    "regime_bounds": {
        "amp": {
            "lower": 16.0,
            "upper": 18.666666666666664
        },
        "w_d": {
            "lower": 0.0028,
            "upper": 0.00314
        },
        "ramp": {
            "lower": 1e-10,
            "upper": 0.5
        },
        "t_tot": {
            "lower": 78.75,
            "upper": 81.25
        }
    }
}