{
    "regime": "amp_2_wd_2_ramp_0_t110.0",
    "t_tot_center": 110.0,
    "best_t_tot": 110.0605317117719,
    "best_amp": 13.499522118733617,
    "best_w_d": 0.0035615300492857173,
    "best_ramp": 0.08454132683529718,
    "best_value": 0.013486414922442307,
    "optimization_time": 3464.079963207245,
    "regime_bounds": {
        "amp": {
            "lower": 13.333333333333332,
            "upper": 16.0
        },
        "w_d": {
            "lower": 0.0034799999999999996,
            "upper": 0.0038199999999999996
        },
        "ramp": {
            "lower": 1e-10,
            "upper": 0.5
        },
        "t_tot": {
            "lower": 108.75,
            "upper": 111.25
        }
    }
}