{
    "regime": "amp_4_wd_3_ramp_0_t97.5",
    "t_tot_center": 97.5,
    "best_t_tot": 97.5378630632964,
    "best_amp": 19.19205483514097,
    "best_w_d": 0.00382781814748931,
    "best_ramp": 0.205251405252781,
    "best_value": 2.9491566117134317e-05,
    "optimization_time": 2797.060473918915,
    "regime_bounds": {
        "amp": {
            "lower": 18.666666666666664,
            "upper": 21.333333333333332
        },
        "w_d": {
            "lower": 0.0038199999999999996,
            "upper": 0.00416
        },
        "ramp": {
            "lower": 1e-10,
            "upper": 0.5
        },
        "t_tot": {
            "lower": 96.25,
            "upper": 98.75
        }
    }
}