{
    "regime": "amp_2_wd_0_ramp_0_t75.0",
    "t_tot_center": 75.0,
    "best_t_tot": 74.98302344067604,
    "best_amp": 15.95837887652683,
    "best_w_d": 0.0030754576079493282,
    "best_ramp": 0.344688903211014,
    "best_value": 0.016308933725472236,
    "optimization_time": 3140.9128534793854,
    "regime_bounds": {
        "amp": {
            "lower": 13.333333333333332,
            "upper": 16.0
        },
        "w_d": {
            "lower": 0.0028,
            "upper": 0.00314
        },
        "ramp": {
            "lower": 1e-10,
            "upper": 0.5
        },
        "t_tot": {
            "lower": 73.75,
            "upper": 76.25
        }
    }
}