{
    "regime": "amp_2_wd_0_ramp_0_t70.0",
    "t_tot_center": 70.0,
    "best_t_tot": 70.00700114021018,
    "best_amp": 15.94470553915673,
    "best_w_d": 0.0031250305912915444,
    "best_ramp": 0.26860295611586965,
    "best_value": 0.00014983748131923116,
    "optimization_time": 1920.294173002243,
    "regime_bounds": {
        "amp": {
            "lower": 13.333333333333332,
            "upper": 16.0
        },
        "w_d": {
            "lower": 0.0028,
            "upper": 0.00314
        },
        "ramp": {
            "lower": 1e-10,
            "upper": 0.5
        },
        "t_tot": {
            "lower": 68.75,
            "upper": 71.25
        }
    }
}