{
    "regime": "amp_0_wd_2_ramp_0_t110.0",
    "t_tot_center": 110.0,
    "best_t_tot": 110.19710952269287,
    "best_amp": 10.541025670022938,
    "best_w_d": 0.003533012292223842,
    "best_ramp": 0.07398783320933125,
    "best_value": 0.0024273201059515906,
    "optimization_time": 2486.514519929886,
    "regime_bounds": {
        "amp": {
            "lower": 8.0,
            "upper": 10.666666666666666
        },
        "w_d": {
            "lower": 0.0034799999999999996,
            "upper": 0.0038199999999999996
        },
        "ramp": {
            "lower": 1e-10,
            "upper": 0.5
        },
        "t_tot": {
            "lower": 108.75,
            "upper": 111.25
        }
    }
}