{
    "regime": "amp_5_wd_4_ramp_0_t105.0",
    "t_tot_center": 105.0,
    "best_t_tot": 105.25992685877077,
    "best_amp": 21.901165421169953,
    "best_w_d": 0.00424653594479492,
    "best_ramp": 0.1321003312478867,
    "best_value": 0.0023374236447612604,
    "optimization_time": 3486.6125333309174,
    "regime_bounds": {
        "amp": {
            "lower": 21.333333333333332,
            "upper": 24.0
        },
        "w_d": {
            "lower": 0.00416,
            "upper": 0.0045
        },
        "ramp": {
            "lower": 1e-10,
            "upper": 0.5
        },
        "t_tot": {
            "lower": 103.75,
            "upper": 106.25
        }
    }
}