{
    "regime": "amp_4_wd_3_ramp_0_t85.0",
    "t_tot_center": 85.0,
    "best_t_tot": 84.92270592369294,
    "best_amp": 18.81155251648821,
    "best_w_d": 0.004140044893483815,
    "best_ramp": 0.20552693265441532,
    "best_value": 0.00020358760568052643,
    "optimization_time": 3852.939431667328,
    "regime_bounds": {
        "amp": {
            "lower": 18.666666666666664,
            "upper": 21.333333333333332
        },
        "w_d": {
            "lower": 0.0038199999999999996,
            "upper": 0.00416
        },
        "ramp": {
            "lower": 1e-10,
            "upper": 0.5
        },
        "t_tot": {
            "lower": 83.75,
            "upper": 86.25
        }
    }
}