{
    "regime": "amp_4_wd_2_ramp_0_t72.5",
    "t_tot_center": 72.5,
    "best_t_tot": 72.20203380572775,
    "best_amp": 19.9162330422561,
    "best_w_d": 0.0037771777054338733,
    "best_ramp": 0.19900948344407257,
    "best_value": 0.03226831406063754,
    "optimization_time": 2394.1766328811646,
    "regime_bounds": {
        "amp": {
            "lower": 18.666666666666664,
            "upper": 21.333333333333332
        },
        "w_d": {
            "lower": 0.0034799999999999996,
            "upper": 0.0038199999999999996
        },
        "ramp": {
            "lower": 1e-10,
            "upper": 0.5
        },
        "t_tot": {
            "lower": 71.25,
            "upper": 73.75
        }
    }
}