{
    "regime": "amp_5_wd_2_ramp_0_t100.0",
    "t_tot_center": 100.0,
    "best_t_tot": 99.85599602704221,
    "best_amp": 21.65508003268042,
    "best_w_d": 0.003508971619377026,
    "best_ramp": 0.21658041441882583,
    "best_value": 0.003202342941363433,
    "optimization_time": 3311.0776193141937,
    "regime_bounds": {
        "amp": {
            "lower": 21.333333333333332,
            "upper": 24.0
        },
        "w_d": {
            "lower": 0.0034799999999999996,
            "upper": 0.0038199999999999996
        },
        "ramp": {
            "lower": 1e-10,
            "upper": 0.5
        },
        "t_tot": {
            "lower": 98.75,
            "upper": 101.25
        }
    }
}