{
    "regime": "amp_2_wd_2_ramp_0_t120.0",
    "t_tot_center": 120.0,
    "best_t_tot": 120.01060962600933,
    "best_amp": 13.780725555404624,
    "best_w_d": 0.0034867795907225028,
    "best_ramp": 0.14601236210840837,
    "best_value": 2.1395398852780472e-05,
    "optimization_time": 1540.8765699863434,
    "regime_bounds": {
        "amp": {
            "lower": 13.333333333333332,
            "upper": 16.0
        },
        "w_d": {
            "lower": 0.0034799999999999996,
            "upper": 0.0038199999999999996
        },
        "ramp": {
            "lower": 1e-10,
            "upper": 0.5
        },
        "t_tot": {
            "lower": 118.75,
            "upper": 121.25
        }
    }
}