{
    "regime": "amp_1_wd_0_ramp_0_t97.5",
    "t_tot_center": 97.5,
    "best_t_tot": 96.9991419769748,
    "best_amp": 13.306596624520376,
    "best_w_d": 0.0031269942473760807,
    "best_ramp": 0.11865280487405584,
    "best_value": 0.38963532243198573,
    "optimization_time": 2054.7548863887787,
    "regime_bounds": {
        "amp": {
            "lower": 10.666666666666666,
            "upper": 13.333333333333332
        },
        "w_d": {
            "lower": 0.0028,
            "upper": 0.00314
        },
        "ramp": {
            "lower": 1e-10,
            "upper": 0.5
        },
        "t_tot": {
            "lower": 96.25,
            "upper": 98.75
        }
    }
}