{
    "regime": "amp_4_wd_0_ramp_0_t117.5",
    "t_tot_center": 117.5,
    "best_t_tot": 117.19679831193461,
    "best_amp": 18.68350498184326,
    "best_w_d": 0.0030729213048989765,
    "best_ramp": 0.12648823832097483,
    "best_value": 0.00047079217144186433,
    "optimization_time": 4220.354412794113,
    "regime_bounds": {
        "amp": {
            "lower": 18.666666666666664,
            "upper": 21.333333333333332
        },
        "w_d": {
            "lower": 0.0028,
            "upper": 0.00314
        },
        "ramp": {
            "lower": 1e-10,
            "upper": 0.5
        },
        "t_tot": {
            "lower": 116.25,
            "upper": 118.75
        }
    }
}