{
    "regime": "amp_2_wd_3_ramp_0_t70.0",
    "t_tot_center": 70.0,
    "best_t_tot": 71.2324957604063,
    "best_amp": 15.67483283556501,
    "best_w_d": 0.004159990052712483,
    "best_ramp": 0.13691074094755762,
    "best_value": 0.09158554631810409,
    "optimization_time": 3682.762502193451,
    "regime_bounds": {
        "amp": {
            "lower": 13.333333333333332,
            "upper": 16.0
        },
        "w_d": {
            "lower": 0.0038199999999999996,
            "upper": 0.00416
        },
        "ramp": {
            "lower": 1e-10,
            "upper": 0.5
        },
        "t_tot": {
            "lower": 68.75,
            "upper": 71.25
        }
    }
}