{
    "regime": "amp_3_wd_2_ramp_0_t65.0",
    "t_tot_center": 65.0,
    "best_t_tot": 64.76753418562426,
    "best_amp": 16.045718945613245,
    "best_w_d": 0.0034896157880175186,
    "best_ramp": 0.2798021225311223,
    "best_value": 2.6046396056944078e-05,
    "optimization_time": 2059.3684594631195,
    "regime_bounds": {
        "amp": {
            "lower": 16.0,
            "upper": 18.666666666666664
        },
        "w_d": {
            "lower": 0.0034799999999999996,
            "upper": 0.0038199999999999996
        },
        "ramp": {
            "lower": 1e-10,
            "upper": 0.5
        },
        "t_tot": {
            "lower": 63.75,
            "upper": 66.25
        }
    }
}