{
    "regime": "amp_4_wd_1_ramp_0_t70.0",
    "t_tot_center": 70.0,
    "best_t_tot": 69.91808349919467,
    "best_amp": 19.82637211721642,
    "best_w_d": 0.0034661093312488337,
    "best_ramp": 0.23622193987357182,
    "best_value": 0.001006314126451295,
    "optimization_time": 1264.359851360321,
    "regime_bounds": {
        "amp": {
            "lower": 18.666666666666664,
            "upper": 21.333333333333332
        },
        "w_d": {
            "lower": 0.00314,
            "upper": 0.0034799999999999996
        },
        "ramp": {
            "lower": 1e-10,
            "upper": 0.5
        },
        "t_tot": {
            "lower": 68.75,
            "upper": 71.25
        }
    }
}