{
    "regime": "amp_0_wd_0_ramp_0_t85.0",
    "t_tot_center": 85.0,
    "best_t_tot": 83.75003714525674,
    "best_amp": 10.653631833327488,
    "best_w_d": 0.00313999818218019,
    "best_ramp": 0.11380049267182864,
    "best_value": 0.7265440332486988,
    "optimization_time": 5636.145832061768,
    "regime_bounds": {
        "amp": {
            "lower": 8.0,
            "upper": 10.666666666666666
        },
        "w_d": {
            "lower": 0.0028,
            "upper": 0.00314
        },
        "ramp": {
            "lower": 1e-10,
            "upper": 0.5
        },
        "t_tot": {
            "lower": 83.75,
            "upper": 86.25
        }
    }
}