{
    "regime": "amp_5_wd_1_ramp_0_t85.0",
    "t_tot_center": 85.0,
    "best_t_tot": 85.13386784128174,
    "best_amp": 21.600064746685792,
    "best_w_d": 0.0034780412148763826,
    "best_ramp": 0.1433888942219646,
    "best_value": 0.029008131294365386,
    "optimization_time": 3173.6110808849335,
    "regime_bounds": {
        "amp": {
            "lower": 21.333333333333332,
            "upper": 24.0
        },
        "w_d": {
            "lower": 0.00314,
            "upper": 0.0034799999999999996
        },
        "ramp": {
            "lower": 1e-10,
            "upper": 0.5
        },
        "t_tot": {
            "lower": 83.75,
            "upper": 86.25
        }
    }
}