{
    "regime": "amp_5_wd_3_ramp_0_t52.5",
    "t_tot_center": 52.5,
    "best_t_tot": 53.57660128114635,
    "best_amp": 21.559391487487282,
    "best_w_d": 0.003840922471733781,
    "best_ramp": 0.29344397787621607,
    "best_value": 0.044802971510015624,
    "optimization_time": 2641.5556926727295,
    "regime_bounds": {
        "amp": {
            "lower": 21.333333333333332,
            "upper": 24.0
        },
        "w_d": {
            "lower": 0.0038199999999999996,
            "upper": 0.00416
        },
        "ramp": {
            "lower": 1e-10,
            "upper": 0.5
        },
        "t_tot": {
            "lower": 51.25,
            "upper": 53.75
        }
    }
}