{
    "regime": "amp_0_wd_1_ramp_0_t117.5",
    "t_tot_center": 117.5,
    "best_t_tot": 117.72180856742641,
    "best_amp": 10.563286969750147,
    "best_w_d": 0.003479996110896127,
    "best_ramp": 0.11075898099495969,
    "best_value": 2.955300689995475e-05,
    "optimization_time": 3133.181241750717,
    "regime_bounds": {
        "amp": {
            "lower": 8.0,
            "upper": 10.666666666666666
        },
        "w_d": {
            "lower": 0.00314,
            "upper": 0.0034799999999999996
        },
        "ramp": {
            "lower": 1e-10,
            "upper": 0.5
        },
        "t_tot": {
            "lower": 116.25,
            "upper": 118.75
        }
    }
}