{
    "regime": "amp_3_wd_3_ramp_0_t75.0",
    "t_tot_center": 75.0,
    "best_t_tot": 74.91024520471379,
    "best_amp": 18.4808506679882,
    "best_w_d": 0.0041568013712762275,
    "best_ramp": 0.1973911285716827,
    "best_value": 0.01756422970047895,
    "optimization_time": 1480.124662399292,
    "regime_bounds": {
        "amp": {
            "lower": 16.0,
            "upper": 18.666666666666664
        },
        "w_d": {
            "lower": 0.0038199999999999996,
            "upper": 0.00416
        },
        "ramp": {
            "lower": 1e-10,
            "upper": 0.5
        },
        "t_tot": {
            "lower": 73.75,
            "upper": 76.25
        }
    }
}