{
    "regime": "amp_5_wd_1_ramp_0_t107.5",
    "t_tot_center": 107.5,
    "best_t_tot": 107.44496762636427,
    "best_amp": 21.495197046796182,
    "best_w_d": 0.0034667112008996306,
    "best_ramp": 0.0514484019948796,
    "best_value": 0.07087298600059753,
    "optimization_time": 3124.9983575344086,
    "regime_bounds": {
        "amp": {
            "lower": 21.333333333333332,
            "upper": 24.0
        },
        "w_d": {
            "lower": 0.00314,
            "upper": 0.0034799999999999996
        },
        "ramp": {
            "lower": 1e-10,
            "upper": 0.5
        },
        "t_tot": {
            "lower": 106.25,
            "upper": 108.75
        }
    }
}