{
    "regime": "amp_4_wd_0_ramp_0_t65.0",
    "t_tot_center": 65.0,
    "best_t_tot": 65.69826477570729,
    "best_amp": 18.769529283554185,
    "best_w_d": 0.002976849602889836,
    "best_ramp": 0.2890822705699446,
    "best_value": 0.019077307136248382,
    "optimization_time": 2492.429253101349,
    "regime_bounds": {
        "amp": {
            "lower": 18.666666666666664,
            "upper": 21.333333333333332
        },
        "w_d": {
            "lower": 0.0028,
            "upper": 0.00314
        },
        "ramp": {
            "lower": 1e-10,
            "upper": 0.5
        },
        "t_tot": {
            "lower": 63.75,
            "upper": 66.25
        }
    }
}