{
    "regime": "amp_1_wd_4_ramp_0_t52.5",
    "t_tot_center": 52.5,
    "best_t_tot": 51.85219062161653,
    "best_amp": 12.763964426289467,
    "best_w_d": 0.0041949102092774734,
    "best_ramp": 0.3061576113328798,
    "best_value": 0.011793884830396697,
    "optimization_time": 993.5697610378265,
    "regime_bounds": {
        "amp": {
            "lower": 10.666666666666666,
            "upper": 13.333333333333332
        },
        "w_d": {
            "lower": 0.00416,
            "upper": 0.0045
        },
        "ramp": {
            "lower": 1e-10,
            "upper": 0.5
        },
        "t_tot": {
            "lower": 51.25,
            "upper": 53.75
        }
    }
}