{
    "regime": "amp_4_wd_4_ramp_0_t50.0",
    "t_tot_center": 50.0,
    "best_t_tot": 51.188433668832374,
    "best_amp": 18.823598816204083,
    "best_w_d": 0.004172862970144369,
    "best_ramp": 0.24164345655086839,
    "best_value": 0.04248518064196005,
    "optimization_time": 2470.0852773189545,
    "regime_bounds": {
        "amp": {
            "lower": 18.666666666666664,
            "upper": 21.333333333333332
        },
        "w_d": {
            "lower": 0.00416,
            "upper": 0.0045
        },
        "ramp": {
            "lower": 1e-10,
            "upper": 0.5
        },
        "t_tot": {
            "lower": 48.75,
            "upper": 51.25
        }
    }
}