{
    "regime": "amp_3_wd_2_ramp_0_t112.5",
    "t_tot_center": 112.5,
    "best_t_tot": 112.4178515320779,
    "best_amp": 16.42973696318116,
    "best_w_d": 0.0035140811211490613,
    "best_ramp": 0.15085411732979664,
    "best_value": 7.972638466969661e-05,
    "optimization_time": 3627.802418231964,
    "regime_bounds": {
        "amp": {
            "lower": 16.0,
            "upper": 18.666666666666664
        },
        "w_d": {
            "lower": 0.0034799999999999996,
            "upper": 0.0038199999999999996
        },
        "ramp": {
            "lower": 1e-10,
            "upper": 0.5
        },
        "t_tot": {
            "lower": 111.25,
            "upper": 113.75
        }
    }
}