{
    "regime": "amp_4_wd_0_ramp_0_t107.5",
    "t_tot_center": 107.5,
    "best_t_tot": 107.52623272444926,
    "best_amp": 18.82665775351878,
    "best_w_d": 0.0031005166532582233,
    "best_ramp": 0.11842010327492906,
    "best_value": 0.002898444120257579,
    "optimization_time": 3180.2444701194763,
    "regime_bounds": {
        "amp": {
            "lower": 18.666666666666664,
            "upper": 21.333333333333332
        },
        "w_d": {
            "lower": 0.0028,
            "upper": 0.00314
        },
        "ramp": {
            "lower": 1e-10,
            "upper": 0.5
        },
        "t_tot": {
            "lower": 106.25,
            "upper": 108.75
        }
    }
}