{
    "regime": "amp_4_wd_1_ramp_0_t60.0",
    "t_tot_center": 60.0,
    "best_t_tot": 59.93510346878511,
    "best_amp": 18.895433119745654,
    "best_w_d": 0.0031541549743266087,
    "best_ramp": 0.3285645549609224,
    "best_value": 0.02053380408687652,
    "optimization_time": 2557.928192615509,
    "regime_bounds": {
        "amp": {
            "lower": 18.666666666666664,
            "upper": 21.333333333333332
        },
        "w_d": {
            "lower": 0.00314,
            "upper": 0.0034799999999999996
        },
        "ramp": {
            "lower": 1e-10,
            "upper": 0.5
        },
        "t_tot": {
            "lower": 58.75,
            "upper": 61.25
        }
    }
}