{
    "regime": "amp_5_wd_4_ramp_0_t107.5",
    "t_tot_center": 107.5,
    "best_t_tot": 107.31729210957351,
    "best_amp": 21.354365582403073,
    "best_w_d": 0.004173375589240841,
    "best_ramp": 0.0889871272889196,
    "best_value": 0.020450321715772664,
    "optimization_time": 3627.1863837242126,
    "regime_bounds": {
        "amp": {
            "lower": 21.333333333333332,
            "upper": 24.0
        },
        "w_d": {
            "lower": 0.00416,
            "upper": 0.0045
        },
        "ramp": {
            "lower": 1e-10,
            "upper": 0.5
        },
        "t_tot": {
            "lower": 106.25,
            "upper": 108.75
        }
    }
}