{
    "regime": "amp_5_wd_1_ramp_0_t57.5",
    "t_tot_center": 57.5,
    "best_t_tot": 57.586475203062854,
    "best_amp": 21.419027654379523,
    "best_w_d": 0.0031498861700603653,
    "best_ramp": 0.3246678651309813,
    "best_value": 0.03497556722189488,
    "optimization_time": 2766.0032773017883,
    "regime_bounds": {
        "amp": {
            "lower": 21.333333333333332,
            "upper": 24.0
        },
        "w_d": {
            "lower": 0.00314,
            "upper": 0.0034799999999999996
        },
        "ramp": {
            "lower": 1e-10,
            "upper": 0.5
        },
        "t_tot": {
            "lower": 56.25,
            "upper": 58.75
        }
    }
}