{
    "regime": "amp_1_wd_4_ramp_0_t100.0",
    "t_tot_center": 100.0,
    "best_t_tot": 99.89615628748183,
    "best_amp": 13.094158569127666,
    "best_w_d": 0.004201703222683357,
    "best_ramp": 0.15466444930823534,
    "best_value": 0.0003733882963755832,
    "optimization_time": 5348.35949921608,
    "regime_bounds": {
        "amp": {
            "lower": 10.666666666666666,
            "upper": 13.333333333333332
        },
        "w_d": {
            "lower": 0.00416,
            "upper": 0.0045
        },
        "ramp": {
            "lower": 1e-10,
            "upper": 0.5
        },
        "t_tot": {
            "lower": 98.75,
            "upper": 101.25
        }
    }
}