{
    "regime": "amp_5_wd_0_ramp_0_t97.5",
    "t_tot_center": 97.5,
    "best_t_tot": 96.96803501136262,
    "best_amp": 22.013026056759056,
    "best_w_d": 0.0030874227969345763,
    "best_ramp": 0.16361457264175935,
    "best_value": 0.03629843715753458,
    "optimization_time": 2027.9750328063965,
    "regime_bounds": {
        "amp": {
            "lower": 21.333333333333332,
            "upper": 24.0
        },
        "w_d": {
            "lower": 0.0028,
            "upper": 0.00314
        },
        "ramp": {
            "lower": 1e-10,
            "upper": 0.5
        },
        "t_tot": {
            "lower": 96.25,
            "upper": 98.75
        }
    }
}