{
    "regime": "amp_2_wd_0_ramp_0_t110.0",
    "t_tot_center": 110.0,
    "best_t_tot": 110.81338420609062,
    "best_amp": 13.918439383132576,
    "best_w_d": 0.003139993702325363,
    "best_ramp": 0.07896530747926485,
    "best_value": 0.06018338989641224,
    "optimization_time": 2669.1919510364532,
    "regime_bounds": {
        "amp": {
            "lower": 13.333333333333332,
            "upper": 16.0
        },
        "w_d": {
            "lower": 0.0028,
            "upper": 0.00314
        },
        "ramp": {
            "lower": 1e-10,
            "upper": 0.5
        },
        "t_tot": {
            "lower": 108.75,
            "upper": 111.25
        }
    }
}