{
    "regime": "amp_1_wd_2_ramp_0_t85.0",
    "t_tot_center": 85.0,
    "best_t_tot": 84.91688547582216,
    "best_amp": 13.276538469312134,
    "best_w_d": 0.0038107703642856895,
    "best_ramp": 0.20249043053101992,
    "best_value": 0.2563996330569229,
    "optimization_time": 1631.6161308288574,
    "regime_bounds": {
        "amp": {
            "lower": 10.666666666666666,
            "upper": 13.333333333333332
        },
        "w_d": {
            "lower": 0.0034799999999999996,
            "upper": 0.0038199999999999996
        },
        "ramp": {
            "lower": 1e-10,
            "upper": 0.5
        },
        "t_tot": {
            "lower": 83.75,
            "upper": 86.25
        }
    }
}