{
    "regime": "amp_0_wd_1_ramp_0_t97.5",
    "t_tot_center": 97.5,
    "best_t_tot": 98.74994083750013,
    "best_amp": 10.561107634531774,
    "best_w_d": 0.003479999945532096,
    "best_ramp": 0.06378616220675307,
    "best_value": 0.48426243023420085,
    "optimization_time": 1994.9028816223145,
    "regime_bounds": {
        "amp": {
            "lower": 8.0,
            "upper": 10.666666666666666
        },
        "w_d": {
            "lower": 0.00314,
            "upper": 0.0034799999999999996
        },
        "ramp": {
            "lower": 1e-10,
            "upper": 0.5
        },
        "t_tot": {
            "lower": 96.25,
            "upper": 98.75
        }
    }
}