{
    "regime": "amp_1_wd_0_ramp_0_t100.0",
    "t_tot_center": 100.0,
    "best_t_tot": 98.7501248583058,
    "best_amp": 12.89587848295953,
    "best_w_d": 0.0031083363303745274,
    "best_ramp": 0.12667163077924892,
    "best_value": 0.444365897405146,
    "optimization_time": 1520.4972534179688,
    "regime_bounds": {
        "amp": {
            "lower": 10.666666666666666,
            "upper": 13.333333333333332
        },
        "w_d": {
            "lower": 0.0028,
            "upper": 0.00314
        },
        "ramp": {
            "lower": 1e-10,
            "upper": 0.5
        },
        "t_tot": {
            "lower": 98.75,
            "upper": 101.25
        }
    }
}