{
    "regime": "amp_0_wd_2_ramp_0_t50.0",
    "t_tot_center": 50.0,
    "best_t_tot": 48.75002109087954,
    "best_amp": 10.583277662303496,
    "best_w_d": 0.00359693854377517,
    "best_ramp": 0.31514852071920474,
    "best_value": 0.014985890957076125,
    "optimization_time": 690.5385615825653,
    "regime_bounds": {
        "amp": {
            "lower": 8.0,
            "upper": 10.666666666666666
        },
        "w_d": {
            "lower": 0.0034799999999999996,
            "upper": 0.0038199999999999996
        },
        "ramp": {
            "lower": 1e-10,
            "upper": 0.5
        },
        "t_tot": {
            "lower": 48.75,
            "upper": 51.25
        }
    }
}