{
    "regime": "amp_2_wd_0_ramp_0_t95.0",
    "t_tot_center": 95.0,
    "best_t_tot": 94.76411381540507,
    "best_amp": 14.113139405340192,
    "best_w_d": 0.0031342560060440817,
    "best_ramp": 0.0987840972516716,
    "best_value": 0.3150733914347903,
    "optimization_time": 2444.8893971443176,
    "regime_bounds": {
        "amp": {
            "lower": 13.333333333333332,
            "upper": 16.0
        },
        "w_d": {
            "lower": 0.0028,
            "upper": 0.00314
        },
        "ramp": {
            "lower": 1e-10,
            "upper": 0.5
        },
        "t_tot": {
            "lower": 93.75,
            "upper": 96.25
        }
    }
}