{
    "regime": "amp_2_wd_2_ramp_0_t55.0",
    "t_tot_center": 55.0,
    "best_t_tot": 55.38183323473428,
    "best_amp": 13.79549108847946,
    "best_w_d": 0.0036068482509304498,
    "best_ramp": 0.222796531830207,
    "best_value": 0.0015658608740563998,
    "optimization_time": 2355.9814641475677,
    "regime_bounds": {
        "amp": {
            "lower": 13.333333333333332,
            "upper": 16.0
        },
        "w_d": {
            "lower": 0.0034799999999999996,
            "upper": 0.0038199999999999996
        },
        "ramp": {
            "lower": 1e-10,
            "upper": 0.5
        },
        "t_tot": {
            "lower": 53.75,
            "upper": 56.25
        }
    }
}