{
    "regime": "amp_4_wd_4_ramp_0_t85.0",
    "t_tot_center": 85.0,
    "best_t_tot": 85.25689246967735,
    "best_amp": 19.09595286840541,
    "best_w_d": 0.0043485709468981445,
    "best_ramp": 0.3051839026466079,
    "best_value": 0.00228718287494738,
    "optimization_time": 2257.283974647522,
    "regime_bounds": {
        "amp": {
            "lower": 18.666666666666664,
            "upper": 21.333333333333332
        },
        "w_d": {
            "lower": 0.00416,
            "upper": 0.0045
        },
        "ramp": {
            "lower": 1e-10,
            "upper": 0.5
        },
        "t_tot": {
            "lower": 83.75,
            "upper": 86.25
        }
    }
}