{
    "regime": "amp_1_wd_0_ramp_0_t82.5",
    "t_tot_center": 82.5,
    "best_t_tot": 81.48011167812192,
    "best_amp": 13.333294171123214,
    "best_w_d": 0.003122607274811116,
    "best_ramp": 0.13222906757313677,
    "best_value": 0.390731747114647,
    "optimization_time": 2722.279152393341,
    "regime_bounds": {
        "amp": {
            "lower": 10.666666666666666,
            "upper": 13.333333333333332
        },
        "w_d": {
            "lower": 0.0028,
            "upper": 0.00314
        },
        "ramp": {
            "lower": 1e-10,
            "upper": 0.5
        },
        "t_tot": {
            "lower": 81.25,
            "upper": 83.75
        }
    }
}