{
    "regime": "amp_4_wd_3_ramp_0_t60.0",
    "t_tot_center": 60.0,
    "best_t_tot": 59.99285125388175,
    "best_amp": 18.980862335110427,
    "best_w_d": 0.003882445152347343,
    "best_ramp": 0.23419589327327794,
    "best_value": 0.010944045478504163,
    "optimization_time": 2003.1225190162659,
    "regime_bounds": {
        "amp": {
            "lower": 18.666666666666664,
            "upper": 21.333333333333332
        },
        "w_d": {
            "lower": 0.0038199999999999996,
            "upper": 0.00416
        },
        "ramp": {
            "lower": 1e-10,
            "upper": 0.5
        },
        "t_tot": {
            "lower": 58.75,
            "upper": 61.25
        }
    }
}