{
    "regime": "amp_4_wd_2_ramp_0_t77.5",
    "t_tot_center": 77.5,
    "best_t_tot": 77.83509497982998,
    "best_amp": 18.776421149003887,
    "best_w_d": 0.003819748051321731,
    "best_ramp": 0.14382573360434409,
    "best_value": 0.041572740055277974,
    "optimization_time": 2277.020678281784,
    "regime_bounds": {
        "amp": {
            "lower": 18.666666666666664,
            "upper": 21.333333333333332
        },
        "w_d": {
            "lower": 0.0034799999999999996,
            "upper": 0.0038199999999999996
        },
        "ramp": {
            "lower": 1e-10,
            "upper": 0.5
        },
        "t_tot": {
            "lower": 76.25,
            "upper": 78.75
        }
    }
}