{
    "regime": "amp_0_wd_3_ramp_0_t50.0",
    "t_tot_center": 50.0,
    "best_t_tot": 48.75180222004633,
    "best_amp": 10.50830000082715,
    "best_w_d": 0.0038255626304560405,
    "best_ramp": 0.2693882653141528,
    "best_value": 0.07351388428951411,
    "optimization_time": 701.8631691932678,
    "regime_bounds": {
        "amp": {
            "lower": 8.0,
            "upper": 10.666666666666666
        },
        "w_d": {
            "lower": 0.0038199999999999996,
            "upper": 0.00416
        },
        "ramp": {
            "lower": 1e-10,
            "upper": 0.5
        },
        "t_tot": {
            "lower": 48.75,
            "upper": 51.25
        }
    }
}