{
    "regime": "amp_1_wd_0_ramp_0_t60.0",
    "t_tot_center": 60.0,
    "best_t_tot": 60.260245546348074,
    "best_amp": 12.617448377193382,
    "best_w_d": 0.0029407286395704453,
    "best_ramp": 0.28090307390829605,
    "best_value": 1.9259695436209107e-05,
    "optimization_time": 1825.026004076004,
    "regime_bounds": {
        "amp": {
            "lower": 10.666666666666666,
            "upper": 13.333333333333332
        },
        "w_d": {
            "lower": 0.0028,
            "upper": 0.00314
        },
        "ramp": {
            "lower": 1e-10,
            "upper": 0.5
        },
        "t_tot": {
            "lower": 58.75,
            "upper": 61.25
        }
    }
}