{
    "regime": "amp_0_wd_0_ramp_0_t107.5",
    "t_tot_center": 107.5,
    "best_t_tot": 108.74997659726785,
    "best_amp": 10.666665926529804,
    "best_w_d": 0.003139998995323247,
    "best_ramp": 0.05779830208969257,
    "best_value": 0.5441455340917394,
    "optimization_time": 2265.20126080513,
    "regime_bounds": {
        "amp": {
            "lower": 8.0,
            "upper": 10.666666666666666
        },
        "w_d": {
            "lower": 0.0028,
            "upper": 0.00314
        },
        "ramp": {
            "lower": 1e-10,
            "upper": 0.5
        },
        "t_tot": {
            "lower": 106.25,
            "upper": 108.75
        }
    }
}