{
    "regime": "amp_3_wd_1_ramp_0_t80.0",
    "t_tot_center": 80.0,
    "best_t_tot": 78.91329836334891,
    "best_amp": 16.997438796468526,
    "best_w_d": 0.0034596977062603135,
    "best_ramp": 0.18447278618171062,
    "best_value": 0.13176619110020554,
    "optimization_time": 3037.9900691509247,
    "regime_bounds": {
        "amp": {
            "lower": 16.0,
            "upper": 18.666666666666664
        },
        "w_d": {
            "lower": 0.00314,
            "upper": 0.0034799999999999996
        },
        "ramp": {
            "lower": 1e-10,
            "upper": 0.5
        },
        "t_tot": {
            "lower": 78.75,
            "upper": 81.25
        }
    }
}