{
    "regime": "amp_1_wd_2_ramp_0_t82.5",
    "t_tot_center": 82.5,
    "best_t_tot": 81.74489271868687,
    "best_amp": 13.321441008799725,
    "best_w_d": 0.0037737103394697145,
    "best_ramp": 0.14020382687788097,
    "best_value": 0.22681436179826064,
    "optimization_time": 2489.883858680725,
    "regime_bounds": {
        "amp": {
            "lower": 10.666666666666666,
            "upper": 13.333333333333332
        },
        "w_d": {
            "lower": 0.0034799999999999996,
            "upper": 0.0038199999999999996
        },
        "ramp": {
            "lower": 1e-10,
            "upper": 0.5
        },
        "t_tot": {
            "lower": 81.25,
            "upper": 83.75
        }
    }
}