{
    "regime": "amp_4_wd_2_ramp_0_t62.5",
    "t_tot_center": 62.5,
    "best_t_tot": 62.428383216125674,
    "best_amp": 18.69539715327647,
    "best_w_d": 0.0034844131978518616,
    "best_ramp": 0.25151933170729446,
    "best_value": 0.01891640189150432,
    "optimization_time": 2062.0286197662354,
    "regime_bounds": {
        "amp": {
            "lower": 18.666666666666664,
            "upper": 21.333333333333332
        },
        "w_d": {
            "lower": 0.0034799999999999996,
            "upper": 0.0038199999999999996
        },
        "ramp": {
            "lower": 1e-10,
            "upper": 0.5
        },
        "t_tot": {
            "lower": 61.25,
            "upper": 63.75
        }
    }
}