{
    "regime": "amp_2_wd_1_ramp_0_t115.0",
    "t_tot_center": 115.0,
    "best_t_tot": 115.02160395332194,
    "best_amp": 13.578638863439345,
    "best_w_d": 0.003381826467457341,
    "best_ramp": 0.08045869934403882,
    "best_value": 0.0005977760905572811,
    "optimization_time": 3727.410255432129,
    "regime_bounds": {
        "amp": {
            "lower": 13.333333333333332,
            "upper": 16.0
        },
        "w_d": {
            "lower": 0.00314,
            "upper": 0.0034799999999999996
        },
        "ramp": {
            "lower": 1e-10,
            "upper": 0.5
        },
        "t_tot": {
            "lower": 113.75,
            "upper": 116.25
        }
    }
}