{
    "regime": "amp_3_wd_1_ramp_0_t77.5",
    "t_tot_center": 77.5,
    "best_t_tot": 77.10891147749193,
    "best_amp": 16.412627573858355,
    "best_w_d": 0.0034466355626960885,
    "best_ramp": 0.1859795555485008,
    "best_value": 0.14045656125897,
    "optimization_time": 3348.787900209427,
    "regime_bounds": {
        "amp": {
            "lower": 16.0,
            "upper": 18.666666666666664
        },
        "w_d": {
            "lower": 0.00314,
            "upper": 0.0034799999999999996
        },
        "ramp": {
            "lower": 1e-10,
            "upper": 0.5
        },
        "t_tot": {
            "lower": 76.25,
            "upper": 78.75
        }
    }
}