{
    "regime": "amp_5_wd_0_ramp_0_t112.5",
    "t_tot_center": 112.5,
    "best_t_tot": 112.72399704411815,
    "best_amp": 21.345121478670247,
    "best_w_d": 0.0031208152687944757,
    "best_ramp": 0.11041188901856314,
    "best_value": 0.02065561539519724,
    "optimization_time": 3301.143381357193,
    "regime_bounds": {
        "amp": {
            "lower": 21.333333333333332,
            "upper": 24.0
        },
        "w_d": {
            "lower": 0.0028,
            "upper": 0.00314
        },
        "ramp": {
            "lower": 1e-10,
            "upper": 0.5
        },
        "t_tot": {
            "lower": 111.25,
            "upper": 113.75
        }
    }
}