{
    "regime": "amp_2_wd_3_ramp_0_t117.5",
    "t_tot_center": 117.5,
    "best_t_tot": 117.56572607971411,
    "best_amp": 13.358417316182178,
    "best_w_d": 0.0038443042879315954,
    "best_ramp": 0.18214919094658236,
    "best_value": 1.745047580199732e-05,
    "optimization_time": 4385.907675027847,
    "regime_bounds": {
        "amp": {
            "lower": 13.333333333333332,
            "upper": 16.0
        },
        "w_d": {
            "lower": 0.0038199999999999996,
            "upper": 0.00416
        },
        "ramp": {
            "lower": 1e-10,
            "upper": 0.5
        },
        "t_tot": {
            "lower": 116.25,
            "upper": 118.75
        }
    }
}