{
    "detuning": 0.22000000000000003,
    "t_duration": 102.5,
    "best_amp1": 2.607773292671049,
    "best_amp2": 2.507626450134486,
    "best_value": 3.17370160041186e-07,
    "optimization_time": 1958.8822429180145
}