{
    "detuning": 0.14,
    "t_duration": 80.0,
    "best_amp1": 1.8575835090901736,
    "best_amp2": 1.8128130355675924,
    "best_value": 6.094733796091489e-06,
    "optimization_time": 5092.234453678131
}