{
    "detuning": 0.17,
    "t_duration": 65.0,
    "best_amp1": 1.8619005301717544,
    "best_amp2": 1.8029781494107517,
    "best_value": 3.2057673509111595e-06,
    "optimization_time": 1196.5501391887665
}