{
    "detuning": 0.29000000000000004,
    "t_duration": 72.5,
    "best_amp1": 2.5946775280544454,
    "best_amp2": 2.4235809545588074,
    "best_value": 1.469238160800579e-06,
    "optimization_time": 2338.761696100235
}