{
    "detuning": 0.3750000000000001,
    "t_duration": 95.0,
    "best_amp1": 3.5065835156204077,
    "best_amp2": 3.0980405715209693,
    "best_value": 3.6092390281572406e-05,
    "optimization_time": 1875.4345219135284
}