{
    "detuning": 0.26,
    "t_duration": 50.0,
    "best_amp1": 2.064549566313302,
    "best_amp2": 2.1063057727369965,
    "best_value": 0.0002063244142935794,
    "optimization_time": 3689.575105905533
}