{
    "detuning": 0.23000000000000004,
    "t_duration": 125.0,
    "best_amp1": 2.9274534851207656,
    "best_amp2": 2.8134435567171447,
    "best_value": 1.7902676119341265e-08,
    "optimization_time": 3460.3815903663635
}