{
    "detuning": 0.23500000000000004,
    "t_duration": 50.0,
    "best_amp1": 1.962198250222883,
    "best_amp2": 1.856935512471835,
    "best_value": 2.8594849469709693e-05,
    "optimization_time": 2243.451201438904
}