{
    "detuning": 0.3500000000000001,
    "t_duration": 87.5,
    "best_amp1": 3.189168096476906,
    "best_amp2": 2.8862069300529676,
    "best_value": 0.0016051732312114542,
    "optimization_time": 1745.380577802658
}