{
    "detuning": 0.4,
    "t_duration": 125.0,
    "best_amp1": 4.209805178768319,
    "best_amp2": 3.636836116743232,
    "best_value": 1.3949480126562719e-08,
    "optimization_time": 3446.2278439998627
}