{
    "detuning": 0.16000000000000003,
    "t_duration": 50.0,
    "best_amp1": 1.613436351218325,
    "best_amp2": 1.5613169991520046,
    "best_value": 9.726882999827602e-06,
    "optimization_time": 1130.2094085216522
}