{
    "detuning": 0.19000000000000003,
    "t_duration": 117.5,
    "best_amp1": 2.577495310387482,
    "best_amp2": 2.4973680922228425,
    "best_value": 2.585355041162529e-07,
    "optimization_time": 2457.9603538513184
}