{
    "detuning": 0.23000000000000004,
    "t_duration": 72.5,
    "best_amp1": 2.279974701848056,
    "best_amp2": 2.1774604057534854,
    "best_value": 2.556462265213e-07,
    "optimization_time": 3094.17391204834
}