{
    "detuning": 0.29000000000000004,
    "t_duration": 65.0,
    "best_amp1": 2.4750667450718464,
    "best_amp2": 2.304096065729451,
    "best_value": 5.247653628526194e-06,
    "optimization_time": 1207.7057654857635
}