{
    "detuning": 0.125,
    "t_duration": 87.5,
    "best_amp1": 1.8312598181396935,
    "best_amp2": 1.7928525386956982,
    "best_value": 1.8142462376857793e-07,
    "optimization_time": 1826.7093060016632
}