{
    "detuning": 0.39,
    "t_duration": 95.0,
    "best_amp1": 3.670595328202414,
    "best_amp2": 3.156071570123515,
    "best_value": 3.366007650384972e-08,
    "optimization_time": 3147.2287957668304
}