{
    "detuning": 0.10500000000000001,
    "t_duration": 117.5,
    "best_amp1": 1.9259237214528455,
    "best_amp2": 1.8939035031219513,
    "best_value": 4.846577372319416e-06,
    "optimization_time": 3631.657903432846
}