{
    "detuning": 0.15000000000000002,
    "t_duration": 57.5,
    "best_amp1": 1.6604063354777867,
    "best_amp2": 1.6129765520973267,
    "best_value": 1.5530836522836822e-05,
    "optimization_time": 3537.0917794704437
}