{
    "detuning": 0.3600000000000001,
    "t_duration": 102.5,
    "best_amp1": 3.487901985006476,
    "best_amp2": 3.151274909280207,
    "best_value": 0.0006071960373480456,
    "optimization_time": 1944.0825819969177
}