{
    "detuning": 0.275,
    "t_duration": 80.0,
    "best_amp1": 2.627179337359151,
    "best_amp2": 2.4758820566316135,
    "best_value": 4.045061694657459e-05,
    "optimization_time": 1510.6100685596466
}