{
    "detuning": 0.125,
    "t_duration": 50.0,
    "best_amp1": 1.4352632378609589,
    "best_amp2": 1.399860519030049,
    "best_value": 0.00012923593998437344,
    "optimization_time": 1326.3562450408936
}