{
    "detuning": 0.16500000000000004,
    "t_duration": 125.0,
    "best_amp1": 2.4713800742866465,
    "best_amp2": 2.406656092617474,
    "best_value": 1.94383081297822e-07,
    "optimization_time": 1885.3705594539642
}