{
    "detuning": 0.21000000000000002,
    "t_duration": 110.0,
    "best_amp1": 2.630534033231822,
    "best_amp2": 2.5369343791399515,
    "best_value": 2.2873783767085598e-07,
    "optimization_time": 4847.575261354446
}