{
    "detuning": 0.26,
    "t_duration": 102.5,
    "best_amp1": 2.8495694201077804,
    "best_amp2": 2.711024063071029,
    "best_value": 1.2949170946185973e-05,
    "optimization_time": 3296.110158443451
}