{
    "detuning": 0.27,
    "t_duration": 57.5,
    "best_amp1": 2.250426711134472,
    "best_amp2": 2.1077877499136153,
    "best_value": 0.00012417978266610064,
    "optimization_time": 1576.4969699382782
}