{
    "detuning": 0.33000000000000007,
    "t_duration": 102.5,
    "best_amp1": 3.276688907065258,
    "best_amp2": 3.0275150369247665,
    "best_value": 0.00035876810292556627,
    "optimization_time": 2037.6765201091766
}