{
    "detuning": 0.2,
    "t_duration": 65.0,
    "best_amp1": 2.019940928995739,
    "best_amp2": 1.9419951464823966,
    "best_value": 1.1751173687457594e-06,
    "optimization_time": 1541.4831817150116
}