{
    "detuning": 0.17500000000000002,
    "t_duration": 50.0,
    "best_amp1": 1.6857363108917254,
    "best_amp2": 1.625194966152703,
    "best_value": 2.417682329336479e-06,
    "optimization_time": 3219.2782192230225
}