{
    "detuning": 0.31000000000000005,
    "t_duration": 65.0,
    "best_amp1": 2.5820628686941465,
    "best_amp2": 2.3760187161399156,
    "best_value": 0.00017926429764514307,
    "optimization_time": 1601.7795851230621
}