{
    "detuning": 0.3700000000000001,
    "t_duration": 72.5,
    "best_amp1": 3.1183484244996778,
    "best_amp2": 2.713829892045527,
    "best_value": 0.000513334062656301,
    "optimization_time": 4120.198549747467
}