{
    "detuning": 0.39,
    "t_duration": 110.0,
    "best_amp1": 3.8782172687460883,
    "best_amp2": 3.381876422050789,
    "best_value": 3.6809008396865295e-08,
    "optimization_time": 1899.3494548797607
}