{
    "detuning": 0.255,
    "t_duration": 87.5,
    "best_amp1": 2.6228109785169176,
    "best_amp2": 2.493354204497193,
    "best_value": 1.2353320426705672e-05,
    "optimization_time": 3096.6004881858826
}