{
    "detuning": 0.22500000000000003,
    "t_duration": 117.5,
    "best_amp1": 2.8113939422707093,
    "best_amp2": 2.7036552026545495,
    "best_value": 1.226400150322604e-07,
    "optimization_time": 2395.6950528621674
}