{
    "detuning": 0.1,
    "t_duration": 50.0,
    "best_amp1": 1.2962057393177095,
    "best_amp2": 1.2706775741611926,
    "best_value": 5.77283546754348e-06,
    "optimization_time": 4718.276212215424
}