{
    "detuning": 0.23500000000000004,
    "t_duration": 80.0,
    "best_amp1": 2.4103453681486497,
    "best_amp2": 2.302031147478807,
    "best_value": 8.325317157886758e-08,
    "optimization_time": 1542.7006022930145
}