{
    "detuning": 0.15000000000000002,
    "t_duration": 65.0,
    "best_amp1": 1.7514867512031786,
    "best_amp2": 1.7033689621008026,
    "best_value": 2.29033032383974e-06,
    "optimization_time": 2339.3272778987885
}