{
    "detuning": 0.4,
    "t_duration": 117.5,
    "best_amp1": 4.1129539096402175,
    "best_amp2": 3.531544397354668,
    "best_value": 1.0237701797422005e-08,
    "optimization_time": 2094.885410308838
}