{
    "detuning": 0.21500000000000002,
    "t_duration": 50.0,
    "best_amp1": 1.8713126386758068,
    "best_amp2": 1.783390540829141,
    "best_value": 1.6887836110979215e-05,
    "optimization_time": 3153.4369411468506
}