{
    "detuning": 0.385,
    "t_duration": 72.5,
    "best_amp1": 3.2513933851788592,
    "best_amp2": 2.78618107305186,
    "best_value": 3.52377031203055e-05,
    "optimization_time": 1879.4176588058472
}