{
    "detuning": 0.24500000000000002,
    "t_duration": 80.0,
    "best_amp1": 2.466891130511147,
    "best_amp2": 2.3488562118374774,
    "best_value": 2.2817904186123172e-06,
    "optimization_time": 4314.296887636185
}