{
    "detuning": 0.265,
    "t_duration": 87.5,
    "best_amp1": 2.678788691674496,
    "best_amp2": 2.5382609761614483,
    "best_value": 5.221901226160064e-05,
    "optimization_time": 2071.71431183815
}