{
    "detuning": 0.19000000000000003,
    "t_duration": 95.0,
    "best_amp1": 2.335667492655588,
    "best_amp2": 2.259677700431385,
    "best_value": 2.931512078641063e-07,
    "optimization_time": 4633.449322462082
}