{
    "detuning": 0.18500000000000003,
    "t_duration": 87.5,
    "best_amp1": 2.2192985343906186,
    "best_amp2": 2.147936422022831,
    "best_value": 1.0349264955022974e-06,
    "optimization_time": 1715.5491254329681
}