{
    "detuning": 0.255,
    "t_duration": 95.0,
    "best_amp1": 2.723022066090147,
    "best_amp2": 2.591755908784882,
    "best_value": 6.703161876231434e-06,
    "optimization_time": 3201.672397375107
}