{
    "detuning": 0.21000000000000002,
    "t_duration": 125.0,
    "best_amp1": 2.7924647535403775,
    "best_amp2": 2.6957030231274612,
    "best_value": 1.741879703809346e-07,
    "optimization_time": 4312.33772110939
}