{
    "detuning": 0.17500000000000002,
    "t_duration": 110.0,
    "best_amp1": 2.398004155136349,
    "best_amp2": 2.329301821740764,
    "best_value": 4.990588204911717e-07,
    "optimization_time": 5006.76350736618
}