{
    "detuning": 0.4,
    "t_duration": 80.0,
    "best_amp1": 3.642453618857713,
    "best_amp2": 2.951665189397663,
    "best_value": 5.621508406550291e-07,
    "optimization_time": 2101.829616546631
}