{
    "detuning": 0.195,
    "t_duration": 65.0,
    "best_amp1": 1.9940967662534987,
    "best_amp2": 1.919594314475948,
    "best_value": 9.616273994872415e-07,
    "optimization_time": 1771.045105457306
}