{
    "detuning": 0.14,
    "t_duration": 95.0,
    "best_amp1": 2.007624538248753,
    "best_amp2": 1.961119570864256,
    "best_value": 3.3118192763748056e-06,
    "optimization_time": 4111.501663446426
}