{
    "detuning": 0.125,
    "t_duration": 110.0,
    "best_amp1": 2.0320029330090215,
    "best_amp2": 1.991332790075986,
    "best_value": 5.774661568924699e-07,
    "optimization_time": 2293.1084127426147
}