{
    "detuning": 0.19000000000000003,
    "t_duration": 87.5,
    "best_amp1": 2.2493537186724026,
    "best_amp2": 2.174680909701124,
    "best_value": 4.314444690400876e-07,
    "optimization_time": 3249.2398924827576
}