{
    "detuning": 0.3500000000000001,
    "t_duration": 125.0,
    "best_amp1": 3.7244242173945725,
    "best_amp2": 3.4195126251483274,
    "best_value": 0.001054022151395162,
    "optimization_time": 4810.927114486694
}