{
    "detuning": 0.29500000000000004,
    "t_duration": 80.0,
    "best_amp1": 2.7371433001087446,
    "best_amp2": 2.5576407510698242,
    "best_value": 7.239674252312867e-07,
    "optimization_time": 1266.9287555217743
}