{
    "detuning": 0.25,
    "t_duration": 50.0,
    "best_amp1": 2.030432260859079,
    "best_amp2": 1.910065385036674,
    "best_value": 0.00013748991983375536,
    "optimization_time": 2589.0291249752045
}