{
    "detuning": 0.2,
    "t_duration": 125.0,
    "best_amp1": 2.7234446584663043,
    "best_amp2": 2.6345172249987656,
    "best_value": 6.446457023745467e-08,
    "optimization_time": 5764.325412034988
}