{
    "detuning": 0.29500000000000004,
    "t_duration": 65.0,
    "best_amp1": 2.501266156810536,
    "best_amp2": 2.3223472186168617,
    "best_value": 1.1969368670539104e-05,
    "optimization_time": 2582.2537837028503
}