{
    "detuning": 0.11000000000000001,
    "t_duration": 102.5,
    "best_amp1": 1.8503978590130508,
    "best_amp2": 1.817384639448478,
    "best_value": 6.851579648858852e-06,
    "optimization_time": 3636.1763665676117
}