{
    "detuning": 0.18000000000000002,
    "t_duration": 50.0,
    "best_amp1": 1.7094209803823415,
    "best_amp2": 1.6458648383323853,
    "best_value": 6.5518824271526555e-06,
    "optimization_time": 3374.3972799777985
}