{
    "detuning": 0.28,
    "t_duration": 80.0,
    "best_amp1": 2.654420630151129,
    "best_amp2": 2.496643235452135,
    "best_value": 1.632169807719297e-05,
    "optimization_time": 1313.9941272735596
}