{
    "detuning": 0.29000000000000004,
    "t_duration": 125.0,
    "best_amp1": 3.3186800418949782,
    "best_amp2": 3.135597798656911,
    "best_value": 4.283646559688492e-08,
    "optimization_time": 1758.7293148040771
}