{
    "detuning": 0.17,
    "t_duration": 50.0,
    "best_amp1": 1.6618480179069413,
    "best_amp2": 1.6042243621718335,
    "best_value": 2.796787988534888e-05,
    "optimization_time": 1992.9095122814178
}