{
    "detuning": 0.115,
    "t_duration": 57.5,
    "best_amp1": 1.4648552183541383,
    "best_amp2": 1.43324176711607,
    "best_value": 7.200089235026574e-05,
    "optimization_time": 2537.304336309433
}