{
    "detuning": 0.3400000000000001,
    "t_duration": 80.0,
    "best_amp1": 3.004226180421229,
    "best_amp2": 2.7302934192712716,
    "best_value": 0.0016470352615399753,
    "optimization_time": 1554.2996635437012
}