{
    "detuning": 0.32000000000000006,
    "t_duration": 102.5,
    "best_amp1": 3.2128752251459205,
    "best_amp2": 2.985016231380876,
    "best_value": 4.524490971835604e-05,
    "optimization_time": 1851.8460257053375
}