{
    "detuning": 0.15500000000000003,
    "t_duration": 95.0,
    "best_amp1": 2.1101583764354626,
    "best_amp2": 2.0556693878541723,
    "best_value": 3.9790130934580503e-07,
    "optimization_time": 3128.93269944191
}