{
    "detuning": 0.29500000000000004,
    "t_duration": 125.0,
    "best_amp1": 3.3510983797139358,
    "best_amp2": 3.160602453940968,
    "best_value": 1.7667004525989682e-08,
    "optimization_time": 2357.127222299576
}