{
    "detuning": 0.23500000000000004,
    "t_duration": 110.0,
    "best_amp1": 2.78915452861853,
    "best_amp2": 2.6741443974550476,
    "best_value": 1.0011013018562664e-08,
    "optimization_time": 2543.089033842087
}