{
    "detuning": 0.30000000000000004,
    "t_duration": 117.5,
    "best_amp1": 3.2883598282880215,
    "best_amp2": 3.09233224822589,
    "best_value": 3.9499103876572406e-08,
    "optimization_time": 3177.0534188747406
}