{
    "detuning": 0.11000000000000001,
    "t_duration": 50.0,
    "best_amp1": 1.3533494377487778,
    "best_amp2": 1.3240612336126028,
    "best_value": 0.0002627090709821367,
    "optimization_time": 3455.430098772049
}