{
    "detuning": 0.33000000000000007,
    "t_duration": 87.5,
    "best_amp1": 3.0565002717984906,
    "best_amp2": 2.8089717226480118,
    "best_value": 0.0006442665788400914,
    "optimization_time": 1929.271649837494
}