{
    "detuning": 0.16000000000000003,
    "t_duration": 125.0,
    "best_amp1": 2.4337899278045536,
    "best_amp2": 2.372109744890205,
    "best_value": 7.62037090096257e-08,
    "optimization_time": 3976.3460953235626
}