{
    "detuning": 0.12000000000000001,
    "t_duration": 80.0,
    "best_amp1": 1.7254169961023456,
    "best_amp2": 1.6899766573027042,
    "best_value": 1.2079342299520235e-05,
    "optimization_time": 3271.5095508098602
}