{
    "detuning": 0.17,
    "t_duration": 80.0,
    "best_amp1": 3.866218077913454,
    "best_amp2": 3.7553814055907413,
    "best_value": 1.8626811203459326e-06,
    "optimization_time": 2061.6758196353912
}