{
    "detuning": 0.4,
    "t_duration": 87.5,
    "best_amp1": 3.7291021064054117,
    "best_amp2": 3.07583025659544,
    "best_value": 1.5236977513044536e-07,
    "optimization_time": 2743.302848339081
}