{
    "detuning": 0.24500000000000002,
    "t_duration": 72.5,
    "best_amp1": 2.3583419844421063,
    "best_amp2": 2.241948258490415,
    "best_value": 6.016467051228602e-06,
    "optimization_time": 2091.253211736679
}