{
    "detuning": 0.28500000000000003,
    "t_duration": 117.5,
    "best_amp1": 3.193300561890409,
    "best_amp2": 3.019555667120319,
    "best_value": 1.506418338959037e-07,
    "optimization_time": 1762.5250947475433
}