{
    "detuning": 0.3450000000000001,
    "t_duration": 95.0,
    "best_amp1": 3.267073182606871,
    "best_amp2": 2.980433096385126,
    "best_value": 0.0014891506262640908,
    "optimization_time": 1595.0368638038635
}