{
    "detuning": 0.115,
    "t_duration": 80.0,
    "best_amp1": 1.6909998633372203,
    "best_amp2": 1.6577170221101765,
    "best_value": 1.5083529149917396e-05,
    "optimization_time": 3096.1770589351654
}