{
    "detuning": 0.31500000000000006,
    "t_duration": 57.5,
    "best_amp1": 2.4819565649112807,
    "best_amp2": 2.26258061422052,
    "best_value": 0.0006162260347594151,
    "optimization_time": 1013.5766897201538
}