{
    "detuning": 0.385,
    "t_duration": 102.5,
    "best_amp1": 3.716451400978219,
    "best_amp2": 3.2509513132801318,
    "best_value": 4.961729371810719e-08,
    "optimization_time": 3499.1075196266174
}