{
    "detuning": 0.135,
    "t_duration": 102.5,
    "best_amp1": 2.0421104936409598,
    "best_amp2": 1.9972761748795982,
    "best_value": 7.013608349648592e-08,
    "optimization_time": 2938.7406990528107
}