{
    "detuning": 0.115,
    "t_duration": 65.0,
    "best_amp1": 1.5439525521340645,
    "best_amp2": 1.5118446036059858,
    "best_value": 6.377311926664131e-05,
    "optimization_time": 3038.7823436260223
}