{
    "detuning": 0.30000000000000004,
    "t_duration": 65.0,
    "best_amp1": 2.527786645117384,
    "best_amp2": 2.340415170697929,
    "best_value": 3.241253085406459e-05,
    "optimization_time": 1551.0452389717102
}