{
    "detuning": 0.3600000000000001,
    "t_duration": 110.0,
    "best_amp1": 3.5951855749109143,
    "best_amp2": 3.2589017066643597,
    "best_value": 0.0005076052372910977,
    "optimization_time": 1872.1381521224976
}