{
    "detuning": 0.13,
    "t_duration": 102.5,
    "best_amp1": 2.005037357851085,
    "best_amp2": 1.962682220240376,
    "best_value": 3.335036065421626e-06,
    "optimization_time": 2150.4520552158356
}