{
    "detuning": 0.24500000000000002,
    "t_duration": 102.5,
    "best_amp1": 2.7597257894867213,
    "best_amp2": 2.636936366713693,
    "best_value": 1.8070460450214654e-07,
    "optimization_time": 3032.6076855659485
}