{
    "detuning": 0.3700000000000001,
    "t_duration": 65.0,
    "best_amp1": 3.001528939456808,
    "best_amp2": 2.5811824828495866,
    "best_value": 0.0007925152134751201,
    "optimization_time": 1826.1928865909576
}