{
    "detuning": 0.28,
    "t_duration": 102.5,
    "best_amp1": 2.968946757969273,
    "best_amp2": 2.8061298715608283,
    "best_value": 8.192455090427764e-06,
    "optimization_time": 2078.7821938991547
}