{
    "detuning": 0.18500000000000003,
    "t_duration": 125.0,
    "best_amp1": 2.6176138082602467,
    "best_amp2": 2.5396684604803537,
    "best_value": 1.4870898845664726e-07,
    "optimization_time": 2407.1977200508118
}