{
    "detuning": 0.39,
    "t_duration": 50.0,
    "best_amp1": 3.2017555539918288,
    "best_amp2": 2.365468090069955,
    "best_value": 0.0002942332740578646,
    "optimization_time": 2837.4756305217743
}