{
    "detuning": 0.21500000000000002,
    "t_duration": 72.5,
    "best_amp1": 2.200884029830083,
    "best_amp2": 2.1108209454529514,
    "best_value": 6.472714710104022e-06,
    "optimization_time": 3073.2221484184265
}