{
    "detuning": 0.12000000000000001,
    "t_duration": 125.0,
    "best_amp1": 2.113128921222529,
    "best_amp2": 2.073421696427337,
    "best_value": 1.8008423363635728e-07,
    "optimization_time": 4143.35156917572
}