{
    "detuning": 0.395,
    "t_duration": 50.0,
    "best_amp1": 3.444530570541759,
    "best_amp2": 2.38599900798928,
    "best_value": 0.0007512385866971227,
    "optimization_time": 3484.966719150543
}