{
    "detuning": 0.3650000000000001,
    "t_duration": 65.0,
    "best_amp1": 2.953015155210279,
    "best_amp2": 2.56422324334587,
    "best_value": 0.0012214984365208625,
    "optimization_time": 1279.5845258235931
}