{
    "detuning": 0.3750000000000001,
    "t_duration": 125.0,
    "best_amp1": 3.928711370185934,
    "best_amp2": 3.5293631536833217,
    "best_value": 1.1463464455463424e-06,
    "optimization_time": 2143.591185092926
}