{
    "detuning": 0.125,
    "t_duration": 95.0,
    "best_amp1": 1.9005389982317233,
    "best_amp2": 1.8613824301695177,
    "best_value": 2.351680206125195e-08,
    "optimization_time": 2295.266838312149
}