{
    "detuning": 0.265,
    "t_duration": 110.0,
    "best_amp1": 2.9747491754042312,
    "best_amp2": 2.828505724506023,
    "best_value": 2.272200430164517e-05,
    "optimization_time": 2570.725610733032
}