{
    "detuning": 0.3550000000000001,
    "t_duration": 117.5,
    "best_amp1": 3.6606916398179243,
    "best_amp2": 3.34153074444119,
    "best_value": 0.0008233912145777511,
    "optimization_time": 3461.356542110443
}