{
    "detuning": 0.32000000000000006,
    "t_duration": 87.5,
    "best_amp1": 2.995026130429281,
    "best_amp2": 2.7696409168570595,
    "best_value": 0.00014390779137862797,
    "optimization_time": 2649.522888660431
}