{
    "detuning": 0.18000000000000002,
    "t_duration": 65.0,
    "best_amp1": 1.9154465185864997,
    "best_amp2": 1.8506015624844847,
    "best_value": 1.2568845920712945e-06,
    "optimization_time": 3206.886019706726
}