{
    "detuning": 0.14500000000000002,
    "t_duration": 72.5,
    "best_amp1": 1.808156861015678,
    "best_amp2": 1.7617528388256745,
    "best_value": 9.697946919851042e-06,
    "optimization_time": 4101.9433760643005
}