{
    "detuning": 0.115,
    "t_duration": 72.5,
    "best_amp1": 1.6191565669807453,
    "best_amp2": 1.5864713800527088,
    "best_value": 3.7221921862506946e-05,
    "optimization_time": 4041.1359765529633
}