{
    "detuning": 0.4,
    "t_duration": 102.5,
    "best_amp1": 3.918300302419903,
    "best_amp2": 3.311189324816634,
    "best_value": 1.8088468722865514e-08,
    "optimization_time": 2929.1332697868347
}