{
    "detuning": 0.3550000000000001,
    "t_duration": 102.5,
    "best_amp1": 3.465256180252574,
    "best_amp2": 3.035446276242153,
    "best_value": 0.0010209291959469846,
    "optimization_time": 3366.7972106933594
}