{
    "detuning": 0.30500000000000005,
    "t_duration": 102.5,
    "best_amp1": 3.119762293529888,
    "best_amp2": 2.919625862155647,
    "best_value": 4.133278582729716e-07,
    "optimization_time": 3461.0050988197327
}