{
    "detuning": 0.3450000000000001,
    "t_duration": 57.5,
    "best_amp1": 2.6669606892017392,
    "best_amp2": 2.360080539052123,
    "best_value": 0.0028617355083480067,
    "optimization_time": 2643.9417011737823
}