{
    "detuning": 0.30000000000000004,
    "t_duration": 80.0,
    "best_amp1": 2.7651360142388053,
    "best_amp2": 2.577589813631726,
    "best_value": 3.0223228071335484e-06,
    "optimization_time": 1613.1562962532043
}