{
    "detuning": 0.3500000000000001,
    "t_duration": 72.5,
    "best_amp1": 2.9527558287135127,
    "best_amp2": 2.6433413333110596,
    "best_value": 0.002044065582202381,
    "optimization_time": 1734.415019750595
}