{
    "detuning": 0.4,
    "t_duration": 110.0,
    "best_amp1": 4.015572889336885,
    "best_amp2": 3.4230765587803726,
    "best_value": 1.3326032166638413e-08,
    "optimization_time": 3013.861448764801
}