{
    "detuning": 0.21500000000000002,
    "t_duration": 65.0,
    "best_amp1": 2.096643651698914,
    "best_amp2": 2.008144821127661,
    "best_value": 9.246956296338205e-06,
    "optimization_time": 1899.0225772857666
}