{
    "detuning": 0.125,
    "t_duration": 65.0,
    "best_amp1": 1.6054879796424057,
    "best_amp2": 1.569143426086084,
    "best_value": 2.0216782006143852e-05,
    "optimization_time": 2382.239198923111
}