{
    "detuning": 0.1,
    "t_duration": 117.5,
    "best_amp1": 1.8816356147086308,
    "best_amp2": 1.8518048683155024,
    "best_value": 1.6435391212432648e-06,
    "optimization_time": 5181.3403697013855
}