{
    "detuning": 0.115,
    "t_duration": 110.0,
    "best_amp1": 1.9519318559959833,
    "best_amp2": 1.9160054878579442,
    "best_value": 2.3111587064139627e-06,
    "optimization_time": 3547.901748895645
}