{
    "detuning": 0.3350000000000001,
    "t_duration": 57.5,
    "best_amp1": 2.5996839923835213,
    "best_amp2": 2.327504955906811,
    "best_value": 0.002340935335336747,
    "optimization_time": 1339.0547425746918
}