{
    "detuning": 0.29500000000000004,
    "t_duration": 117.5,
    "best_amp1": 3.251268092031377,
    "best_amp2": 3.0770903539207377,
    "best_value": 9.893619035139523e-09,
    "optimization_time": 2058.378078222275
}