{
    "detuning": 0.115,
    "t_duration": 50.0,
    "best_amp1": 1.3811476808615346,
    "best_amp2": 1.3498999088114303,
    "best_value": 5.1886740607187676e-05,
    "optimization_time": 1102.8958089351654
}