{
    "detuning": 0.16500000000000004,
    "t_duration": 50.0,
    "best_amp1": 1.6377314127444929,
    "best_amp2": 1.5829118205708759,
    "best_value": 3.7893798099597475e-05,
    "optimization_time": 2523.017030239105
}