{
    "detuning": 0.24000000000000002,
    "t_duration": 50.0,
    "best_amp1": 1.984866178378656,
    "best_amp2": 1.8748340422786194,
    "best_value": 5.311903030269516e-05,
    "optimization_time": 1210.3730065822601
}