{
    "detuning": 0.275,
    "t_duration": 95.0,
    "best_amp1": 2.838790077052842,
    "best_amp2": 2.684327775964602,
    "best_value": 2.85401146802311e-05,
    "optimization_time": 4325.12796831131
}