{
    "detuning": 0.29500000000000004,
    "t_duration": 110.0,
    "best_amp1": 3.1592796425334937,
    "best_amp2": 2.973183475989035,
    "best_value": 3.379815061155256e-08,
    "optimization_time": 3064.6475071907043
}