{
    "detuning": 0.27,
    "t_duration": 72.5,
    "best_amp1": 2.4887082639596105,
    "best_amp2": 2.344882404533124,
    "best_value": 8.13825771053267e-05,
    "optimization_time": 1566.896790266037
}