{
    "detuning": 0.30000000000000004,
    "t_duration": 87.5,
    "best_amp1": 2.877017681344039,
    "best_amp2": 2.688393320542431,
    "best_value": 9.09973166152156e-07,
    "optimization_time": 1463.6988444328308
}