{
    "detuning": 0.39,
    "t_duration": 117.5,
    "best_amp1": 3.9801967417228448,
    "best_amp2": 3.489425104927888,
    "best_value": 2.209927829621705e-08,
    "optimization_time": 4355.990058660507
}