{
    "detuning": 0.29500000000000004,
    "t_duration": 50.0,
    "best_amp1": 2.2440592412796567,
    "best_amp2": 2.0606373785258962,
    "best_value": 0.00012756465253283,
    "optimization_time": 1162.7949633598328
}