{
    "detuning": 0.11000000000000001,
    "t_duration": 57.5,
    "best_amp1": 1.4350985443317479,
    "best_amp2": 1.4054563978227534,
    "best_value": 0.00013905408016789966,
    "optimization_time": 2611.5834662914276
}