{
    "detuning": 0.13,
    "t_duration": 117.5,
    "best_amp1": 2.134968799219793,
    "best_amp2": 2.0910126844185295,
    "best_value": 1.5223041375245216e-06,
    "optimization_time": 1979.8394827842712
}