{
    "detuning": 0.135,
    "t_duration": 80.0,
    "best_amp1": 1.8223911891148314,
    "best_amp2": 1.7844406078833963,
    "best_value": 7.064279530233364e-07,
    "optimization_time": 3193.1749386787415
}