{
    "detuning": 0.16000000000000003,
    "t_duration": 57.5,
    "best_amp1": 1.7130763402116667,
    "best_amp2": 1.6604486663438227,
    "best_value": 1.8357512011957233e-05,
    "optimization_time": 1434.5294260978699
}