{
    "detuning": 0.195,
    "t_duration": 72.5,
    "best_amp1": 2.093359413926399,
    "best_amp2": 2.0177902300022246,
    "best_value": 1.798510934847286e-06,
    "optimization_time": 1190.4143433570862
}