{
    "detuning": 0.26,
    "t_duration": 87.5,
    "best_amp1": 2.6583400063882787,
    "best_amp2": 2.5180180765954763,
    "best_value": 3.0004630041657876e-05,
    "optimization_time": 5050.5233681201935
}