{
    "detuning": 0.19000000000000003,
    "t_duration": 125.0,
    "best_amp1": 2.6533357612471242,
    "best_amp2": 2.5717054021713914,
    "best_value": 2.4446207058659297e-08,
    "optimization_time": 3885.03417634964
}