{
    "detuning": 0.16000000000000003,
    "t_duration": 87.5,
    "best_amp1": 2.0645419426082814,
    "best_amp2": 2.008284971871755,
    "best_value": 4.843188494696449e-07,
    "optimization_time": 1541.7436029911041
}