{
    "detuning": 0.38,
    "t_duration": 117.5,
    "best_amp1": 3.873734030607453,
    "best_amp2": 3.4475523934620753,
    "best_value": 6.329497481694091e-08,
    "optimization_time": 4394.472150564194
}