{
    "detuning": 0.2,
    "t_duration": 87.5,
    "best_amp1": 2.3086995804081907,
    "best_amp2": 2.2271086643844082,
    "best_value": 6.470915565603974e-07,
    "optimization_time": 3905.3459498882294
}