{
    "detuning": 0.32500000000000007,
    "t_duration": 50.0,
    "best_amp1": 2.4061761521774745,
    "best_amp2": 2.1544881379430785,
    "best_value": 0.0019778499750452427,
    "optimization_time": 1317.4197294712067
}