{
    "detuning": 0.3350000000000001,
    "t_duration": 117.5,
    "best_amp1": 3.5176900149726325,
    "best_amp2": 3.2535820580359833,
    "best_value": 0.0004645595515095913,
    "optimization_time": 2282.2878470420837
}