{
    "detuning": 0.135,
    "t_duration": 95.0,
    "best_amp1": 1.9794429898994865,
    "best_amp2": 1.924605219125366,
    "best_value": 1.55477023922046e-07,
    "optimization_time": 2168.868735551834
}