{
    "detuning": 0.22000000000000003,
    "t_duration": 72.5,
    "best_amp1": 2.227302175752089,
    "best_amp2": 2.1332403900561494,
    "best_value": 3.0834495743370383e-06,
    "optimization_time": 2173.882730960846
}