{
    "detuning": 0.3400000000000001,
    "t_duration": 95.0,
    "best_amp1": 3.2332871523665054,
    "best_amp2": 2.960364385067153,
    "best_value": 0.0012494197779080451,
    "optimization_time": 4217.641508579254
}