{
    "detuning": 0.15500000000000003,
    "t_duration": 117.5,
    "best_amp1": 2.3275880638400035,
    "best_amp2": 2.2699737003873417,
    "best_value": 5.67914112514778e-07,
    "optimization_time": 2225.0287516117096
}