{
    "detuning": 0.39,
    "t_duration": 65.0,
    "best_amp1": 3.2729932654797125,
    "best_amp2": 2.650592220719679,
    "best_value": 2.8199673794637725e-05,
    "optimization_time": 1794.7263102531433
}