{
    "detuning": 0.28,
    "t_duration": 50.0,
    "best_amp1": 2.17047250468273,
    "best_amp2": 2.011820611175254,
    "best_value": 7.245603234107278e-05,
    "optimization_time": 919.2113752365112
}