{
    "detuning": 0.135,
    "t_duration": 87.5,
    "best_amp1": 1.9003102878409204,
    "best_amp2": 1.857163311982036,
    "best_value": 3.3725684067675843e-07,
    "optimization_time": 2134.500632286072
}