{
    "detuning": 0.21500000000000002,
    "t_duration": 95.0,
    "best_amp1": 2.4881266870077985,
    "best_amp2": 2.393605865264526,
    "best_value": 2.942271627892623e-06,
    "optimization_time": 2663.6146948337555
}