{
    "detuning": 0.31500000000000006,
    "t_duration": 102.5,
    "best_amp1": 3.1814893955218237,
    "best_amp2": 2.96349561275393,
    "best_value": 1.1238320721140838e-05,
    "optimization_time": 1972.9098453521729
}