{
    "detuning": 0.21500000000000002,
    "t_duration": 102.5,
    "best_amp1": 2.576884678498055,
    "best_amp2": 2.4808169213286817,
    "best_value": 2.4361571901998502e-06,
    "optimization_time": 4596.138695716858
}