{
    "detuning": 0.14,
    "t_duration": 125.0,
    "best_amp1": 2.278268408815162,
    "best_amp2": 2.2281635336933188,
    "best_value": 7.63641868073428e-07,
    "optimization_time": 4756.082160234451
}