{
    "detuning": 0.15500000000000003,
    "t_duration": 80.0,
    "best_amp1": 1.9518284000497015,
    "best_amp2": 1.8993621028954715,
    "best_value": 5.027355436837411e-06,
    "optimization_time": 1450.0130326747894
}