{
    "detuning": 0.14500000000000002,
    "t_duration": 80.0,
    "best_amp1": 1.8894078638237437,
    "best_amp2": 1.842161996248342,
    "best_value": 4.129011737186161e-06,
    "optimization_time": 3669.930998325348
}