{
    "detuning": 0.13,
    "t_duration": 95.0,
    "best_amp1": 1.9367898529190046,
    "best_amp2": 1.8952527132828907,
    "best_value": 5.051464569638675e-06,
    "optimization_time": 2708.9842343330383
}