{
    "detuning": 0.17,
    "t_duration": 57.5,
    "best_amp1": 1.7646579538137401,
    "best_amp2": 1.70651474290282,
    "best_value": 8.915668567865964e-07,
    "optimization_time": 1179.4924893379211
}