{
    "detuning": 0.1,
    "t_duration": 57.5,
    "best_amp1": 1.374309036089126,
    "best_amp2": 1.3483020131771093,
    "best_value": 5.8797658472276026e-05,
    "optimization_time": 5643.5381731987
}