{
    "detuning": 0.21000000000000002,
    "t_duration": 102.5,
    "best_amp1": 2.545741335374502,
    "best_amp2": 2.453720172601928,
    "best_value": 3.0099380665671305e-07,
    "optimization_time": 3988.826622724533
}