{
    "detuning": 0.3550000000000001,
    "t_duration": 80.0,
    "best_amp1": 3.1095915271398855,
    "best_amp2": 2.785889194297985,
    "best_value": 0.0015041730676951248,
    "optimization_time": 1417.252907037735
}