{
    "detuning": 0.28500000000000003,
    "t_duration": 50.0,
    "best_amp1": 2.194657321884299,
    "best_amp2": 2.0282291327358757,
    "best_value": 5.490822676379459e-05,
    "optimization_time": 2087.2408628463745
}