{
    "detuning": 0.3600000000000001,
    "t_duration": 65.0,
    "best_amp1": 3.0262287982987264,
    "best_amp2": 2.5016624984561964,
    "best_value": 0.0016886531959254825,
    "optimization_time": 1644.4779479503632
}