{
    "detuning": 0.15500000000000003,
    "t_duration": 110.0,
    "best_amp1": 2.257436820117395,
    "best_amp2": 2.2008639415976003,
    "best_value": 2.953833828645003e-07,
    "optimization_time": 3129.3068668842316
}