{
    "detuning": 0.31000000000000005,
    "t_duration": 110.0,
    "best_amp1": 3.252969418693301,
    "best_amp2": 3.042270097951149,
    "best_value": 8.18795986456955e-07,
    "optimization_time": 1895.8239314556122
}