{
    "detuning": 0.31500000000000006,
    "t_duration": 125.0,
    "best_amp1": 3.48220563803531,
    "best_amp2": 3.258116921216897,
    "best_value": 8.574452577958525e-07,
    "optimization_time": 2337.0353288650513
}