{
    "detuning": 0.25,
    "t_duration": 95.0,
    "best_amp1": 2.6939510500944315,
    "best_amp2": 2.5679564654712403,
    "best_value": 1.2168905116904938e-06,
    "optimization_time": 2124.4163761138916
}