{
    "detuning": 0.29000000000000004,
    "t_duration": 57.5,
    "best_amp1": 2.3500697671374837,
    "best_amp2": 2.178121187920861,
    "best_value": 1.9563635035524385e-05,
    "optimization_time": 1294.8941645622253
}