{
    "detuning": 0.22000000000000003,
    "t_duration": 117.5,
    "best_amp1": 2.77871340914204,
    "best_amp2": 2.6752919925586007,
    "best_value": 7.67823922220856e-08,
    "optimization_time": 5594.045308351517
}