{
    "detuning": 0.31500000000000006,
    "t_duration": 65.0,
    "best_amp1": 2.609890363017815,
    "best_amp2": 2.3935494565034587,
    "best_value": 0.0003538623428104293,
    "optimization_time": 1367.8078093528748
}