{
    "detuning": 0.23500000000000004,
    "t_duration": 125.0,
    "best_amp1": 2.9606742560271604,
    "best_amp2": 2.841995366550117,
    "best_value": 7.475338970053258e-08,
    "optimization_time": 4735.295417547226
}