{
    "detuning": 0.27,
    "t_duration": 50.0,
    "best_amp1": 2.122997747931181,
    "best_amp2": 1.9784975035428651,
    "best_value": 0.00016088301768735214,
    "optimization_time": 1019.1241602897644
}