{
    "detuning": 0.12000000000000001,
    "t_duration": 95.0,
    "best_amp1": 1.8636604045972398,
    "best_amp2": 1.826823140383724,
    "best_value": 7.756855279872354e-06,
    "optimization_time": 1572.4935870170593
}