{
    "detuning": 0.255,
    "t_duration": 72.5,
    "best_amp1": 2.410385933040257,
    "best_amp2": 2.2837788381115733,
    "best_value": 3.856379132671783e-05,
    "optimization_time": 2089.238756418228
}