{
    "detuning": 0.3400000000000001,
    "t_duration": 50.0,
    "best_amp1": 2.502130392295309,
    "best_amp2": 2.2005051291860003,
    "best_value": 0.00330918354171017,
    "optimization_time": 1583.9557332992554
}