{
    "detuning": 0.32500000000000007,
    "t_duration": 57.5,
    "best_amp1": 2.5389385852274415,
    "best_amp2": 2.295256285289978,
    "best_value": 0.0014085534397219046,
    "optimization_time": 1546.1943156719208
}