{
    "detuning": 0.11000000000000001,
    "t_duration": 117.5,
    "best_amp1": 1.9693153838309772,
    "best_amp2": 1.9350332687759713,
    "best_value": 1.2233130286531946e-08,
    "optimization_time": 4428.721022367477
}