{
    "detuning": 0.385,
    "t_duration": 110.0,
    "best_amp1": 3.8213921488053177,
    "best_amp2": 3.361451321960561,
    "best_value": 3.9416166996986135e-08,
    "optimization_time": 2331.3422062397003
}