{
    "detuning": 0.24500000000000002,
    "t_duration": 95.0,
    "best_amp1": 2.6649378641844716,
    "best_amp2": 2.543939648856167,
    "best_value": 3.375456889553874e-07,
    "optimization_time": 3079.7788746356964
}