{
    "detuning": 0.15000000000000002,
    "t_duration": 110.0,
    "best_amp1": 2.1993089718348653,
    "best_amp2": 2.17381116152349,
    "best_value": 9.884289743355978e-07,
    "optimization_time": 3455.3617193698883
}