{
    "detuning": 0.23000000000000004,
    "t_duration": 102.5,
    "best_amp1": 2.6689843939124493,
    "best_amp2": 2.560287087449542,
    "best_value": 8.148466790203202e-08,
    "optimization_time": 4212.0106518268585
}