{
    "detuning": 0.265,
    "t_duration": 72.5,
    "best_amp1": 2.462504471851084,
    "best_amp2": 2.324713633359767,
    "best_value": 9.01769442341882e-05,
    "optimization_time": 2612.9280474185944
}