{
    "detuning": 0.1,
    "t_duration": 102.5,
    "best_amp1": 1.7685716886633045,
    "best_amp2": 1.7398769588914837,
    "best_value": 1.0027280690994012e-05,
    "optimization_time": 4623.391566514969
}