{
    "detuning": 0.4,
    "t_duration": 50.0,
    "best_amp1": 3.804142304157114,
    "best_amp2": 2.3761407589852586,
    "best_value": 0.009667159505416745,
    "optimization_time": 1912.8981938362122
}