{
    "detuning": 0.29500000000000004,
    "t_duration": 95.0,
    "best_amp1": 2.9554358435152706,
    "best_amp2": 2.773170906346225,
    "best_value": 1.0714386289301103e-07,
    "optimization_time": 1877.726919412613
}