{
    "detuning": 0.28500000000000003,
    "t_duration": 72.5,
    "best_amp1": 2.567928008812669,
    "best_amp2": 2.404200258615141,
    "best_value": 5.738229868046396e-06,
    "optimization_time": 1514.2052710056305
}