{
    "detuning": 0.17500000000000002,
    "t_duration": 65.0,
    "best_amp1": 1.8887793153088615,
    "best_amp2": 1.8269583567833374,
    "best_value": 7.892358125038967e-06,
    "optimization_time": 4044.5140697956085
}