{
    "detuning": 0.21500000000000002,
    "t_duration": 125.0,
    "best_amp1": 2.8266215425549253,
    "best_amp2": 2.7255695717374424,
    "best_value": 5.877592920144892e-07,
    "optimization_time": 2930.4627707004547
}