{
    "detuning": 0.195,
    "t_duration": 80.0,
    "best_amp1": 2.1882038759102027,
    "best_amp2": 2.1114237743481263,
    "best_value": 6.922017503629974e-07,
    "optimization_time": 2580.947224378586
}