{
    "detuning": 0.16000000000000003,
    "t_duration": 110.0,
    "best_amp1": 2.293205792392829,
    "best_amp2": 2.2337354178617863,
    "best_value": 4.7201921105077815e-07,
    "optimization_time": 3629.1386954784393
}