{
    "detuning": 0.25,
    "t_duration": 87.5,
    "best_amp1": 2.594808954027598,
    "best_amp2": 2.470504018946357,
    "best_value": 3.3104489989277397e-06,
    "optimization_time": 2256.78511595726
}