{
    "detuning": 0.3500000000000001,
    "t_duration": 117.5,
    "best_amp1": 3.6231130181044184,
    "best_amp2": 3.319665482207772,
    "best_value": 0.001131892532655443,
    "optimization_time": 4572.751594305038
}