{
    "detuning": 0.29500000000000004,
    "t_duration": 57.5,
    "best_amp1": 2.375567394497975,
    "best_amp2": 2.1953404634815747,
    "best_value": 4.1288502778624725e-05,
    "optimization_time": 1094.7356147766113
}