{
    "detuning": 0.27,
    "t_duration": 87.5,
    "best_amp1": 2.707196547620046,
    "best_amp2": 2.560494617384358,
    "best_value": 5.8542496926494714e-05,
    "optimization_time": 1962.8213217258453
}