{
    "detuning": 0.20500000000000002,
    "t_duration": 125.0,
    "best_amp1": 2.7580843152992665,
    "best_amp2": 2.6652921699472722,
    "best_value": 5.8483414555610125e-08,
    "optimization_time": 3565.8833026885986
}