{
    "detuning": 0.23500000000000004,
    "t_duration": 87.5,
    "best_amp1": 2.510313274483542,
    "best_amp2": 2.4004685965045356,
    "best_value": 1.8990724715006735e-07,
    "optimization_time": 3705.616632938385
}