{
    "detuning": 0.3600000000000001,
    "t_duration": 72.5,
    "best_amp1": 3.029797639448725,
    "best_amp2": 2.67873040638216,
    "best_value": 0.0013373893269704729,
    "optimization_time": 1361.397446155548
}