{
    "detuning": 0.18000000000000002,
    "t_duration": 57.5,
    "best_amp1": 1.815279954285536,
    "best_amp2": 1.7512539258328805,
    "best_value": 1.2951583704068348e-05,
    "optimization_time": 2556.3191640377045
}