{
    "detuning": 0.265,
    "t_duration": 80.0,
    "best_amp1": 2.572884026793011,
    "best_amp2": 2.433777669184977,
    "best_value": 7.20035114881723e-05,
    "optimization_time": 1772.064610004425
}