{
    "detuning": 0.14,
    "t_duration": 87.5,
    "best_amp1": 1.9340496299303271,
    "best_amp2": 1.888431892164727,
    "best_value": 4.525725358028865e-06,
    "optimization_time": 4625.149526834488
}