{
    "detuning": 0.16500000000000004,
    "t_duration": 110.0,
    "best_amp1": 2.328547069207071,
    "best_amp2": 2.266086838599745,
    "best_value": 4.666613395709618e-07,
    "optimization_time": 2187.0405695438385
}