{
    "detuning": 0.30000000000000004,
    "t_duration": 110.0,
    "best_amp1": 3.190323921304963,
    "best_amp2": 2.9964366728145535,
    "best_value": 4.155261412730482e-08,
    "optimization_time": 1726.963766336441
}