{
    "detuning": 0.115,
    "t_duration": 102.5,
    "best_amp1": 1.890114907423302,
    "best_amp2": 1.8548320319559142,
    "best_value": 8.235133329703714e-07,
    "optimization_time": 3028.4405329227448
}