{
    "detuning": 0.3450000000000001,
    "t_duration": 87.5,
    "best_amp1": 3.1540759846002726,
    "best_amp2": 2.866875614556103,
    "best_value": 0.001651514658304598,
    "optimization_time": 4246.851864337921
}