{
    "detuning": 0.30500000000000005,
    "t_duration": 95.0,
    "best_amp1": 3.01468429680014,
    "best_amp2": 2.816284306894518,
    "best_value": 1.212068101108521e-06,
    "optimization_time": 1799.0639929771423
}