{
    "detuning": 0.28,
    "t_duration": 110.0,
    "best_amp1": 3.026352183808586,
    "best_amp2": 2.896366021245529,
    "best_value": 5.989188538668699e-06,
    "optimization_time": 2237.2489585876465
}