{
    "detuning": 0.11000000000000001,
    "t_duration": 72.5,
    "best_amp1": 1.5858127649601994,
    "best_amp2": 1.555200480363389,
    "best_value": 2.5219773132079126e-06,
    "optimization_time": 2406.679678440094
}