{
    "detuning": 0.3400000000000001,
    "t_duration": 125.0,
    "best_amp1": 3.6523015349222843,
    "best_amp2": 3.3742272526382338,
    "best_value": 0.0007402357181485186,
    "optimization_time": 4312.0972809791565
}