{
    "detuning": 0.15000000000000002,
    "t_duration": 117.5,
    "best_amp1": 2.29014836104857,
    "best_amp2": 2.235410861135385,
    "best_value": 4.3342962252612693e-07,
    "optimization_time": 2012.9810619354248
}