{
    "detuning": 0.395,
    "t_duration": 125.0,
    "best_amp1": 4.141227667306013,
    "best_amp2": 3.615275728292336,
    "best_value": 1.1777034014670562e-08,
    "optimization_time": 3286.6034989356995
}