{
    "detuning": 0.10500000000000001,
    "t_duration": 95.0,
    "best_amp1": 1.7490046030789574,
    "best_amp2": 1.718737951271308,
    "best_value": 6.549207558492753e-07,
    "optimization_time": 4470.92054438591
}