{
    "detuning": 0.12000000000000001,
    "t_duration": 72.5,
    "best_amp1": 1.65193308130166,
    "best_amp2": 1.6171332093461377,
    "best_value": 1.041549928093577e-05,
    "optimization_time": 1235.3652834892273
}