{
    "detuning": 0.1,
    "t_duration": 110.0,
    "best_amp1": 1.8259947029780046,
    "best_amp2": 1.7967095024760475,
    "best_value": 6.711977508233602e-07,
    "optimization_time": 4614.893000841141
}