{
    "detuning": 0.28500000000000003,
    "t_duration": 80.0,
    "best_amp1": 2.681838213618514,
    "best_amp2": 2.5171743736010135,
    "best_value": 3.3379431768620904e-06,
    "optimization_time": 1983.6199231147766
}