{
    "detuning": 0.27,
    "t_duration": 125.0,
    "best_amp1": 3.1894351471595215,
    "best_amp2": 3.03291809656308,
    "best_value": 2.4377557847787834e-05,
    "optimization_time": 2224.6242356300354
}