{
    "detuning": 0.23500000000000004,
    "t_duration": 102.5,
    "best_amp1": 2.699356250092324,
    "best_amp2": 2.586143195152737,
    "best_value": 1.1443368874708426e-07,
    "optimization_time": 2142.6690843105316
}