{
    "detuning": 0.3600000000000001,
    "t_duration": 87.5,
    "best_amp1": 3.264731442400868,
    "best_amp2": 2.924421195169875,
    "best_value": 0.0008837026001978776,
    "optimization_time": 1885.5626056194305
}