{
    "detuning": 0.13,
    "t_duration": 87.5,
    "best_amp1": 1.8660567420589653,
    "best_amp2": 1.825308616471598,
    "best_value": 7.851190734542435e-06,
    "optimization_time": 2754.4042320251465
}