{
    "detuning": 0.17500000000000002,
    "t_duration": 102.5,
    "best_amp1": 2.3208624548638443,
    "best_amp2": 2.253388992494267,
    "best_value": 5.68107542120444e-08,
    "optimization_time": 3942.680709838867
}