{
    "detuning": 0.18500000000000003,
    "t_duration": 117.5,
    "best_amp1": 2.542927363651558,
    "best_amp2": 2.4662942612715764,
    "best_value": 3.062774134310331e-08,
    "optimization_time": 3263.7782509326935
}