{
    "detuning": 0.15500000000000003,
    "t_duration": 50.0,
    "best_amp1": 1.588892473464384,
    "best_amp2": 1.539403002514344,
    "best_value": 6.238070285324859e-06,
    "optimization_time": 2388.6147367954254
}