{
    "detuning": 0.3600000000000001,
    "t_duration": 125.0,
    "best_amp1": 3.8017190901948275,
    "best_amp2": 3.4641636969000578,
    "best_value": 0.0003581295194936551,
    "optimization_time": 2249.793660402298
}