{
    "detuning": 0.3500000000000001,
    "t_duration": 80.0,
    "best_amp1": 3.0727104256749866,
    "best_amp2": 2.7674217627582807,
    "best_value": 0.001796759260031755,
    "optimization_time": 2949.9854850769043
}