{
    "detuning": 0.39,
    "t_duration": 87.5,
    "best_amp1": 3.566111451972057,
    "best_amp2": 3.037108780639323,
    "best_value": 2.501477661676077e-07,
    "optimization_time": 4216.505863189697
}