{
    "detuning": 0.28,
    "t_duration": 57.5,
    "best_amp1": 2.3000002892990974,
    "best_amp2": 2.1432087705198892,
    "best_value": 4.248489347213891e-05,
    "optimization_time": 2024.1857643127441
}