{
    "detuning": 0.24000000000000002,
    "t_duration": 57.5,
    "best_amp1": 2.1066970555818854,
    "best_amp2": 1.996756323891911,
    "best_value": 1.7630774625132517e-05,
    "optimization_time": 2964.1213099956512
}