{
    "detuning": 0.3450000000000001,
    "t_duration": 117.5,
    "best_amp1": 3.5869095662961406,
    "best_amp2": 3.297705080760847,
    "best_value": 0.00113641650888463,
    "optimization_time": 4629.993688344955
}