{
    "detuning": 0.30000000000000004,
    "t_duration": 95.0,
    "best_amp1": 2.9849501002070125,
    "best_amp2": 2.7948355250439896,
    "best_value": 2.486346616370483e-07,
    "optimization_time": 1613.9832646846771
}