{
    "detuning": 0.3750000000000001,
    "t_duration": 110.0,
    "best_amp1": 3.7222085323103222,
    "best_amp2": 3.320611300671429,
    "best_value": 7.64641101891339e-06,
    "optimization_time": 3050.890003681183
}