{
    "detuning": 0.3500000000000001,
    "t_duration": 57.5,
    "best_amp1": 2.7038560264529994,
    "best_amp2": 2.376341923517334,
    "best_value": 0.0028245533195925265,
    "optimization_time": 1560.4734954833984
}