{
    "detuning": 0.3750000000000001,
    "t_duration": 102.5,
    "best_amp1": 3.6155243870231404,
    "best_amp2": 3.2112278749072676,
    "best_value": 1.7228518962020267e-05,
    "optimization_time": 1780.7570757865906
}