{
    "detuning": 0.18500000000000003,
    "t_duration": 110.0,
    "best_amp1": 2.466012677696316,
    "best_amp2": 2.390702657700102,
    "best_value": 4.1349897739184627e-07,
    "optimization_time": 2303.7317650318146
}