{
    "detuning": 0.22500000000000003,
    "t_duration": 95.0,
    "best_amp1": 2.5476214749668493,
    "best_amp2": 2.444966077008133,
    "best_value": 3.572185547362494e-07,
    "optimization_time": 4201.093057394028
}