{
    "detuning": 0.275,
    "t_duration": 57.5,
    "best_amp1": 2.2753033053741407,
    "best_amp2": 2.1254038164924687,
    "best_value": 8.177391957109315e-05,
    "optimization_time": 1061.3131148815155
}