{
    "detuning": 0.16500000000000004,
    "t_duration": 65.0,
    "best_amp1": 1.8347407980027282,
    "best_amp2": 1.7786494779099342,
    "best_value": 1.676114885440505e-06,
    "optimization_time": 3428.8662507534027
}