{
    "detuning": 0.10500000000000001,
    "t_duration": 87.5,
    "best_amp1": 1.685877604021075,
    "best_amp2": 1.6561803502013908,
    "best_value": 1.3680467009224984e-05,
    "optimization_time": 4543.374663591385
}