{
    "detuning": 0.27,
    "t_duration": 95.0,
    "best_amp1": 2.809767264235002,
    "best_amp2": 2.6615395269773505,
    "best_value": 4.212825405347509e-05,
    "optimization_time": 1717.2029767036438
}