{
    "detuning": 0.16500000000000004,
    "t_duration": 117.5,
    "best_amp1": 2.401031020422477,
    "best_amp2": 2.3374311864346646,
    "best_value": 5.301447961736372e-07,
    "optimization_time": 2713.124486207962
}