{
    "detuning": 0.20500000000000002,
    "t_duration": 95.0,
    "best_amp1": 2.427812999186101,
    "best_amp2": 2.341133135851014,
    "best_value": 4.114279676947774e-07,
    "optimization_time": 2935.264469385147
}