{
    "detuning": 0.275,
    "t_duration": 102.5,
    "best_amp1": 2.939090091839858,
    "best_amp2": 2.782725268050517,
    "best_value": 2.4607404664367394e-05,
    "optimization_time": 1738.069890499115
}