{
    "detuning": 0.16000000000000003,
    "t_duration": 95.0,
    "best_amp1": 2.143455341627621,
    "best_amp2": 2.0861600394044606,
    "best_value": 1.3619607659443034e-06,
    "optimization_time": 1648.6392483711243
}