{
    "detuning": 0.31500000000000006,
    "t_duration": 87.5,
    "best_amp1": 2.964959438152903,
    "best_amp2": 2.749672678970795,
    "best_value": 5.159152440070702e-05,
    "optimization_time": 3250.469203233719
}