{
    "detuning": 0.19000000000000003,
    "t_duration": 57.5,
    "best_amp1": 1.8651124688070988,
    "best_amp2": 1.7947614294763419,
    "best_value": 8.847031850445219e-07,
    "optimization_time": 1555.1233768463135
}