{
    "detuning": 0.3600000000000001,
    "t_duration": 117.5,
    "best_amp1": 3.6997448765352505,
    "best_amp2": 3.363042395458836,
    "best_value": 0.0004258468012361405,
    "optimization_time": 2332.376444578171
}