{
    "detuning": 0.255,
    "t_duration": 65.0,
    "best_amp1": 2.2971132299590047,
    "best_amp2": 2.171471943920822,
    "best_value": 6.93954260947427e-05,
    "optimization_time": 1743.9547381401062
}