{
    "detuning": 0.22000000000000003,
    "t_duration": 110.0,
    "best_amp1": 2.6945675655160666,
    "best_amp2": 2.5928320449924938,
    "best_value": 2.5232501865701806e-07,
    "optimization_time": 4228.095396518707
}