{
    "detuning": 0.29000000000000004,
    "t_duration": 80.0,
    "best_amp1": 2.7093989695612586,
    "best_amp2": 2.537505270188199,
    "best_value": 5.104930794752605e-07,
    "optimization_time": 3634.886142730713
}