{
    "detuning": 0.3550000000000001,
    "t_duration": 87.5,
    "best_amp1": 3.226009164477635,
    "best_amp2": 2.905440881013385,
    "best_value": 0.0013079151282929802,
    "optimization_time": 3005.481412410736
}