{
    "detuning": 0.11000000000000001,
    "t_duration": 80.0,
    "best_amp1": 1.6057554084801557,
    "best_amp2": 1.7158350884429434,
    "best_value": 3.190165744237916e-06,
    "optimization_time": 1685.8518674373627
}