{
    "detuning": 0.21000000000000002,
    "t_duration": 117.5,
    "best_amp1": 2.7126979185003157,
    "best_amp2": 2.6175122660858436,
    "best_value": 1.2186721054519012e-07,
    "optimization_time": 4325.652106285095
}