{
    "detuning": 0.23000000000000004,
    "t_duration": 87.5,
    "best_amp1": 2.4819649794129086,
    "best_amp2": 2.3765843476303252,
    "best_value": 3.321315855675522e-07,
    "optimization_time": 1835.970202922821
}