{
    "detuning": 0.28,
    "t_duration": 87.5,
    "best_amp1": 2.763125454826203,
    "best_amp2": 2.6038880207454618,
    "best_value": 1.2378082795083678e-05,
    "optimization_time": 1602.153969526291
}