{
    "detuning": 0.255,
    "t_duration": 50.0,
    "best_amp1": 2.053298159584414,
    "best_amp2": 1.9274083694345272,
    "best_value": 0.00017461864972445618,
    "optimization_time": 2791.656266450882
}