{
    "detuning": 0.3500000000000001,
    "t_duration": 50.0,
    "best_amp1": 2.5772865899729474,
    "best_amp2": 2.231442326988076,
    "best_value": 0.0034925408518807766,
    "optimization_time": 3249.479932308197
}