{
    "detuning": 0.1,
    "t_duration": 65.0,
    "best_amp1": 1.4473900606458776,
    "best_amp2": 1.421196723089005,
    "best_value": 0.00011903266859647488,
    "optimization_time": 4395.2309329509735
}