{
    "detuning": 0.3750000000000001,
    "t_duration": 65.0,
    "best_amp1": 3.0686702017052014,
    "best_amp2": 2.5894486360031808,
    "best_value": 0.00045683134082297183,
    "optimization_time": 2986.947790622711
}