{
    "detuning": 0.26,
    "t_duration": 65.0,
    "best_amp1": 2.3221329925778176,
    "best_amp2": 2.1910425229792985,
    "best_value": 0.00010132638650994785,
    "optimization_time": 3301.9339542388916
}