{
    "detuning": 0.28,
    "t_duration": 65.0,
    "best_amp1": 2.423432137654712,
    "best_amp2": 2.267090303251202,
    "best_value": 2.9390388283201396e-05,
    "optimization_time": 1142.5128557682037
}