{
    "detuning": 0.17,
    "t_duration": 125.0,
    "best_amp1": 2.508469368103994,
    "best_amp2": 2.440672577204399,
    "best_value": 3.1475582384921097e-07,
    "optimization_time": 5544.136518478394
}