{
    "detuning": 0.3350000000000001,
    "t_duration": 125.0,
    "best_amp1": 3.617569741719629,
    "best_amp2": 3.351526857370295,
    "best_value": 0.00037355310390185803,
    "optimization_time": 2231.5616071224213
}