{
    "detuning": 0.33000000000000007,
    "t_duration": 95.0,
    "best_amp1": 3.1683619084406587,
    "best_amp2": 2.9202513466638536,
    "best_value": 0.00048358329058406646,
    "optimization_time": 2046.409091949463
}