{
    "detuning": 0.32500000000000007,
    "t_duration": 95.0,
    "best_amp1": 3.1368338959972535,
    "best_amp2": 2.8999312014781093,
    "best_value": 0.00022174087168436163,
    "optimization_time": 1728.4021382331848
}