{
    "detuning": 0.11000000000000001,
    "t_duration": 87.5,
    "best_amp1": 1.7232423957444796,
    "best_amp2": 1.6914600718404786,
    "best_value": 1.099804543724936e-05,
    "optimization_time": 4407.6913640499115
}