{
    "detuning": 0.21500000000000002,
    "t_duration": 87.5,
    "best_amp1": 2.396077925173143,
    "best_amp2": 2.303207607431461,
    "best_value": 3.9976514217832104e-06,
    "optimization_time": 2104.628366470337
}