{
    "detuning": 0.20500000000000002,
    "t_duration": 87.5,
    "best_amp1": 2.3380440208232396,
    "best_amp2": 2.2528020304511354,
    "best_value": 1.2699791640535807e-07,
    "optimization_time": 4348.373597145081
}