{
    "detuning": 0.12000000000000001,
    "t_duration": 65.0,
    "best_amp1": 1.5749594799944815,
    "best_amp2": 1.54086399152855,
    "best_value": 4.595874393498178e-06,
    "optimization_time": 1204.4245879650116
}