{
    "detuning": 0.22500000000000003,
    "t_duration": 72.5,
    "best_amp1": 2.253705817278435,
    "best_amp2": 2.155466309382436,
    "best_value": 1.4139907135168883e-06,
    "optimization_time": 2570.7548394203186
}