{
    "detuning": 0.29500000000000004,
    "t_duration": 72.5,
    "best_amp1": 2.6216227772792813,
    "best_amp2": 2.442801820378448,
    "best_value": 3.0954571889063587e-06,
    "optimization_time": 1472.1753723621368
}