{
    "detuning": 0.16000000000000003,
    "t_duration": 65.0,
    "best_amp1": 1.8072877556527576,
    "best_amp2": 1.7539440592463633,
    "best_value": 1.2350622229040376e-05,
    "optimization_time": 1185.8486497402191
}