{
    "detuning": 0.2,
    "t_duration": 117.5,
    "best_amp1": 2.6456285057092126,
    "best_amp2": 2.5582387944461,
    "best_value": 1.4770293899069031e-07,
    "optimization_time": 4217.129060268402
}