{
    "detuning": 0.265,
    "t_duration": 57.5,
    "best_amp1": 2.226532291733089,
    "best_amp2": 2.0896114950072167,
    "best_value": 0.00014956703782742498,
    "optimization_time": 1928.4222764968872
}