{
    "detuning": 0.32000000000000006,
    "t_duration": 95.0,
    "best_amp1": 3.105734444394058,
    "best_amp2": 2.879388030450481,
    "best_value": 8.233138537738771e-05,
    "optimization_time": 4173.647400379181
}