{
    "detuning": 0.14500000000000002,
    "t_duration": 57.5,
    "best_amp1": 1.6335941235566005,
    "best_amp2": 1.588624973192285,
    "best_value": 3.882478062910977e-05,
    "optimization_time": 3095.0710904598236
}