{
    "detuning": 0.3350000000000001,
    "t_duration": 50.0,
    "best_amp1": 2.4683813288437575,
    "best_amp2": 2.1851400267745174,
    "best_value": 0.0029550162786513567,
    "optimization_time": 1208.9757130146027
}