{
    "detuning": 0.3700000000000001,
    "t_duration": 57.5,
    "best_amp1": 2.8867782057709395,
    "best_amp2": 2.4417467079166193,
    "best_value": 0.0012279957422060006,
    "optimization_time": 1069.2137575149536
}