{
    "detuning": 0.32500000000000007,
    "t_duration": 125.0,
    "best_amp1": 3.5492113947097637,
    "best_amp2": 3.3054013358454557,
    "best_value": 3.390712675821472e-05,
    "optimization_time": 2202.7119646072388
}