{
    "detuning": 0.31500000000000006,
    "t_duration": 80.0,
    "best_amp1": 2.8510143299045785,
    "best_amp2": 2.636281172545922,
    "best_value": 0.0001029524921996039,
    "optimization_time": 1377.712594985962
}