{
    "detuning": 0.3500000000000001,
    "t_duration": 65.0,
    "best_amp1": 2.8296085908458264,
    "best_amp2": 2.513277081845336,
    "best_value": 0.002369995705478689,
    "optimization_time": 3671.128993988037
}