{
    "detuning": 0.135,
    "t_duration": 125.0,
    "best_amp1": 2.237980377052731,
    "best_amp2": 2.190575133681734,
    "best_value": 2.893131967329765e-08,
    "optimization_time": 2159.3780193328857
}