{
    "detuning": 0.135,
    "t_duration": 117.5,
    "best_amp1": 2.1746478634630577,
    "best_amp2": 2.1280969385670945,
    "best_value": 2.1077525058643687e-08,
    "optimization_time": 2276.335746049881
}