{
    "detuning": 0.17500000000000002,
    "t_duration": 80.0,
    "best_amp1": 2.07235314601556,
    "best_amp2": 2.0084703089015274,
    "best_value": 5.888570665524284e-07,
    "optimization_time": 4187.1389265060425
}