{
    "detuning": 0.21000000000000002,
    "t_duration": 72.5,
    "best_amp1": 2.174233827240012,
    "best_amp2": 2.0879203662305574,
    "best_value": 3.606943336342816e-06,
    "optimization_time": 1972.1112854480743
}