{
    "detuning": 0.15000000000000002,
    "t_duration": 87.5,
    "best_amp1": 2.000139859524527,
    "best_amp2": 1.949360265769359,
    "best_value": 1.9425794884897485e-06,
    "optimization_time": 3807.622702598572
}