{
    "detuning": 0.2,
    "t_duration": 110.0,
    "best_amp1": 2.5655470866668018,
    "best_amp2": 2.479604636390564,
    "best_value": 8.512584770414833e-08,
    "optimization_time": 4781.171533107758
}