{
    "detuning": 0.3450000000000001,
    "t_duration": 50.0,
    "best_amp1": 2.538218150996073,
    "best_amp2": 2.2159351550178923,
    "best_value": 0.0034984251071706884,
    "optimization_time": 1498.2960875034332
}