{
    "detuning": 0.10500000000000001,
    "t_duration": 72.5,
    "best_amp1": 1.5518335990131353,
    "best_amp2": 1.523242049421978,
    "best_value": 3.9054905130231354e-05,
    "optimization_time": 2851.819462776184
}