{
    "detuning": 0.29000000000000004,
    "t_duration": 50.0,
    "best_amp1": 2.219162575257482,
    "best_amp2": 2.044503400800935,
    "best_value": 7.02899293444359e-05,
    "optimization_time": 1075.3026585578918
}