{
    "detuning": 0.31000000000000005,
    "t_duration": 72.5,
    "best_amp1": 2.7044122722012425,
    "best_amp2": 2.499337475569346,
    "best_value": 8.412573491478614e-05,
    "optimization_time": 1843.3619379997253
}