{
    "detuning": 0.3700000000000001,
    "t_duration": 80.0,
    "best_amp1": 3.2345306535403786,
    "best_amp2": 2.8405179560431555,
    "best_value": 0.0003326506946474961,
    "optimization_time": 2289.6949286460876
}