{
    "detuning": 0.30500000000000005,
    "t_duration": 117.5,
    "best_amp1": 3.3202968605612995,
    "best_amp2": 3.116094785908842,
    "best_value": 4.263394237646878e-08,
    "optimization_time": 1849.5295641422272
}