{
    "detuning": 0.10500000000000001,
    "t_duration": 57.5,
    "best_amp1": 1.4047986022204955,
    "best_amp2": 1.3771066502757672,
    "best_value": 2.9163036688317767e-05,
    "optimization_time": 3604.195140361786
}