{
    "detuning": 0.23000000000000004,
    "t_duration": 80.0,
    "best_amp1": 2.383054658098984,
    "best_amp2": 2.279194861738052,
    "best_value": 6.407004206065992e-07,
    "optimization_time": 4289.324591875076
}