{
    "detuning": 0.24500000000000002,
    "t_duration": 117.5,
    "best_amp1": 2.9403087038866125,
    "best_amp2": 2.813748170208274,
    "best_value": 1.8602114071342157e-08,
    "optimization_time": 2057.281310081482
}