{
    "detuning": 0.18000000000000002,
    "t_duration": 87.5,
    "best_amp1": 2.188972686674481,
    "best_amp2": 2.120817301192792,
    "best_value": 1.3110547936179273e-07,
    "optimization_time": 2659.3032653331757
}