{
    "detuning": 0.16000000000000003,
    "t_duration": 72.5,
    "best_amp1": 1.8968973606989448,
    "best_amp2": 1.8426523258335687,
    "best_value": 3.81386957015728e-06,
    "optimization_time": 2280.623572587967
}