{
    "detuning": 0.3750000000000001,
    "t_duration": 87.5,
    "best_amp1": 3.395450519454385,
    "best_amp2": 2.9806943358540448,
    "best_value": 7.200624907743869e-05,
    "optimization_time": 1748.9837746620178
}