{
    "detuning": 0.23000000000000004,
    "t_duration": 95.0,
    "best_amp1": 2.5771421040344333,
    "best_amp2": 2.4701443785256436,
    "best_value": 1.2813418326373949e-08,
    "optimization_time": 2312.0750300884247
}