{
    "detuning": 0.25,
    "t_duration": 72.5,
    "best_amp1": 2.3843643390669578,
    "best_amp2": 2.2629295842356583,
    "best_value": 1.702547417481437e-05,
    "optimization_time": 1769.7225329875946
}