{
    "detuning": 0.33000000000000007,
    "t_duration": 117.5,
    "best_amp1": 3.483875760952154,
    "best_amp2": 3.2313586059626895,
    "best_value": 0.00018899661572646664,
    "optimization_time": 2101.7862730026245
}