{
    "detuning": 0.385,
    "t_duration": 87.5,
    "best_amp1": 3.5024189980519416,
    "best_amp2": 3.018160771529457,
    "best_value": 2.618949633603762e-06,
    "optimization_time": 2054.88885474205
}