{
    "detuning": 0.15500000000000003,
    "t_duration": 102.5,
    "best_amp1": 2.1850320169802546,
    "best_amp2": 2.129515409774009,
    "best_value": 1.0064728606096196e-08,
    "optimization_time": 2147.70268702507
}