{
    "detuning": 0.18000000000000002,
    "t_duration": 125.0,
    "best_amp1": 2.581694805478539,
    "best_amp2": 2.5070852648138806,
    "best_value": 2.0341896389552971e-07,
    "optimization_time": 3621.55681347847
}