{
    "detuning": 0.14,
    "t_duration": 110.0,
    "best_amp1": 2.147209234223556,
    "best_amp2": 2.0989207559212724,
    "best_value": 1.6626645998885081e-06,
    "optimization_time": 4972.750816583633
}