{
    "detuning": 0.28,
    "t_duration": 117.5,
    "best_amp1": 3.161777603603671,
    "best_amp2": 2.9947801407153856,
    "best_value": 5.2474611786923475e-06,
    "optimization_time": 2174.1004807949066
}