{
    "detuning": 0.24000000000000002,
    "t_duration": 95.0,
    "best_amp1": 2.6357825937123094,
    "best_amp2": 2.5196260367965375,
    "best_value": 3.664090542088161e-08,
    "optimization_time": 4053.6163458824158
}