{
    "detuning": 0.12000000000000001,
    "t_duration": 110.0,
    "best_amp1": 1.9923252441496764,
    "best_amp2": 1.9540586354896865,
    "best_value": 2.407346133881383e-06,
    "optimization_time": 3303.4190917015076
}