{
    "detuning": 0.24000000000000002,
    "t_duration": 110.0,
    "best_amp1": 2.8203655794771416,
    "best_amp2": 2.7006100909799593,
    "best_value": 1.0980098519297599e-07,
    "optimization_time": 3433.7646572589874
}