{
    "detuning": 0.15500000000000003,
    "t_duration": 65.0,
    "best_amp1": 1.7795542561528834,
    "best_amp2": 1.7288431845474341,
    "best_value": 5.622696912399583e-06,
    "optimization_time": 2979.934890985489
}