{
    "detuning": 0.3700000000000001,
    "t_duration": 50.0,
    "best_amp1": 2.780744678871466,
    "best_amp2": 2.294726571901946,
    "best_value": 0.0019145761581934595,
    "optimization_time": 1155.3068215847015
}