{
    "detuning": 0.3600000000000001,
    "t_duration": 80.0,
    "best_amp1": 3.148672610614155,
    "best_amp2": 2.804235700623147,
    "best_value": 0.0010799997987355203,
    "optimization_time": 1484.652218580246
}