{
    "detuning": 0.26,
    "t_duration": 95.0,
    "best_amp1": 2.751508497560698,
    "best_amp2": 2.6152098927496463,
    "best_value": 1.7756466810792126e-05,
    "optimization_time": 3938.5748579502106
}