{
    "detuning": 0.23000000000000004,
    "t_duration": 110.0,
    "best_amp1": 2.757804834272743,
    "best_amp2": 2.647358776999073,
    "best_value": 1.4340691745218237e-07,
    "optimization_time": 3958.1109647750854
}