{
    "detuning": 0.3750000000000001,
    "t_duration": 80.0,
    "best_amp1": 3.2828142997511724,
    "best_amp2": 2.8585439620385187,
    "best_value": 0.00013709137631490176,
    "optimization_time": 1765.3088397979736
}