{
    "detuning": 0.22000000000000003,
    "t_duration": 80.0,
    "best_amp1": 2.328171299284108,
    "best_amp2": 2.2326635215102297,
    "best_value": 2.33889372236451e-06,
    "optimization_time": 2074.4185457229614
}