{
    "detuning": 0.3350000000000001,
    "t_duration": 72.5,
    "best_amp1": 2.852057024225515,
    "best_amp2": 2.5899104044116807,
    "best_value": 0.0015468393216263587,
    "optimization_time": 4041.2653272151947
}