{
    "detuning": 0.22000000000000003,
    "t_duration": 95.0,
    "best_amp1": 2.5179454890509287,
    "best_amp2": 2.4194670786351358,
    "best_value": 8.77449405467523e-07,
    "optimization_time": 2187.0864684581757
}