{
    "detuning": 0.17500000000000002,
    "t_duration": 57.5,
    "best_amp1": 1.7904615370428976,
    "best_amp2": 1.7284348208373457,
    "best_value": 6.069314652412672e-06,
    "optimization_time": 3588.5414566993713
}