{
    "detuning": 0.22000000000000003,
    "t_duration": 57.5,
    "best_amp1": 2.0110882852422405,
    "best_amp2": 1.9188070464509273,
    "best_value": 8.292261910569643e-06,
    "optimization_time": 1537.6346414089203
}