{
    "detuning": 0.395,
    "t_duration": 110.0,
    "best_amp1": 3.942049496464528,
    "best_amp2": 3.402390712470054,
    "best_value": 7.706689952868828e-09,
    "optimization_time": 2430.6177003383636
}