{
    "detuning": 0.10500000000000001,
    "t_duration": 125.0,
    "best_amp1": 1.9813647223964632,
    "best_amp2": 1.9487660558948892,
    "best_value": 1.4343652190440537e-06,
    "optimization_time": 5468.7529447078705
}