{
    "detuning": 0.4,
    "t_duration": 57.5,
    "best_amp1": 3.5443406480264605,
    "best_amp2": 2.5933169915529595,
    "best_value": 0.000234398586254847,
    "optimization_time": 2309.4915425777435
}