{
    "detuning": 0.16500000000000004,
    "t_duration": 95.0,
    "best_amp1": 2.1763625540464044,
    "best_amp2": 2.116167530146345,
    "best_value": 4.5963578299001995e-07,
    "optimization_time": 4246.825042009354
}