{
    "detuning": 0.135,
    "t_duration": 110.0,
    "best_amp1": 2.109411482592545,
    "best_amp2": 2.0637257152909547,
    "best_value": 3.544134663524545e-08,
    "optimization_time": 2269.136161804199
}