{
    "detuning": 0.20500000000000002,
    "t_duration": 110.0,
    "best_amp1": 2.5995917736841427,
    "best_amp2": 2.5084271906371796,
    "best_value": 1.419147980241675e-07,
    "optimization_time": 4430.874845743179
}