{
    "detuning": 0.13,
    "t_duration": 50.0,
    "best_amp1": 1.4617574237229363,
    "best_amp2": 1.4241946853210012,
    "best_value": 0.00011285606172872775,
    "optimization_time": 953.9391694068909
}