{
    "detuning": 0.3450000000000001,
    "t_duration": 125.0,
    "best_amp1": 3.6877610394061584,
    "best_amp2": 3.396888157349589,
    "best_value": 0.00104651705489478,
    "optimization_time": 3632.1090099811554
}