{
    "detuning": 0.275,
    "t_duration": 50.0,
    "best_amp1": 2.146680834558561,
    "best_amp2": 1.9953117601869639,
    "best_value": 0.00010943378478189825,
    "optimization_time": 932.6189994812012
}