{
    "detuning": 0.3750000000000001,
    "t_duration": 50.0,
    "best_amp1": 2.8519249249925505,
    "best_amp2": 2.3112023247132307,
    "best_value": 0.001369014297562754,
    "optimization_time": 1588.484246969223
}