{
    "detuning": 0.19000000000000003,
    "t_duration": 50.0,
    "best_amp1": 1.7562992910646962,
    "best_amp2": 1.6864237540146787,
    "best_value": 1.4801172923850636e-05,
    "optimization_time": 1078.9305140972137
}