{
    "detuning": 0.29000000000000004,
    "t_duration": 87.5,
    "best_amp1": 2.819727813080893,
    "best_amp2": 2.646552184556455,
    "best_value": 2.321621593859291e-07,
    "optimization_time": 1369.5565357208252
}