{
    "detuning": 0.3350000000000001,
    "t_duration": 80.0,
    "best_amp1": 2.9720561081358197,
    "best_amp2": 2.7117317466499222,
    "best_value": 0.0012699780541799432,
    "optimization_time": 2280.108448266983
}