{
    "detuning": 0.38,
    "t_duration": 95.0,
    "best_amp1": 3.555854153356032,
    "best_amp2": 3.117314967127309,
    "best_value": 5.94561000843985e-06,
    "optimization_time": 2166.2209594249725
}