{
    "detuning": 0.13,
    "t_duration": 65.0,
    "best_amp1": 1.6355345887759145,
    "best_amp2": 1.5969749826286015,
    "best_value": 3.492718176745235e-05,
    "optimization_time": 1410.4245388507843
}