{
    "detuning": 0.17500000000000002,
    "t_duration": 117.5,
    "best_amp1": 2.472751608347332,
    "best_amp2": 2.402813023655329,
    "best_value": 2.472384148521911e-07,
    "optimization_time": 3560.8647129535675
}