{
    "detuning": 0.17,
    "t_duration": 95.0,
    "best_amp1": 2.208886644767576,
    "best_amp2": 2.1457145086790215,
    "best_value": 8.603824024344675e-07,
    "optimization_time": 1972.6301441192627
}