{
    "detuning": 0.11000000000000001,
    "t_duration": 110.0,
    "best_amp1": 1.9107997552310518,
    "best_amp2": 1.8771373000099851,
    "best_value": 1.8209598876550714e-06,
    "optimization_time": 4124.540951013565
}