{
    "detuning": 0.30500000000000005,
    "t_duration": 110.0,
    "best_amp1": 3.221564798988432,
    "best_amp2": 3.0194750554365863,
    "best_value": 1.2242344660240434e-07,
    "optimization_time": 1840.429190158844
}