{
    "detuning": 0.24000000000000002,
    "t_duration": 125.0,
    "best_amp1": 2.9937173745257866,
    "best_amp2": 2.8702079075378393,
    "best_value": 3.345833132772924e-08,
    "optimization_time": 4373.9649746418
}