{
    "detuning": 0.20500000000000002,
    "t_duration": 72.5,
    "best_amp1": 2.1474351432128707,
    "best_amp2": 2.064835883159378,
    "best_value": 1.2777993751988959e-07,
    "optimization_time": 3001.725828409195
}