{
    "detuning": 0.18000000000000002,
    "t_duration": 80.0,
    "best_amp1": 2.101704075900725,
    "best_amp2": 2.034742522322715,
    "best_value": 2.307585829641745e-06,
    "optimization_time": 4149.907848358154
}