{
    "detuning": 0.385,
    "t_duration": 57.5,
    "best_amp1": 3.1000806075640432,
    "best_amp2": 2.492457675143794,
    "best_value": 0.00021852010354117546,
    "optimization_time": 2951.816124677658
}