{
    "detuning": 0.22500000000000003,
    "t_duration": 65.0,
    "best_amp1": 2.1470458777767565,
    "best_amp2": 2.049900442450192,
    "best_value": 1.1086413547189977e-06,
    "optimization_time": 2963.7087457180023
}