{
    "detuning": 0.24500000000000002,
    "t_duration": 87.5,
    "best_amp1": 2.566720140967973,
    "best_amp2": 2.4474180192346644,
    "best_value": 7.386880089832459e-07,
    "optimization_time": 2132.34494805336
}