{
    "detuning": 0.395,
    "t_duration": 102.5,
    "best_amp1": 3.8411281575848135,
    "best_amp2": 3.290919946155283,
    "best_value": 1.4538595216606609e-08,
    "optimization_time": 2270.6381809711456
}