{
    "detuning": 0.3650000000000001,
    "t_duration": 72.5,
    "best_amp1": 3.0723351249873527,
    "best_amp2": 2.696304364185366,
    "best_value": 0.0008898389404426998,
    "optimization_time": 1688.324415922165
}