{
    "detuning": 0.1,
    "t_duration": 72.5,
    "best_amp1": 1.5171433681248403,
    "best_amp2": 1.490493260048037,
    "best_value": 6.068090799349335e-05,
    "optimization_time": 4245.433066129684
}