{"detuning": 0.3700000000000001, "t_duration": 50.0, "best_amp1": 2.7805222931298332, "best_amp2": 2.292584433820279, "best_value": 0.0018958405487111696}