{"detuning": 0.115, "t_duration": 50.0, "best_amp1": 1.3811476808615346, "best_amp2": 1.3498999088114303, "best_value": 5.188674521461323e-05}