{"detuning": 0.125, "t_duration": 50.0, "best_amp1": 1.4352632197961668, "best_amp2": 1.3998604963490844, "best_value": 0.000129236245996589}