{"detuning": 0.21000000000000002, "t_duration": 50.0, "best_amp1": 1.8485325149809015, "best_amp2": 1.7644628716016952, "best_value": 1.787322457380558e-05}