{"detuning": 0.24500000000000002, "t_duration": 50.0, "best_amp1": 2.007692931569763, "best_amp2": 1.8927267512370844, "best_value": 0.00010133414742063973}