{"detuning": 0.16500000000000004, "t_duration": 50.0, "best_amp1": 1.6377314142834731, "best_amp2": 1.5829118221347611, "best_value": 3.789386641406267e-05}