{"detuning": 0.24000000000000002, "t_duration": 50.0, "best_amp1": 1.984630901475606, "best_amp2": 1.874529188830548, "best_value": 5.850015638264594e-05}