{"detuning": 0.395, "t_duration": 50.0, "best_amp1": 3.4391101083858824, "best_amp2": 2.38302582921184, "best_value": 0.000971033042975411}