{"detuning": 0.10500000000000001, "t_duration": 50.0, "best_amp1": 1.324993265873254, "best_amp2": 1.2975930158112756, "best_value": 0.00023971419378443493}