{"detuning": 0.21500000000000002, "t_duration": 50.0, "best_amp1": 1.8713123139990104, "best_amp2": 1.7833915899876496, "best_value": 1.692793853846908e-05}