{"detuning": 0.1, "t_duration": 50.0, "best_amp1": 1.2962057793782655, "best_amp2": 1.2706775662804275, "best_value": 5.772950516180764e-06}