{"detuning": 0.18000000000000002, "t_duration": 50.0, "best_amp1": 1.7094209774821916, "best_amp2": 1.6458648354471024, "best_value": 6.551975524904385e-06}