{"detuning": 0.11000000000000001, "t_duration": 50.0, "best_amp1": 1.3533494377502828, "best_amp2": 1.3240612336118098, "best_value": 0.00026270907155789835}