{"detuning": 0.33000000000000007, "t_duration": 50.0, "best_amp1": 2.4366203737150727, "best_amp2": 2.1680945385574284, "best_value": 0.0024908472336064857}