{"detuning": 0.16000000000000003, "t_duration": 50.0, "best_amp1": 1.613436351331633, "best_amp2": 1.5613169957925224, "best_value": 9.726931451736753e-06}