{"detuning": 0.18500000000000003, "t_duration": 50.0, "best_amp1": 1.7329337814705004, "best_amp2": 1.6662757572472329, "best_value": 2.1789187672816013e-05}