{"detuning": 0.22000000000000003, "t_duration": 50.0, "best_amp1": 1.8941067782264664, "best_amp2": 1.8020581603169001, "best_value": 1.6038335155732497e-05}