{"detuning": 0.14500000000000002, "t_duration": 50.0, "best_amp1": 1.5389160771510553, "best_amp2": 1.49441575099838, "best_value": 7.007945701387186e-05}