{"detuning": 0.255, "t_duration": 50.0, "best_amp1": 2.053071872739468, "best_amp2": 1.9273777070786677, "best_value": 0.00018221057434586463}