{"detuning": 0.3750000000000001, "t_duration": 50.0, "best_amp1": 2.8516292227509212, "best_amp2": 2.308824099299306, "best_value": 0.0013448325293377028}