{"detuning": 0.3400000000000001, "t_duration": 50.0, "best_amp1": 2.5022001767168, "best_amp2": 2.198744340510026, "best_value": 0.0033056459228939516}