{"detuning": 0.20500000000000002, "t_duration": 50.0, "best_amp1": 1.8256138286418933, "best_amp2": 1.7453052511615343, "best_value": 1.6074884040429005e-05}