{"detuning": 0.32500000000000007, "t_duration": 50.0, "best_amp1": 2.406352435221079, "best_amp2": 2.1528021943218336, "best_value": 0.0019846250389007336}