{"detuning": 0.19000000000000003, "t_duration": 50.0, "best_amp1": 1.7562992910646948, "best_amp2": 1.6864237540146774, "best_value": 1.4801273818476623e-05}