{"detuning": 0.4, "t_duration": 50.0, "best_amp1": 3.7952048271004015, "best_amp2": 2.3738956100062274, "best_value": 0.009728514791368603}