{"detuning": 0.135, "t_duration": 50.0, "best_amp1": 1.4878465443806792, "best_amp2": 1.4480460593012872, "best_value": 1.5536121697912186e-05}