{"detuning": 0.26, "t_duration": 50.0, "best_amp1": 2.076526916995738, "best_amp2": 1.943326810479469, "best_value": 0.0002043664337183504}