{"detuning": 0.23500000000000004, "t_duration": 50.0, "best_amp1": 1.962198276562088, "best_amp2": 1.8569355573273012, "best_value": 2.8596313274231733e-05}