{"detuning": 0.17500000000000002, "t_duration": 50.0, "best_amp1": 1.685736301479881, "best_amp2": 1.6251949572702435, "best_value": 2.417707739899022e-06}