{"detuning": 0.22500000000000003, "t_duration": 50.0, "best_amp1": 1.9168258648745389, "best_amp2": 1.820568961327011, "best_value": 1.737982014360373e-05}