{"detuning": 0.25, "t_duration": 50.0, "best_amp1": 2.0304325798286347, "best_amp2": 1.9100654021737289, "best_value": 0.00014352818357998842}