{"detuning": 0.23000000000000004, "t_duration": 50.0, "best_amp1": 1.939524832085029, "best_amp2": 1.8388649148527074, "best_value": 1.85052177300582e-05}