{"detuning": 0.3350000000000001, "t_duration": 50.0, "best_amp1": 2.468428775691108, "best_amp2": 2.1833731476484735, "best_value": 0.0029436587886509935}