{"detuning": 0.2, "t_duration": 50.0, "best_amp1": 1.8026283561593077, "best_amp2": 1.7259105065468487, "best_value": 4.90547065190583e-06}