{"detuning": 0.17, "t_duration": 50.0, "best_amp1": 1.6618480179070976, "best_amp2": 1.6042243621713168, "best_value": 2.796787971237613e-05}