{"detuning": 0.13, "t_duration": 50.0, "best_amp1": 1.4617575240841998, "best_amp2": 1.4241946871944884, "best_value": 0.00011285606229305412}