{"detuning": 0.39, "t_duration": 50.0, "best_amp1": 3.1995247897952135, "best_amp2": 2.3627323984267785, "best_value": 0.0003746663971839759}