{"detuning": 0.14, "t_duration": 50.0, "best_amp1": 1.5135596585840467, "best_amp2": 1.471422520331367, "best_value": 1.538850078675047e-05}