{"detuning": 0.195, "t_duration": 50.0, "best_amp1": 1.779534631471983, "best_amp2": 1.7062958472763403, "best_value": 8.972211379409956e-07}