{"detuning": 0.38, "t_duration": 50.0, "best_amp1": 2.9379890042499035, "best_amp2": 2.3258485717850146, "best_value": 0.0008504895034947557}