{"detuning": 0.385, "t_duration": 50.0, "best_amp1": 3.0479749693595752, "best_amp2": 2.34361594456279, "best_value": 0.0004852592653654675}