{"t_tot": 171.5, "amp": 0.5668121077950674, "w_d": 0.00047675516216389845}
{"t_tot": 171.5, "amp": 0.5668121077950674, "w_d": 0.00047675516216389845}
{"t_tot": 171.5, "amp": 0.5453551360562728, "w_d": 0.00028763}
{"t_tot": 170.5, "amp": 0.5398997793568229, "w_d": 0.00014381499999996522}
{"t_tot": 169.5, "amp": 0.5387888444476463, "w_d": 7.190749999998609e-05}
{"t_tot": 168.5, "amp": 0.5386665917656507, "w_d": 3.5953749999914976e-05}
{"t_tot": 167.5, "amp": 0.539039635177378, "w_d": 3.594130045645087e-05}
{"t_tot": 166.5, "amp": 0.5394811092667162, "w_d": 3.5916293988363946e-05}
{"t_tot": 165.5, "amp": 0.5392800722113764, "w_d": 3.530304960690474e-05}
{"t_tot": 164.5, "amp": 0.5393998852914411, "w_d": 1.7651524803459042e-05}
{"t_tot": 163.5, "amp": 0.5396149582964659, "w_d": 8.825762401667869e-06}
{"t_tot": 162.5, "amp": 0.5398301714577158, "w_d": 8.692756084953026e-06}
{"t_tot": 161.5, "amp": 0.5400336822841222, "w_d": 8.561030253866483e-06}
{"t_tot": 160.5, "amp": 0.5402386002698866, "w_d": 8.4297663359028e-06}
{"t_tot": 159.5, "amp": 0.5404356919202452, "w_d": 8.30173381583527e-06}
{"t_tot": 158.5, "amp": 0.5406323129901062, "w_d": 8.17463927266339e-06}
{"t_tot": 157.5, "amp": 0.5408291108889217, "w_d": 8.050290312692405e-06}
{"t_tot": 156.5, "amp": 0.5410207165779604, "w_d": 7.9255371623606e-06}
{"t_tot": 155.5, "amp": 0.5412103059077347, "w_d": 7.80487126262915e-06}
{"t_tot": 154.5, "amp": 0.5414028578124502, "w_d": 7.684177267364332e-06}
{"t_tot": 153.5, "amp": 0.5415883323081502, "w_d": 7.5618445945648295e-06}
{"t_tot": 152.5, "amp": 0.5417749066568552, "w_d": 7.4419118724749235e-06}
{"t_tot": 151.5, "amp": 0.5419571393263505, "w_d": 7.327072930070954e-06}
{"t_tot": 150.5, "amp": 0.542142182720971, "w_d": 7.211591158067379e-06}
{"t_tot": 149.5, "amp": 0.5423222953835587, "w_d": 7.0972507633138e-06}
{"t_tot": 148.5, "amp": 0.5424995308092193, "w_d": 6.982835108353453e-06}
{"t_tot": 171.5, "amp": 0.5379839678891928, "w_d": 9.97097446515279e-05, "fun": 0.0015054695856179245}
{"t_tot": 170.5, "amp": 0.5379824136756288, "w_d": 9.993698739594773e-05, "fun": 0.0026529089846163423}
{"t_tot": 169.5, "amp": 0.5382254700307878, "w_d": 9.991824792053228e-05, "fun": 0.004113124149972225}
{"t_tot": 171.5, "amp": 0.5667037483849716, "w_d": 0.0005340892732355263, "fun": 0.002444346147373211}
{"t_tot": 170.5, "amp": 0.5666101668638797, "w_d": 0.0004988401752311263, "fun": 0.004030371753513395}
{"t_tot": 171.5, "amp": 0.5667152986160294, "w_d": 0.0005485446784601759, "fun": 0.002446227692755487}
{"t_tot": 170.5, "amp": 0.5667313509799485, "w_d": 0.000544313026639872, "fun": 0.003813622294532415}
{"t_tot": 169.5, "amp": 0.566763677210493, "w_d": 0.0005467506909926235, "fun": 0.005506720949346566}
{"t_tot": 168.5, "amp": 0.566679035380252, "w_d": 0.0005374874358625709, "fun": 0.007464349396617331}
{"t_tot": 171.5, "amp": 0.5378250278247716, "w_d": 4.164952114935014e-06, "fun": 0.0014815546647718447}
{"t_tot": 170.5, "amp": 0.5383598513576949, "w_d": 4.048794406145059e-06, "fun": 0.002618956145731599}
{"t_tot": 169.5, "amp": 0.5383342730235091, "w_d": 3.915764434508476e-06, "fun": 0.004075390533440526}
{"t_tot": 171.5, "amp": 0.5378928909448559, "w_d": 4.04156310118721e-06, "fun": 0.0014814754546346176}
{"t_tot": 170.5, "amp": 0.5382226152328421, "w_d": 3.846146229344094e-06, "fun": 0.002618138741044107}
{"t_tot": 169.5, "amp": 0.5383343479989136, "w_d": 0.0, "fun": 0.004075358740003976}
{"t_tot": 168.5, "amp": 0.5385581380573865, "w_d": 0.0, "fun": 0.005853567210210353}
{"t_tot": 170.5, "amp": 0.5382226152328421, "w_d": 3.846146229344094e-06, "fun": 0.002618138741044107}
{"t_tot": 169.5, "amp": 0.5383343479989136, "w_d": 0.0, "fun": 0.004075358740003976}
{"t_tot": 168.5, "amp": 0.5385581380573865, "w_d": 0.0, "fun": 0.005853567210210353}
{"t_tot": 167.5, "amp": 0.5404343008995056, "w_d": 3.5470264265313745e-05, "fun": 0.007996432806490206}
{"t_tot": 167.5, "amp": 0.5493533611297607, "w_d": 0.00025191521854139864, "fun": 0.008655179177353256}
{"t_tot": 167.5, "amp": 0.5412039446647012, "w_d": 0.00019182530340359916, "fun": 0.008073282900765255}
{"t_tot": 167.5, "amp": 0.5412039446647012, "w_d": 0.00019182530340359916, "fun": 0.008073282900765255}
{"t_tot": 162.5, "amp": 0.5414785717678829, "w_d": -1.274852308437854e-05, "fun": 0.023306653444740588}
{"t_tot": 157.5, "amp": 0.541112757359906, "w_d": -6.148743803583112e-05, "fun": 0.04636096270690293}
{"t_tot": 167.5, "amp": 0.5388208130595554, "w_d": -8.380314061831907e-05, "fun": 0.007962988106722912}
{"t_tot": 166.5, "amp": 0.5394665680016842, "w_d": 8.354970402930508e-05, "fun": 0.010373719362276268}
{"t_tot": 167.5, "amp": 0.5388208130595554, "w_d": -8.380314061831907e-05, "fun": 0.007962988106722912}
{"t_tot": 166.5, "amp": 0.5394665680016842, "w_d": 8.354970402930508e-05, "fun": 0.010373719362276268}
{"t_tot": 165.5, "amp": 0.5390351664534287, "w_d": -4.575762039392826e-06, "fun": 0.013130187476674493}
