{"t_tot": 171.5, "amp": 0.5371884496313276, "w_d": 0.0, "t_rise_ratio": 0.1353222265170129, "fun": 0.0001151904108011026}
{"t_tot": 180.0, "amp": 0.5402615668400914, "w_d": 0.0, "t_rise_ratio": 0.1848381963169088, "fun": 7.1681540666501675e-06}
{"t_tot": 170.0, "amp": 0.5356130263668493, "w_d": 0.0, "t_rise_ratio": 0.12362968128319717, "fun": 2.689108205777835e-06}
{"t_tot": 160.0, "amp": 0.532947568999622, "w_d": 0.0, "t_rise_ratio": 0.05240154833511808, "fun": 1.3549657456035646e-06}
{"t_tot": 150.0, "amp": 0.5323910518115381, "w_d": 0.0, "t_rise_ratio": 0.010308737010116316, "fun": 0.006690788067950426}
{"t_tot": 140.0, "amp": 0.5326861693376924, "w_d": 0.0, "t_rise_ratio": 0.010607425648813984, "fun": 0.04853678359146529}
{"t_tot": 130.0, "amp": 0.5265350428660005, "w_d": 0.0, "t_rise_ratio": -0.0472446292911568, "fun": 0.17987308104369315}
{"t_tot": 120.0, "amp": 0.527510324896559, "w_d": 0.0, "t_rise_ratio": -0.04724463075399399, "fun": 0.25930350637170796}
{"t_tot": 110.0, "amp": 0.5287082242102873, "w_d": 0.0, "t_rise_ratio": -0.04724463075399399, "fun": 0.3946947191101322}
{"t_tot": 100.0, "amp": 0.527529777952121, "w_d": 0.0, "t_rise_ratio": -0.04724463075399399, "fun": 0.5830210917061639}
{"t_tot": 90.0, "amp": 0.5220100191141911, "w_d": 0.0, "t_rise_ratio": -0.04724463075399399, "fun": 0.7880551493004094}
{"t_tot": 80.0, "amp": 0.5226905890679993, "w_d": 0.0, "t_rise_ratio": -0.04724463075399399, "fun": 0.9791374442257141}
{"t_tot": 70.0, "amp": 0.5270352508912639, "w_d": 0.0, "t_rise_ratio": -0.04724463075399399, "fun": 1.1575649717795145}
{"t_tot": 160.0, "amp": 0.5310698644668382, "w_d": 0.0, "t_rise_ratio": 0.04865653841926784, "fun": 0.00011772169676937949}
{"t_tot": 159.0, "amp": 0.5318900511342904, "w_d": 0.0, "t_rise_ratio": 0.04128103909841386, "fun": 8.290316171888357e-06}
{"t_tot": 158.0, "amp": 0.5350876925174033, "w_d": 0.0, "t_rise_ratio": 0.03340840169477055, "fun": 2.785586072751034e-05}
{"t_tot": 157.0, "amp": 0.5330563912058288, "w_d": 0.0, "t_rise_ratio": 0.024931317248597307, "fun": 1.969970730553161e-05}
{"t_tot": 156.0, "amp": 0.5262382268897783, "w_d": 0.0, "t_rise_ratio": -0.02357045120330042, "fun": 0.03368467071856329}
{"t_tot": 155.0, "amp": 0.5200604721374988, "w_d": 0.0, "t_rise_ratio": -0.023570451885461807, "fun": 0.09880062065364348}
{"t_tot": 154.0, "amp": 0.5263988973558336, "w_d": 0.0, "t_rise_ratio": -0.023570451885461807, "fun": 0.05711511688424642}
{"t_tot": 153.0, "amp": 0.5273581265865971, "w_d": 0.0, "t_rise_ratio": -0.023570451885461807, "fun": 0.040962540675497205}
{"t_tot": 152.0, "amp": 0.5303132082246501, "w_d": 0.0, "t_rise_ratio": -0.023570451885461807, "fun": 0.04145951989237562}
{"t_tot": 156.0, "amp": 0.5324104078900871, "w_d": 0.0, "t_rise_ratio": 0.018577448842957443, "fun": 1.211595390104847e-05}
{"t_tot": 155.0, "amp": 0.5321073786599757, "w_d": 0.0, "t_rise_ratio": 0.013723062141754332, "fun": 8.179441912936625e-05}
{"t_tot": 154.0, "amp": 0.5331073524762122, "w_d": 0.0, "t_rise_ratio": 0.012723062503374906, "fun": 0.0004975383276805134}
{"t_tot": 153.0, "amp": 0.5321073407894044, "w_d": 0.0, "t_rise_ratio": 0.013723062114893204, "fun": 0.0013897982395345565}
{"t_tot": 152.0, "amp": 0.5324245632210823, "w_d": 0.0, "t_rise_ratio": 0.010695481471260307, "fun": 0.0020675919100612283}
{"t_tot": 151.0, "amp": 0.5324879879451432, "w_d": 0.0, "t_rise_ratio": 0.011839867362748255, "fun": 0.003906029593654492}
{"t_tot": 150.0, "amp": 0.532807208083636, "w_d": 0.0, "t_rise_ratio": 0.012902764011212856, "fun": 0.006211818690774806}
