{"t_tot": 171.5, "amp": 0.5378928909448559, "w_d": 0, "fun": 0.0014814754546346176}
{"t_tot": 170.5, "amp": 0.5382226152328421, "w_d": 0, "fun": 0.002618138741044107}
{"t_tot": 167.5, "amp": 0.5404343008995056, "w_d": 0, "fun": 0.007996432806490206}
{"t_tot": 166.5, "amp": 0.5394811092667162, "w_d": 0, "fun": 0.066667784727801}
{"t_tot": 165.5, "amp": 0.5392800722113764, "w_d": 0, "fun": 0.05927847821352461}
{"t_tot": 164.5, "amp": 0.5393998852914411, "w_d": 0, "fun": 0.052421183576718655}
{"t_tot": 163.5, "amp": 0.5396149582964659, "w_d": 0, "fun": 0.045978475980956834}
{"t_tot": 162.5, "amp": 0.5414785717678829, "w_d": 0, "fun": 0.023306653444740588}
{"t_tot": 161.5, "amp": 0.5400336822841222, "w_d": 0, "fun": 0.03433820674079835}
{"t_tot": 160.5, "amp": 0.5402386002698866, "w_d": 0, "fun": 0.029154429786346303}
{"t_tot": 159.5, "amp": 0.5404356919202452, "w_d": 0, "fun": 0.02439729384624456}
{"t_tot": 158.5, "amp": 0.5406323129901062, "w_d": 0, "fun": 0.020070524383874355}
{"t_tot": 157.5, "amp": 0.5408291108889217, "w_d": 0, "fun": 0.01617655775996385}
{"t_tot": 156.5, "amp": 0.5410207165779604, "w_d": 0, "fun": 0.01271559424527835}
{"t_tot": 155.5, "amp": 0.5412103059077347, "w_d": 0, "fun": 0.009690009894339435}
{"t_tot": 154.5, "amp": 0.5414028578124502, "w_d": 0, "fun": 0.007102664506601686}
{"t_tot": 153.5, "amp": 0.5415883323081502, "w_d": 0, "fun": 0.004952308403543881}
{"t_tot": 152.5, "amp": 0.5417749066568552, "w_d": 0, "fun": 0.003241880565598265}
{"t_tot": 151.5, "amp": 0.5419571393263505, "w_d": 0, "fun": 0.001970963889327604}
{"t_tot": 150.5, "amp": 0.542142182720971, "w_d": 0, "fun": 0.001141822015095939}
{"t_tot": 149.5, "amp": 0.5423222953835587, "w_d": 0, "fun": 0.0007531601683214983}
{"t_tot": 148.5, "amp": 0.5424995308092193, "w_d": 0, "fun": 0.0008056837628913627}
