{
    "regime": "amp_3_wd_1_t87.5",
    "t_tot_center": 87.5,
    "best_t_tot": 86.67874006965441,
    "best_amp": 16.204153684371608,
    "best_w_d": 0.0034530577564741,
    "best_value": 0.33344640345218135,
    "optimization_time": 1113.544778585434,
    "regime_bounds": {
        "amp": {
            "lower": 16.0,
            "upper": 18.666666666666664
        },
        "w_d": {
            "lower": 0.00314,
            "upper": 0.0034799999999999996
        },
        "t_tot": {
            "lower": 86.25,
            "upper": 88.75
        }
    }
}