{
    "regime": "amp_1_wd_2_t67.5",
    "t_tot_center": 67.5,
    "best_t_tot": 67.22087015027034,
    "best_amp": 13.303483965150678,
    "best_w_d": 0.003819999909847642,
    "best_value": 0.19717919501787418,
    "optimization_time": 726.2356221675873,
    "regime_bounds": {
        "amp": {
            "lower": 10.666666666666666,
            "upper": 13.333333333333332
        },
        "w_d": {
            "lower": 0.0034799999999999996,
            "upper": 0.0038199999999999996
        },
        "t_tot": {
            "lower": 66.25,
            "upper": 68.75
        }
    }
}