{
    "regime": "amp_0_wd_0_t80.0",
    "t_tot_center": 80.0,
    "best_t_tot": 78.7500004846553,
    "best_amp": 10.666665664423878,
    "best_w_d": 0.0030535249145931496,
    "best_value": 0.9210320375499512,
    "optimization_time": 1073.042192697525,
    "regime_bounds": {
        "amp": {
            "lower": 8.0,
            "upper": 10.666666666666666
        },
        "w_d": {
            "lower": 0.0028,
            "upper": 0.00314
        },
        "t_tot": {
            "lower": 78.75,
            "upper": 81.25
        }
    }
}