{
    "regime": "amp_2_wd_3_t102.5",
    "t_tot_center": 102.5,
    "best_t_tot": 101.25003964855887,
    "best_amp": 15.4602804944621,
    "best_w_d": 0.0038314975769229488,
    "best_value": 0.899342804743514,
    "optimization_time": 3673.3723571300507,
    "regime_bounds": {
        "amp": {
            "lower": 13.333333333333332,
            "upper": 16.0
        },
        "w_d": {
            "lower": 0.0038199999999999996,
            "upper": 0.00416
        },
        "t_tot": {
            "lower": 101.25,
            "upper": 103.75
        }
    }
}