{
    "regime": "amp_5_wd_2_t62.5",
    "t_tot_center": 62.5,
    "best_t_tot": 62.697024114958836,
    "best_amp": 21.436014694168083,
    "best_w_d": 0.003505391581471228,
    "best_value": 0.0004115808242865269,
    "optimization_time": 1692.2413337230682,
    "regime_bounds": {
        "amp": {
            "lower": 21.333333333333332,
            "upper": 24.0
        },
        "w_d": {
            "lower": 0.0034799999999999996,
            "upper": 0.0038199999999999996
        },
        "t_tot": {
            "lower": 61.25,
            "upper": 63.75
        }
    }
}