{
    "regime": "amp_1_wd_2_t65.0",
    "t_tot_center": 65.0,
    "best_t_tot": 63.82540102236484,
    "best_amp": 12.753058804509173,
    "best_w_d": 0.0035185277348554474,
    "best_value": 0.15444517087884413,
    "optimization_time": 933.6147952079773,
    "regime_bounds": {
        "amp": {
            "lower": 10.666666666666666,
            "upper": 13.333333333333332
        },
        "w_d": {
            "lower": 0.0034799999999999996,
            "upper": 0.0038199999999999996
        },
        "t_tot": {
            "lower": 63.75,
            "upper": 66.25
        }
    }
}