{
    "regime": "amp_4_wd_2_t90.0",
    "t_tot_center": 90.0,
    "best_t_tot": 90.18172628664102,
    "best_amp": 19.002353429780634,
    "best_w_d": 0.003819967461530358,
    "best_value": 0.3010935693898529,
    "optimization_time": 1303.7285804748535,
    "regime_bounds": {
        "amp": {
            "lower": 18.666666666666664,
            "upper": 21.333333333333332
        },
        "w_d": {
            "lower": 0.0034799999999999996,
            "upper": 0.0038199999999999996
        },
        "t_tot": {
            "lower": 88.75,
            "upper": 91.25
        }
    }
}