{
    "regime": "amp_5_wd_2_t85.0",
    "t_tot_center": 85.0,
    "best_t_tot": 84.79154277094786,
    "best_amp": 21.813469273698146,
    "best_w_d": 0.0037673481904011825,
    "best_value": 0.14238997066769005,
    "optimization_time": 1143.7484538555145,
    "regime_bounds": {
        "amp": {
            "lower": 21.333333333333332,
            "upper": 24.0
        },
        "w_d": {
            "lower": 0.0034799999999999996,
            "upper": 0.0038199999999999996
        },
        "t_tot": {
            "lower": 83.75,
            "upper": 86.25
        }
    }
}