{
    "regime": "amp_5_wd_3_t70.0",
    "t_tot_center": 70.0,
    "best_t_tot": 70.05556066930454,
    "best_amp": 21.413030940670467,
    "best_w_d": 0.004147812619564161,
    "best_value": 0.011389084838775768,
    "optimization_time": 1085.5313630104065,
    "regime_bounds": {
        "amp": {
            "lower": 21.333333333333332,
            "upper": 24.0
        },
        "w_d": {
            "lower": 0.0038199999999999996,
            "upper": 0.00416
        },
        "t_tot": {
            "lower": 68.75,
            "upper": 71.25
        }
    }
}