{
    "regime": "amp_5_wd_4_t110.0",
    "t_tot_center": 110.0,
    "best_t_tot": 109.02328442945067,
    "best_amp": 21.33338406076067,
    "best_w_d": 0.0041950951797622826,
    "best_value": 0.680328625612785,
    "optimization_time": 2907.6609468460083,
    "regime_bounds": {
        "amp": {
            "lower": 21.333333333333332,
            "upper": 24.0
        },
        "w_d": {
            "lower": 0.00416,
            "upper": 0.0045
        },
        "t_tot": {
            "lower": 108.75,
            "upper": 111.25
        }
    }
}