{
    "regime": "amp_4_wd_3_t95.0",
    "t_tot_center": 95.0,
    "best_t_tot": 94.27566782232907,
    "best_amp": 19.226690073993307,
    "best_w_d": 0.003955787082977862,
    "best_value": 0.19296206754320971,
    "optimization_time": 1680.3756380081177,
    "regime_bounds": {
        "amp": {
            "lower": 18.666666666666664,
            "upper": 21.333333333333332
        },
        "w_d": {
            "lower": 0.0038199999999999996,
            "upper": 0.00416
        },
        "t_tot": {
            "lower": 93.75,
            "upper": 96.25
        }
    }
}