{
    "regime": "amp_0_wd_1_t55.0",
    "t_tot_center": 55.0,
    "best_t_tot": 53.75003575100136,
    "best_amp": 10.493272743097432,
    "best_w_d": 0.003453104876460237,
    "best_value": 0.19917387774761056,
    "optimization_time": 629.3736836910248,
    "regime_bounds": {
        "amp": {
            "lower": 8.0,
            "upper": 10.666666666666666
        },
        "w_d": {
            "lower": 0.00314,
            "upper": 0.0034799999999999996
        },
        "t_tot": {
            "lower": 53.75,
            "upper": 56.25
        }
    }
}