{
    "regime": "amp_1_wd_2_t60.0",
    "t_tot_center": 60.0,
    "best_t_tot": 59.71335830680197,
    "best_amp": 12.85915695557595,
    "best_w_d": 0.0035315016709357603,
    "best_value": 0.09078331554809543,
    "optimization_time": 1318.3659126758575,
    "regime_bounds": {
        "amp": {
            "lower": 10.666666666666666,
            "upper": 13.333333333333332
        },
        "w_d": {
            "lower": 0.0034799999999999996,
            "upper": 0.0038199999999999996
        },
        "t_tot": {
            "lower": 58.75,
            "upper": 61.25
        }
    }
}