{
    "regime": "amp_5_wd_1_t85.0",
    "t_tot_center": 85.0,
    "best_t_tot": 84.48730679934438,
    "best_amp": 21.586562375858083,
    "best_w_d": 0.0034203749190586698,
    "best_value": 0.059144659674448,
    "optimization_time": 1406.1025598049164,
    "regime_bounds": {
        "amp": {
            "lower": 21.333333333333332,
            "upper": 24.0
        },
        "w_d": {
            "lower": 0.00314,
            "upper": 0.0034799999999999996
        },
        "t_tot": {
            "lower": 83.75,
            "upper": 86.25
        }
    }
}