{
    "regime": "amp_5_wd_0_t60.0",
    "t_tot_center": 60.0,
    "best_t_tot": 60.07378035201756,
    "best_amp": 21.38844708361256,
    "best_w_d": 0.0030006068048955047,
    "best_value": 0.003294373113490398,
    "optimization_time": 1388.96826338768,
    "regime_bounds": {
        "amp": {
            "lower": 21.333333333333332,
            "upper": 24.0
        },
        "w_d": {
            "lower": 0.0028,
            "upper": 0.00314
        },
        "t_tot": {
            "lower": 58.75,
            "upper": 61.25
        }
    }
}