{
    "regime": "amp_2_wd_4_t82.5",
    "t_tot_center": 82.5,
    "best_t_tot": 82.40637322250747,
    "best_amp": 15.999999278133176,
    "best_w_d": 0.004430021184105733,
    "best_value": 0.41229529325082925,
    "optimization_time": 1029.0716478824615,
    "regime_bounds": {
        "amp": {
            "lower": 13.333333333333332,
            "upper": 16.0
        },
        "w_d": {
            "lower": 0.00416,
            "upper": 0.0045
        },
        "t_tot": {
            "lower": 81.25,
            "upper": 83.75
        }
    }
}