{
    "regime": "amp_4_wd_0_t62.5",
    "t_tot_center": 62.5,
    "best_t_tot": 62.520141658516096,
    "best_amp": 18.945421540791067,
    "best_w_d": 0.0029891149840598897,
    "best_value": 0.00038431331007096365,
    "optimization_time": 1456.4627947807312,
    "regime_bounds": {
        "amp": {
            "lower": 18.666666666666664,
            "upper": 21.333333333333332
        },
        "w_d": {
            "lower": 0.0028,
            "upper": 0.00314
        },
        "t_tot": {
            "lower": 61.25,
            "upper": 63.75
        }
    }
}