{
    "regime": "amp_1_wd_4_t120.0",
    "t_tot_center": 120.0,
    "best_t_tot": 118.75000044219388,
    "best_amp": 13.333333333282559,
    "best_w_d": 0.004331401716316042,
    "best_value": 1.1760170105459173,
    "optimization_time": 2106.7792587280273,
    "regime_bounds": {
        "amp": {
            "lower": 10.666666666666666,
            "upper": 13.333333333333332
        },
        "w_d": {
            "lower": 0.00416,
            "upper": 0.0045
        },
        "t_tot": {
            "lower": 118.75,
            "upper": 121.25
        }
    }
}