{
    "regime": "amp_1_wd_4_t105.0",
    "t_tot_center": 105.0,
    "best_t_tot": 106.24999998160833,
    "best_amp": 13.333333333254089,
    "best_w_d": 0.004402810306764317,
    "best_value": 1.3544874828753692,
    "optimization_time": 1013.4041230678558,
    "regime_bounds": {
        "amp": {
            "lower": 10.666666666666666,
            "upper": 13.333333333333332
        },
        "w_d": {
            "lower": 0.00416,
            "upper": 0.0045
        },
        "t_tot": {
            "lower": 103.75,
            "upper": 106.25
        }
    }
}