{
    "regime": "amp_0_wd_3_t90.0",
    "t_tot_center": 90.0,
    "best_t_tot": 91.24991727150386,
    "best_amp": 10.589295734061999,
    "best_w_d": 0.004159998758143276,
    "best_value": 1.6469407588795184,
    "optimization_time": 724.4463651180267,
    "regime_bounds": {
        "amp": {
            "lower": 8.0,
            "upper": 10.666666666666666
        },
        "w_d": {
            "lower": 0.0038199999999999996,
            "upper": 0.00416
        },
        "t_tot": {
            "lower": 88.75,
            "upper": 91.25
        }
    }
}