{
    "regime": "amp_1_wd_0_t82.5",
    "t_tot_center": 82.5,
    "best_t_tot": 81.25001803790596,
    "best_amp": 13.286573343437867,
    "best_w_d": 0.003131100290622427,
    "best_value": 0.40152672636524545,
    "optimization_time": 694.5003263950348,
    "regime_bounds": {
        "amp": {
            "lower": 10.666666666666666,
            "upper": 13.333333333333332
        },
        "w_d": {
            "lower": 0.0028,
            "upper": 0.00314
        },
        "t_tot": {
            "lower": 81.25,
            "upper": 83.75
        }
    }
}