{
    "regime": "amp_1_wd_2_t120.0",
    "t_tot_center": 120.0,
    "best_t_tot": 118.75000000102341,
    "best_amp": 11.316378653250187,
    "best_w_d": 0.0034800000000723063,
    "best_value": 1.6643710869064772,
    "optimization_time": 1917.787770986557,
    "regime_bounds": {
        "amp": {
            "lower": 10.666666666666666,
            "upper": 13.333333333333332
        },
        "w_d": {
            "lower": 0.0034799999999999996,
            "upper": 0.0038199999999999996
        },
        "t_tot": {
            "lower": 118.75,
            "upper": 121.25
        }
    }
}