{
    "regime": "amp_4_wd_2_t67.5",
    "t_tot_center": 67.5,
    "best_t_tot": 67.34159287758702,
    "best_amp": 19.70085651808111,
    "best_w_d": 0.00381390541387649,
    "best_value": 0.006345480266995801,
    "optimization_time": 909.6918594837189,
    "regime_bounds": {
        "amp": {
            "lower": 18.666666666666664,
            "upper": 21.333333333333332
        },
        "w_d": {
            "lower": 0.0034799999999999996,
            "upper": 0.0038199999999999996
        },
        "t_tot": {
            "lower": 66.25,
            "upper": 68.75
        }
    }
}