{
    "regime": "amp_4_wd_3_t75.0",
    "t_tot_center": 75.0,
    "best_t_tot": 75.32783911554873,
    "best_amp": 19.97858686509719,
    "best_w_d": 0.004057671702329607,
    "best_value": 0.07296539468199739,
    "optimization_time": 1084.9812324047089,
    "regime_bounds": {
        "amp": {
            "lower": 18.666666666666664,
            "upper": 21.333333333333332
        },
        "w_d": {
            "lower": 0.0038199999999999996,
            "upper": 0.00416
        },
        "t_tot": {
            "lower": 73.75,
            "upper": 76.25
        }
    }
}