{
    "regime": "amp_1_wd_1_t77.5",
    "t_tot_center": 77.5,
    "best_t_tot": 76.47693644670497,
    "best_amp": 13.196624650752065,
    "best_w_d": 0.003452189699302856,
    "best_value": 0.3638266522797181,
    "optimization_time": 718.8399829864502,
    "regime_bounds": {
        "amp": {
            "lower": 10.666666666666666,
            "upper": 13.333333333333332
        },
        "w_d": {
            "lower": 0.00314,
            "upper": 0.0034799999999999996
        },
        "t_tot": {
            "lower": 76.25,
            "upper": 78.75
        }
    }
}