{
    "regime": "amp_1_wd_3_t65.0",
    "t_tot_center": 65.0,
    "best_t_tot": 63.75000903098411,
    "best_amp": 12.792412536831296,
    "best_w_d": 0.003877243432777979,
    "best_value": 0.1847133344677333,
    "optimization_time": 910.3655099868774,
    "regime_bounds": {
        "amp": {
            "lower": 10.666666666666666,
            "upper": 13.333333333333332
        },
        "w_d": {
            "lower": 0.0038199999999999996,
            "upper": 0.00416
        },
        "t_tot": {
            "lower": 63.75,
            "upper": 66.25
        }
    }
}