{
    "regime": "amp_1_wd_4_t80.0",
    "t_tot_center": 80.0,
    "best_t_tot": 78.75000000891282,
    "best_amp": 13.333333331522853,
    "best_w_d": 0.004348360457746648,
    "best_value": 1.0714071902939097,
    "optimization_time": 1241.1849608421326,
    "regime_bounds": {
        "amp": {
            "lower": 10.666666666666666,
            "upper": 13.333333333333332
        },
        "w_d": {
            "lower": 0.00416,
            "upper": 0.0045
        },
        "t_tot": {
            "lower": 78.75,
            "upper": 81.25
        }
    }
}