{
    "regime": "amp_4_wd_3_t67.5",
    "t_tot_center": 67.5,
    "best_t_tot": 67.32783521656117,
    "best_amp": 19.996970956500395,
    "best_w_d": 0.0041511594278841645,
    "best_value": 0.008935704923827007,
    "optimization_time": 1138.5350909233093,
    "regime_bounds": {
        "amp": {
            "lower": 18.666666666666664,
            "upper": 21.333333333333332
        },
        "w_d": {
            "lower": 0.0038199999999999996,
            "upper": 0.00416
        },
        "t_tot": {
            "lower": 66.25,
            "upper": 68.75
        }
    }
}