{
    "regime": "amp_1_wd_0_t57.5",
    "t_tot_center": 57.5,
    "best_t_tot": 56.25000055956293,
    "best_amp": 13.291480102879548,
    "best_w_d": 0.002967550821639847,
    "best_value": 0.027399495703481394,
    "optimization_time": 2409.0509915351868,
    "regime_bounds": {
        "amp": {
            "lower": 10.666666666666666,
            "upper": 13.333333333333332
        },
        "w_d": {
            "lower": 0.0028,
            "upper": 0.00314
        },
        "t_tot": {
            "lower": 56.25,
            "upper": 58.75
        }
    }
}