{
    "regime": "amp_1_wd_4_t85.0",
    "t_tot_center": 85.0,
    "best_t_tot": 84.7654948707998,
    "best_amp": 13.332207859160516,
    "best_w_d": 0.004368869138531108,
    "best_value": 1.2324696358281781,
    "optimization_time": 735.8821804523468,
    "regime_bounds": {
        "amp": {
            "lower": 10.666666666666666,
            "upper": 13.333333333333332
        },
        "w_d": {
            "lower": 0.00416,
            "upper": 0.0045
        },
        "t_tot": {
            "lower": 83.75,
            "upper": 86.25
        }
    }
}