{
    "regime": "amp_0_wd_3_t92.5",
    "t_tot_center": 92.5,
    "best_t_tot": 93.13178774483062,
    "best_amp": 10.666666666666632,
    "best_w_d": 0.004159999999999859,
    "best_value": 1.6210227741960779,
    "optimization_time": 1425.6773393154144,
    "regime_bounds": {
        "amp": {
            "lower": 8.0,
            "upper": 10.666666666666666
        },
        "w_d": {
            "lower": 0.0038199999999999996,
            "upper": 0.00416
        },
        "t_tot": {
            "lower": 91.25,
            "upper": 93.75
        }
    }
}