{
    "regime": "amp_4_wd_3_t90.0",
    "t_tot_center": 90.0,
    "best_t_tot": 89.76131243928533,
    "best_amp": 19.496773727200946,
    "best_w_d": 0.004097319502053993,
    "best_value": 0.12960552893998395,
    "optimization_time": 1231.2096049785614,
    "regime_bounds": {
        "amp": {
            "lower": 18.666666666666664,
            "upper": 21.333333333333332
        },
        "w_d": {
            "lower": 0.0038199999999999996,
            "upper": 0.00416
        },
        "t_tot": {
            "lower": 88.75,
            "upper": 91.25
        }
    }
}