{
    "regime": "amp_4_wd_4_t60.0",
    "t_tot_center": 60.0,
    "best_t_tot": 59.9096008935072,
    "best_amp": 19.014223364936555,
    "best_w_d": 0.00418860650730401,
    "best_value": 0.0005648601780924895,
    "optimization_time": 1206.2057750225067,
    "regime_bounds": {
        "amp": {
            "lower": 18.666666666666664,
            "upper": 21.333333333333332
        },
        "w_d": {
            "lower": 0.00416,
            "upper": 0.0045
        },
        "t_tot": {
            "lower": 58.75,
            "upper": 61.25
        }
    }
}