{
    "regime": "amp_3_wd_2_t100.0",
    "t_tot_center": 100.0,
    "best_t_tot": 100.4139069452865,
    "best_amp": 18.664590261148167,
    "best_w_d": 0.0035630037931040277,
    "best_value": 0.3460500286378295,
    "optimization_time": 1793.8122899532318,
    "regime_bounds": {
        "amp": {
            "lower": 16.0,
            "upper": 18.666666666666664
        },
        "w_d": {
            "lower": 0.0034799999999999996,
            "upper": 0.0038199999999999996
        },
        "t_tot": {
            "lower": 98.75,
            "upper": 101.25
        }
    }
}