{
    "regime": "amp_0_wd_3_t60.0",
    "t_tot_center": 60.0,
    "best_t_tot": 58.751779556162575,
    "best_amp": 10.365356619016547,
    "best_w_d": 0.0039254060444347295,
    "best_value": 0.4821433513231158,
    "optimization_time": 518.595056772232,
    "regime_bounds": {
        "amp": {
            "lower": 8.0,
            "upper": 10.666666666666666
        },
        "w_d": {
            "lower": 0.0038199999999999996,
            "upper": 0.00416
        },
        "t_tot": {
            "lower": 58.75,
            "upper": 61.25
        }
    }
}