{
    "regime": "amp_3_wd_4_t115.0",
    "t_tot_center": 115.0,
    "best_t_tot": 113.75000012407068,
    "best_amp": 17.09901276881464,
    "best_w_d": 0.004160000004214855,
    "best_value": 0.9910074225027977,
    "optimization_time": 1335.9011445045471,
    "regime_bounds": {
        "amp": {
            "lower": 16.0,
            "upper": 18.666666666666664
        },
        "w_d": {
            "lower": 0.00416,
            "upper": 0.0045
        },
        "t_tot": {
            "lower": 113.75,
            "upper": 116.25
        }
    }
}