{
    "regime": "amp_1_wd_3_t70.0",
    "t_tot_center": 70.0,
    "best_t_tot": 69.3897832080787,
    "best_amp": 13.214213150278482,
    "best_w_d": 0.004159995649177899,
    "best_value": 0.34349779098507804,
    "optimization_time": 979.7068798542023,
    "regime_bounds": {
        "amp": {
            "lower": 10.666666666666666,
            "upper": 13.333333333333332
        },
        "w_d": {
            "lower": 0.0038199999999999996,
            "upper": 0.00416
        },
        "t_tot": {
            "lower": 68.75,
            "upper": 71.25
        }
    }
}