{
    "regime": "amp_0_wd_0_t67.5",
    "t_tot_center": 67.5,
    "best_t_tot": 66.2500061818389,
    "best_amp": 10.592874151390477,
    "best_w_d": 0.0031399932610570065,
    "best_value": 0.48327323603545275,
    "optimization_time": 955.3715405464172,
    "regime_bounds": {
        "amp": {
            "lower": 8.0,
            "upper": 10.666666666666666
        },
        "w_d": {
            "lower": 0.0028,
            "upper": 0.00314
        },
        "t_tot": {
            "lower": 66.25,
            "upper": 68.75
        }
    }
}