{
    "regime": "amp_5_wd_1_t77.5",
    "t_tot_center": 77.5,
    "best_t_tot": 77.47852203486417,
    "best_amp": 21.463823832422534,
    "best_w_d": 0.0034701457548102998,
    "best_value": 0.01817262839353439,
    "optimization_time": 1185.345097064972,
    "regime_bounds": {
        "amp": {
            "lower": 21.333333333333332,
            "upper": 24.0
        },
        "w_d": {
            "lower": 0.00314,
            "upper": 0.0034799999999999996
        },
        "t_tot": {
            "lower": 76.25,
            "upper": 78.75
        }
    }
}