{
    "regime": "amp_4_wd_0_t75.0",
    "t_tot_center": 75.0,
    "best_t_tot": 74.61598972363488,
    "best_amp": 19.732494213741905,
    "best_w_d": 0.003115943991065907,
    "best_value": 0.01913319347830228,
    "optimization_time": 1655.2561905384064,
    "regime_bounds": {
        "amp": {
            "lower": 18.666666666666664,
            "upper": 21.333333333333332
        },
        "w_d": {
            "lower": 0.0028,
            "upper": 0.00314
        },
        "t_tot": {
            "lower": 73.75,
            "upper": 76.25
        }
    }
}