{
    "regime": "amp_4_wd_0_t57.5",
    "t_tot_center": 57.5,
    "best_t_tot": 57.1552255529498,
    "best_amp": 18.753803132801796,
    "best_w_d": 0.002921546913243763,
    "best_value": 0.001287260676424816,
    "optimization_time": 2638.313127756119,
    "regime_bounds": {
        "amp": {
            "lower": 18.666666666666664,
            "upper": 21.333333333333332
        },
        "w_d": {
            "lower": 0.0028,
            "upper": 0.00314
        },
        "t_tot": {
            "lower": 56.25,
            "upper": 58.75
        }
    }
}