{
    "regime": "amp_3_wd_1_t75.0",
    "t_tot_center": 75.0,
    "best_t_tot": 74.87751175987472,
    "best_amp": 18.57912396147902,
    "best_w_d": 0.0034546161033729306,
    "best_value": 0.03906377825241619,
    "optimization_time": 1165.4516036510468,
    "regime_bounds": {
        "amp": {
            "lower": 16.0,
            "upper": 18.666666666666664
        },
        "w_d": {
            "lower": 0.00314,
            "upper": 0.0034799999999999996
        },
        "t_tot": {
            "lower": 73.75,
            "upper": 76.25
        }
    }
}