{
    "regime": "amp_1_wd_4_t65.0",
    "t_tot_center": 65.0,
    "best_t_tot": 64.06425646848665,
    "best_amp": 12.752950109213419,
    "best_w_d": 0.004213473036127057,
    "best_value": 0.24720651962780923,
    "optimization_time": 3268.5216867923737,
    "regime_bounds": {
        "amp": {
            "lower": 10.666666666666666,
            "upper": 13.333333333333332
        },
        "w_d": {
            "lower": 0.00416,
            "upper": 0.0045
        },
        "t_tot": {
            "lower": 63.75,
            "upper": 66.25
        }
    }
}