{
    "regime": "amp_3_wd_2_t115.0",
    "t_tot_center": 115.0,
    "best_t_tot": 113.7500012687151,
    "best_amp": 16.661135705981014,
    "best_w_d": 0.0034800134643606247,
    "best_value": 1.1119445103815884,
    "optimization_time": 2191.345734357834,
    "regime_bounds": {
        "amp": {
            "lower": 16.0,
            "upper": 18.666666666666664
        },
        "w_d": {
            "lower": 0.0034799999999999996,
            "upper": 0.0038199999999999996
        },
        "t_tot": {
            "lower": 113.75,
            "upper": 116.25
        }
    }
}