{
    "regime": "amp_5_wd_1_t82.5",
    "t_tot_center": 82.5,
    "best_t_tot": 82.23872571043188,
    "best_amp": 21.359278642807602,
    "best_w_d": 0.003468617377974797,
    "best_value": 0.04647743846365186,
    "optimization_time": 1340.4030709266663,
    "regime_bounds": {
        "amp": {
            "lower": 21.333333333333332,
            "upper": 24.0
        },
        "w_d": {
            "lower": 0.00314,
            "upper": 0.0034799999999999996
        },
        "t_tot": {
            "lower": 81.25,
            "upper": 83.75
        }
    }
}