{
    "regime": "amp_1_wd_0_t110.0",
    "t_tot_center": 110.0,
    "best_t_tot": 111.24999999253473,
    "best_amp": 11.119715889834268,
    "best_w_d": 0.0031399999999725666,
    "best_value": 1.8000152513975327,
    "optimization_time": 4100.7395622730255,
    "regime_bounds": {
        "amp": {
            "lower": 10.666666666666666,
            "upper": 13.333333333333332
        },
        "w_d": {
            "lower": 0.0028,
            "upper": 0.00314
        },
        "t_tot": {
            "lower": 108.75,
            "upper": 111.25
        }
    }
}