{
    "regime": "amp_3_wd_1_t97.5",
    "t_tot_center": 97.5,
    "best_t_tot": 97.01636554320092,
    "best_amp": 18.054154348150988,
    "best_w_d": 0.0033030379905728408,
    "best_value": 0.509319765309821,
    "optimization_time": 1622.9757325649261,
    "regime_bounds": {
        "amp": {
            "lower": 16.0,
            "upper": 18.666666666666664
        },
        "w_d": {
            "lower": 0.00314,
            "upper": 0.0034799999999999996
        },
        "t_tot": {
            "lower": 96.25,
            "upper": 98.75
        }
    }
}