{
    "regime": "amp_5_wd_4_t105.0",
    "t_tot_center": 105.0,
    "best_t_tot": 105.0005504061164,
    "best_amp": 21.92917725915128,
    "best_w_d": 0.004198226040293787,
    "best_value": 0.03190393984307499,
    "optimization_time": 2832.486355304718,
    "regime_bounds": {
        "amp": {
            "lower": 21.333333333333332,
            "upper": 24.0
        },
        "w_d": {
            "lower": 0.00416,
            "upper": 0.0045
        },
        "t_tot": {
            "lower": 103.75,
            "upper": 106.25
        }
    }
}