{
    "regime": "amp_0_wd_2_t75.0",
    "t_tot_center": 75.0,
    "best_t_tot": 73.75000000000405,
    "best_amp": 10.61817151373666,
    "best_w_d": 0.0038199999999985264,
    "best_value": 1.1637165960773703,
    "optimization_time": 984.4340722560883,
    "regime_bounds": {
        "amp": {
            "lower": 8.0,
            "upper": 10.666666666666666
        },
        "w_d": {
            "lower": 0.0034799999999999996,
            "upper": 0.0038199999999999996
        },
        "t_tot": {
            "lower": 73.75,
            "upper": 76.25
        }
    }
}