{
    "regime": "amp_0_wd_2_t120.0",
    "t_tot_center": 120.0,
    "best_t_tot": 118.75000008819417,
    "best_amp": 10.666666660116123,
    "best_w_d": 0.003480000010928408,
    "best_value": 1.7622864846765784,
    "optimization_time": 3647.374048233032,
    "regime_bounds": {
        "amp": {
            "lower": 8.0,
            "upper": 10.666666666666666
        },
        "w_d": {
            "lower": 0.0034799999999999996,
            "upper": 0.0038199999999999996
        },
        "t_tot": {
            "lower": 118.75,
            "upper": 121.25
        }
    }
}