{
    "regime": "amp_4_wd_3_t70.0",
    "t_tot_center": 70.0,
    "best_t_tot": 69.91656985202809,
    "best_amp": 19.95844492841613,
    "best_w_d": 0.004118055869779452,
    "best_value": 0.01997952228396118,
    "optimization_time": 782.3321776390076,
    "regime_bounds": {
        "amp": {
            "lower": 18.666666666666664,
            "upper": 21.333333333333332
        },
        "w_d": {
            "lower": 0.0038199999999999996,
            "upper": 0.00416
        },
        "t_tot": {
            "lower": 68.75,
            "upper": 71.25
        }
    }
}