{
    "regime": "amp_2_wd_0_t52.5",
    "t_tot_center": 52.5,
    "best_t_tot": 51.69743902663039,
    "best_amp": 13.932317353882524,
    "best_w_d": 0.0030466527944218026,
    "best_value": 0.004562931016655629,
    "optimization_time": 1348.5083591938019,
    "regime_bounds": {
        "amp": {
            "lower": 13.333333333333332,
            "upper": 16.0
        },
        "w_d": {
            "lower": 0.0028,
            "upper": 0.00314
        },
        "t_tot": {
            "lower": 51.25,
            "upper": 53.75
        }
    }
}