{
    "regime": "amp_1_wd_3_t75.0",
    "t_tot_center": 75.0,
    "best_t_tot": 73.75000094835761,
    "best_amp": 13.117026582687876,
    "best_w_d": 0.004097154781146092,
    "best_value": 0.5417043561851349,
    "optimization_time": 1012.0212335586548,
    "regime_bounds": {
        "amp": {
            "lower": 10.666666666666666,
            "upper": 13.333333333333332
        },
        "w_d": {
            "lower": 0.0038199999999999996,
            "upper": 0.00416
        },
        "t_tot": {
            "lower": 73.75,
            "upper": 76.25
        }
    }
}