{
    "regime": "amp_2_wd_3_t77.5",
    "t_tot_center": 77.5,
    "best_t_tot": 76.2500175610883,
    "best_amp": 15.567673795575892,
    "best_w_d": 0.004131453019390574,
    "best_value": 0.33828092109143126,
    "optimization_time": 829.21502161026,
    "regime_bounds": {
        "amp": {
            "lower": 13.333333333333332,
            "upper": 16.0
        },
        "w_d": {
            "lower": 0.0038199999999999996,
            "upper": 0.00416
        },
        "t_tot": {
            "lower": 76.25,
            "upper": 78.75
        }
    }
}