{
    "regime": "amp_2_wd_2_t85.0",
    "t_tot_center": 85.0,
    "best_t_tot": 83.75000614124235,
    "best_amp": 15.760415875761405,
    "best_w_d": 0.003805296946340783,
    "best_value": 0.48114351368666386,
    "optimization_time": 717.4376096725464,
    "regime_bounds": {
        "amp": {
            "lower": 13.333333333333332,
            "upper": 16.0
        },
        "w_d": {
            "lower": 0.0034799999999999996,
            "upper": 0.0038199999999999996
        },
        "t_tot": {
            "lower": 83.75,
            "upper": 86.25
        }
    }
}