{
    "regime": "amp_4_wd_2_t100.0",
    "t_tot_center": 100.0,
    "best_t_tot": 100.2817599135841,
    "best_amp": 19.04839908256543,
    "best_w_d": 0.0035321638589179537,
    "best_value": 0.3379655397622827,
    "optimization_time": 1355.1876995563507,
    "regime_bounds": {
        "amp": {
            "lower": 18.666666666666664,
            "upper": 21.333333333333332
        },
        "w_d": {
            "lower": 0.0034799999999999996,
            "upper": 0.0038199999999999996
        },
        "t_tot": {
            "lower": 98.75,
            "upper": 101.25
        }
    }
}