{
    "regime": "amp_0_wd_3_t87.5",
    "t_tot_center": 87.5,
    "best_t_tot": 88.74999999998622,
    "best_amp": 10.061841361718276,
    "best_w_d": 0.004159999999999811,
    "best_value": 1.6790175050462042,
    "optimization_time": 1272.541887998581,
    "regime_bounds": {
        "amp": {
            "lower": 8.0,
            "upper": 10.666666666666666
        },
        "w_d": {
            "lower": 0.0038199999999999996,
            "upper": 0.00416
        },
        "t_tot": {
            "lower": 86.25,
            "upper": 88.75
        }
    }
}