{
    "regime": "amp_2_wd_2_t67.5",
    "t_tot_center": 67.5,
    "best_t_tot": 67.2213758628543,
    "best_amp": 15.6768285031135,
    "best_w_d": 0.0038169990132986705,
    "best_value": 0.06326077394449703,
    "optimization_time": 4786.771242380142,
    "regime_bounds": {
        "amp": {
            "lower": 13.333333333333332,
            "upper": 16.0
        },
        "w_d": {
            "lower": 0.0034799999999999996,
            "upper": 0.0038199999999999996
        },
        "t_tot": {
            "lower": 66.25,
            "upper": 68.75
        }
    }
}