{
    "regime": "amp_1_wd_0_t80.0",
    "t_tot_center": 80.0,
    "best_t_tot": 79.02420801677331,
    "best_amp": 13.15822381555619,
    "best_w_d": 0.003139986336300997,
    "best_value": 0.3668769623287168,
    "optimization_time": 716.2818019390106,
    "regime_bounds": {
        "amp": {
            "lower": 10.666666666666666,
            "upper": 13.333333333333332
        },
        "w_d": {
            "lower": 0.0028,
            "upper": 0.00314
        },
        "t_tot": {
            "lower": 78.75,
            "upper": 81.25
        }
    }
}