{
    "regime": "amp_5_wd_3_t90.0",
    "t_tot_center": 90.0,
    "best_t_tot": 89.89043918976976,
    "best_amp": 21.75101719455977,
    "best_w_d": 0.004036258579055261,
    "best_value": 0.05657804398876334,
    "optimization_time": 1624.1987454891205,
    "regime_bounds": {
        "amp": {
            "lower": 21.333333333333332,
            "upper": 24.0
        },
        "w_d": {
            "lower": 0.0038199999999999996,
            "upper": 0.00416
        },
        "t_tot": {
            "lower": 88.75,
            "upper": 91.25
        }
    }
}