{
    "regime": "amp_0_wd_3_t77.5",
    "t_tot_center": 77.5,
    "best_t_tot": 76.25000001231996,
    "best_amp": 8.590281267834571,
    "best_w_d": 0.003820000003843095,
    "best_value": 1.5437750105120727,
    "optimization_time": 698.1725270748138,
    "regime_bounds": {
        "amp": {
            "lower": 8.0,
            "upper": 10.666666666666666
        },
        "w_d": {
            "lower": 0.0038199999999999996,
            "upper": 0.00416
        },
        "t_tot": {
            "lower": 76.25,
            "upper": 78.75
        }
    }
}