{
    "regime": "amp_0_wd_3_t75.0",
    "t_tot_center": 75.0,
    "best_t_tot": 73.75003400166726,
    "best_amp": 8.454602040943428,
    "best_w_d": 0.0038299065992969897,
    "best_value": 1.5146452578131044,
    "optimization_time": 612.1132569313049,
    "regime_bounds": {
        "amp": {
            "lower": 8.0,
            "upper": 10.666666666666666
        },
        "w_d": {
            "lower": 0.0038199999999999996,
            "upper": 0.00416
        },
        "t_tot": {
            "lower": 73.75,
            "upper": 76.25
        }
    }
}