{
    "regime": "amp_0_wd_4_t52.5",
    "t_tot_center": 52.5,
    "best_t_tot": 51.250044983151255,
    "best_amp": 10.308532405826156,
    "best_w_d": 0.004279629307399707,
    "best_value": 0.28492323638699535,
    "optimization_time": 535.9258933067322,
    "regime_bounds": {
        "amp": {
            "lower": 8.0,
            "upper": 10.666666666666666
        },
        "w_d": {
            "lower": 0.00416,
            "upper": 0.0045
        },
        "t_tot": {
            "lower": 51.25,
            "upper": 53.75
        }
    }
}