{
    "regime": "amp_1_wd_2_t112.5",
    "t_tot_center": 112.5,
    "best_t_tot": 111.25000000055235,
    "best_amp": 11.28299940463617,
    "best_w_d": 0.003645506492050479,
    "best_value": 1.5947643161857852,
    "optimization_time": 1528.8925170898438,
    "regime_bounds": {
        "amp": {
            "lower": 10.666666666666666,
            "upper": 13.333333333333332
        },
        "w_d": {
            "lower": 0.0034799999999999996,
            "upper": 0.0038199999999999996
        },
        "t_tot": {
            "lower": 111.25,
            "upper": 113.75
        }
    }
}