{
    "regime": "amp_3_wd_3_t80.0",
    "t_tot_center": 80.0,
    "best_t_tot": 79.50976111775198,
    "best_amp": 16.618585983857095,
    "best_w_d": 0.004094445692387669,
    "best_value": 0.3629180396280435,
    "optimization_time": 833.9983403682709,
    "regime_bounds": {
        "amp": {
            "lower": 16.0,
            "upper": 18.666666666666664
        },
        "w_d": {
            "lower": 0.0038199999999999996,
            "upper": 0.00416
        },
        "t_tot": {
            "lower": 78.75,
            "upper": 81.25
        }
    }
}