{
    "regime": "amp_5_wd_2_t87.5",
    "t_tot_center": 87.5,
    "best_t_tot": 87.24632657918828,
    "best_amp": 21.808945743241818,
    "best_w_d": 0.0038199988369545237,
    "best_value": 0.15600384358039115,
    "optimization_time": 1331.0146646499634,
    "regime_bounds": {
        "amp": {
            "lower": 21.333333333333332,
            "upper": 24.0
        },
        "w_d": {
            "lower": 0.0034799999999999996,
            "upper": 0.0038199999999999996
        },
        "t_tot": {
            "lower": 86.25,
            "upper": 88.75
        }
    }
}