{
    "regime": "amp_4_wd_3_t105.0",
    "t_tot_center": 105.0,
    "best_t_tot": 105.17434671941542,
    "best_amp": 21.318526247537,
    "best_w_d": 0.004041998915261293,
    "best_value": 0.0847436224039131,
    "optimization_time": 1389.1788070201874,
    "regime_bounds": {
        "amp": {
            "lower": 18.666666666666664,
            "upper": 21.333333333333332
        },
        "w_d": {
            "lower": 0.0038199999999999996,
            "upper": 0.00416
        },
        "t_tot": {
            "lower": 103.75,
            "upper": 106.25
        }
    }
}