{
    "regime": "amp_5_wd_4_t62.5",
    "t_tot_center": 62.5,
    "best_t_tot": 62.637615676950404,
    "best_amp": 21.647137384891092,
    "best_w_d": 0.004200257387034302,
    "best_value": 0.00010290455435752171,
    "optimization_time": 1168.9824855327606,
    "regime_bounds": {
        "amp": {
            "lower": 21.333333333333332,
            "upper": 24.0
        },
        "w_d": {
            "lower": 0.00416,
            "upper": 0.0045
        },
        "t_tot": {
            "lower": 61.25,
            "upper": 63.75
        }
    }
}