{
    "regime": "amp_2_wd_3_t107.5",
    "t_tot_center": 107.5,
    "best_t_tot": 106.25000000346898,
    "best_amp": 15.461244361900153,
    "best_w_d": 0.0038200000169135353,
    "best_value": 1.4196764751629487,
    "optimization_time": 3704.7174615859985,
    "regime_bounds": {
        "amp": {
            "lower": 13.333333333333332,
            "upper": 16.0
        },
        "w_d": {
            "lower": 0.0038199999999999996,
            "upper": 0.00416
        },
        "t_tot": {
            "lower": 106.25,
            "upper": 108.75
        }
    }
}