{
    "regime": "amp_0_wd_1_t80.0",
    "t_tot_center": 80.0,
    "best_t_tot": 78.75137359583998,
    "best_amp": 10.576582055219363,
    "best_w_d": 0.003258056076215361,
    "best_value": 1.070971900577429,
    "optimization_time": 1631.8272585868835,
    "regime_bounds": {
        "amp": {
            "lower": 8.0,
            "upper": 10.666666666666666
        },
        "w_d": {
            "lower": 0.00314,
            "upper": 0.0034799999999999996
        },
        "t_tot": {
            "lower": 78.75,
            "upper": 81.25
        }
    }
}