{
    "regime": "amp_1_wd_0_t92.5",
    "t_tot_center": 92.5,
    "best_t_tot": 91.27039519138867,
    "best_amp": 13.32842605211297,
    "best_w_d": 0.002823965965999242,
    "best_value": 0.5813141468223821,
    "optimization_time": 1139.303894996643,
    "regime_bounds": {
        "amp": {
            "lower": 10.666666666666666,
            "upper": 13.333333333333332
        },
        "w_d": {
            "lower": 0.0028,
            "upper": 0.00314
        },
        "t_tot": {
            "lower": 91.25,
            "upper": 93.75
        }
    }
}