{
    "regime": "amp_4_wd_4_t107.5",
    "t_tot_center": 107.5,
    "best_t_tot": 106.84910359622799,
    "best_amp": 19.345726506096927,
    "best_w_d": 0.004239032723251762,
    "best_value": 0.283246650710496,
    "optimization_time": 2167.5012090206146,
    "regime_bounds": {
        "amp": {
            "lower": 18.666666666666664,
            "upper": 21.333333333333332
        },
        "w_d": {
            "lower": 0.00416,
            "upper": 0.0045
        },
        "t_tot": {
            "lower": 106.25,
            "upper": 108.75
        }
    }
}