{
    "regime": "amp_0_wd_3_t70.0",
    "t_tot_center": 70.0,
    "best_t_tot": 68.75000000019024,
    "best_amp": 10.666666666626826,
    "best_w_d": 0.004069058436254708,
    "best_value": 0.9953097331704805,
    "optimization_time": 963.6169028282166,
    "regime_bounds": {
        "amp": {
            "lower": 8.0,
            "upper": 10.666666666666666
        },
        "w_d": {
            "lower": 0.0038199999999999996,
            "upper": 0.00416
        },
        "t_tot": {
            "lower": 68.75,
            "upper": 71.25
        }
    }
}