{
    "regime": "amp_4_wd_0_t112.5",
    "t_tot_center": 112.5,
    "best_t_tot": 112.91555196453638,
    "best_amp": 19.273608216016633,
    "best_w_d": 0.0031399778500216255,
    "best_value": 0.4751195207633616,
    "optimization_time": 1714.0391945838928,
    "regime_bounds": {
        "amp": {
            "lower": 18.666666666666664,
            "upper": 21.333333333333332
        },
        "w_d": {
            "lower": 0.0028,
            "upper": 0.00314
        },
        "t_tot": {
            "lower": 111.25,
            "upper": 113.75
        }
    }
}