{
    "regime": "amp_5_wd_0_t107.5",
    "t_tot_center": 107.5,
    "best_t_tot": 107.3794624761975,
    "best_amp": 21.483536244331788,
    "best_w_d": 0.003139996844046111,
    "best_value": 0.38970273104141784,
    "optimization_time": 1360.0831146240234,
    "regime_bounds": {
        "amp": {
            "lower": 21.333333333333332,
            "upper": 24.0
        },
        "w_d": {
            "lower": 0.0028,
            "upper": 0.00314
        },
        "t_tot": {
            "lower": 106.25,
            "upper": 108.75
        }
    }
}