{
    "regime": "amp_3_wd_4_t90.0",
    "t_tot_center": 90.0,
    "best_t_tot": 89.24022966127654,
    "best_amp": 16.88009398217635,
    "best_w_d": 0.004227996109403509,
    "best_value": 0.3466952666707525,
    "optimization_time": 1631.7512290477753,
    "regime_bounds": {
        "amp": {
            "lower": 16.0,
            "upper": 18.666666666666664
        },
        "w_d": {
            "lower": 0.00416,
            "upper": 0.0045
        },
        "t_tot": {
            "lower": 88.75,
            "upper": 91.25
        }
    }
}