{
    "regime": "amp_3_wd_4_t95.0",
    "t_tot_center": 95.0,
    "best_t_tot": 94.34956242859093,
    "best_amp": 16.00001648929959,
    "best_w_d": 0.004195199687054004,
    "best_value": 0.8316308103528482,
    "optimization_time": 1816.3683626651764,
    "regime_bounds": {
        "amp": {
            "lower": 16.0,
            "upper": 18.666666666666664
        },
        "w_d": {
            "lower": 0.00416,
            "upper": 0.0045
        },
        "t_tot": {
            "lower": 93.75,
            "upper": 96.25
        }
    }
}