{
    "regime": "amp_3_wd_0_t107.5",
    "t_tot_center": 107.5,
    "best_t_tot": 107.10170539946152,
    "best_amp": 18.64697963021573,
    "best_w_d": 0.003057098693414044,
    "best_value": 0.6828647741446334,
    "optimization_time": 1805.4576711654663,
    "regime_bounds": {
        "amp": {
            "lower": 16.0,
            "upper": 18.666666666666664
        },
        "w_d": {
            "lower": 0.0028,
            "upper": 0.00314
        },
        "t_tot": {
            "lower": 106.25,
            "upper": 108.75
        }
    }
}