{
    "regime": "amp_3_wd_4_t112.5",
    "t_tot_center": 112.5,
    "best_t_tot": 111.2500000185516,
    "best_amp": 17.12301244674403,
    "best_w_d": 0.0042304929053382885,
    "best_value": 0.9201231646490331,
    "optimization_time": 1941.7506790161133,
    "regime_bounds": {
        "amp": {
            "lower": 16.0,
            "upper": 18.666666666666664
        },
        "w_d": {
            "lower": 0.00416,
            "upper": 0.0045
        },
        "t_tot": {
            "lower": 111.25,
            "upper": 113.75
        }
    }
}