{
    "regime": "amp_0_wd_3_t115.0",
    "t_tot_center": 115.0,
    "best_t_tot": 116.24999999998268,
    "best_amp": 9.918029116018207,
    "best_w_d": 0.003971374032277039,
    "best_value": 1.7010522337079235,
    "optimization_time": 1623.4425370693207,
    "regime_bounds": {
        "amp": {
            "lower": 8.0,
            "upper": 10.666666666666666
        },
        "w_d": {
            "lower": 0.0038199999999999996,
            "upper": 0.00416
        },
        "t_tot": {
            "lower": 113.75,
            "upper": 116.25
        }
    }
}