{
    "regime": "amp_1_wd_4_t55.0",
    "t_tot_center": 55.0,
    "best_t_tot": 53.94962082277186,
    "best_amp": 12.269829355440834,
    "best_w_d": 0.0042193509895779475,
    "best_value": 0.0903904884929472,
    "optimization_time": 788.943478345871,
    "regime_bounds": {
        "amp": {
            "lower": 10.666666666666666,
            "upper": 13.333333333333332
        },
        "w_d": {
            "lower": 0.00416,
            "upper": 0.0045
        },
        "t_tot": {
            "lower": 53.75,
            "upper": 56.25
        }
    }
}