{
    "regime": "amp_3_wd_3_t92.5",
    "t_tot_center": 92.5,
    "best_t_tot": 91.36662242589969,
    "best_amp": 16.399650364442657,
    "best_w_d": 0.004146764367501855,
    "best_value": 0.4513797802615997,
    "optimization_time": 1974.7268271446228,
    "regime_bounds": {
        "amp": {
            "lower": 16.0,
            "upper": 18.666666666666664
        },
        "w_d": {
            "lower": 0.0038199999999999996,
            "upper": 0.00416
        },
        "t_tot": {
            "lower": 91.25,
            "upper": 93.75
        }
    }
}