{
    "regime": "amp_0_wd_1_t110.0",
    "t_tot_center": 110.0,
    "best_t_tot": 111.24999999961841,
    "best_amp": 10.565369518825907,
    "best_w_d": 0.003479999999993003,
    "best_value": 1.738535272967581,
    "optimization_time": 1875.4743192195892,
    "regime_bounds": {
        "amp": {
            "lower": 8.0,
            "upper": 10.666666666666666
        },
        "w_d": {
            "lower": 0.00314,
            "upper": 0.0034799999999999996
        },
        "t_tot": {
            "lower": 108.75,
            "upper": 111.25
        }
    }
}