{
    "regime": "amp_5_wd_0_t50.0",
    "t_tot_center": 50.0,
    "best_t_tot": 49.85190450955981,
    "best_amp": 21.52736508619048,
    "best_w_d": 0.0031082782285052576,
    "best_value": 0.02090284391871417,
    "optimization_time": 2558.0927407741547,
    "regime_bounds": {
        "amp": {
            "lower": 21.333333333333332,
            "upper": 24.0
        },
        "w_d": {
            "lower": 0.0028,
            "upper": 0.00314
        },
        "t_tot": {
            "lower": 48.75,
            "upper": 51.25
        }
    }
}