{
    "regime": "amp_3_wd_0_t117.5",
    "t_tot_center": 117.5,
    "best_t_tot": 118.08323589784554,
    "best_amp": 16.85533599583737,
    "best_w_d": 0.0031399919838073914,
    "best_value": 0.7847245464800909,
    "optimization_time": 1466.2164952754974,
    "regime_bounds": {
        "amp": {
            "lower": 16.0,
            "upper": 18.666666666666664
        },
        "w_d": {
            "lower": 0.0028,
            "upper": 0.00314
        },
        "t_tot": {
            "lower": 116.25,
            "upper": 118.75
        }
    }
}