{
    "regime": "amp_2_wd_0_t112.5",
    "t_tot_center": 112.5,
    "best_t_tot": 111.25020356137836,
    "best_amp": 15.603480039124316,
    "best_w_d": 0.0028063636443616145,
    "best_value": 0.9763212480252786,
    "optimization_time": 1113.5943443775177,
    "regime_bounds": {
        "amp": {
            "lower": 13.333333333333332,
            "upper": 16.0
        },
        "w_d": {
            "lower": 0.0028,
            "upper": 0.00314
        },
        "t_tot": {
            "lower": 111.25,
            "upper": 113.75
        }
    }
}