{
    "regime": "amp_4_wd_1_t50.0",
    "t_tot_center": 50.0,
    "best_t_tot": 50.34960182378499,
    "best_amp": 18.734291750420276,
    "best_w_d": 0.003462044211872305,
    "best_value": 0.008288362027828775,
    "optimization_time": 1322.9751987457275,
    "regime_bounds": {
        "amp": {
            "lower": 18.666666666666664,
            "upper": 21.333333333333332
        },
        "w_d": {
            "lower": 0.00314,
            "upper": 0.0034799999999999996
        },
        "t_tot": {
            "lower": 48.75,
            "upper": 51.25
        }
    }
}