{
    "regime": "amp_1_wd_3_t57.5",
    "t_tot_center": 57.5,
    "best_t_tot": 56.25000516156702,
    "best_amp": 13.223125832249726,
    "best_w_d": 0.0038563257832502046,
    "best_value": 0.05253005963372992,
    "optimization_time": 511.5687701702118,
    "regime_bounds": {
        "amp": {
            "lower": 10.666666666666666,
            "upper": 13.333333333333332
        },
        "w_d": {
            "lower": 0.0038199999999999996,
            "upper": 0.00416
        },
        "t_tot": {
            "lower": 56.25,
            "upper": 58.75
        }
    }
}