{
    "regime": "amp_3_wd_0_t75.0",
    "t_tot_center": 75.0,
    "best_t_tot": 75.06253520467297,
    "best_amp": 18.639773805742823,
    "best_w_d": 0.0031298395035053985,
    "best_value": 0.03306259074468619,
    "optimization_time": 819.4666264057159,
    "regime_bounds": {
        "amp": {
            "lower": 16.0,
            "upper": 18.666666666666664
        },
        "w_d": {
            "lower": 0.0028,
            "upper": 0.00314
        },
        "t_tot": {
            "lower": 73.75,
            "upper": 76.25
        }
    }
}