{
    "regime": "amp_1_wd_0_t120.0",
    "t_tot_center": 120.0,
    "best_t_tot": 121.24999999848083,
    "best_amp": 12.733601296890543,
    "best_w_d": 0.003139999999644681,
    "best_value": 1.7601194735683556,
    "optimization_time": 2961.6046981811523,
    "regime_bounds": {
        "amp": {
            "lower": 10.666666666666666,
            "upper": 13.333333333333332
        },
        "w_d": {
            "lower": 0.0028,
            "upper": 0.00314
        },
        "t_tot": {
            "lower": 118.75,
            "upper": 121.25
        }
    }
}