{
    "regime": "amp_5_wd_4_t112.5",
    "t_tot_center": 112.5,
    "best_t_tot": 111.80485297703375,
    "best_amp": 21.844061067293385,
    "best_w_d": 0.0042460860192425395,
    "best_value": 0.29056880765042686,
    "optimization_time": 1228.121713399887,
    "regime_bounds": {
        "amp": {
            "lower": 21.333333333333332,
            "upper": 24.0
        },
        "w_d": {
            "lower": 0.00416,
            "upper": 0.0045
        },
        "t_tot": {
            "lower": 111.25,
            "upper": 113.75
        }
    }
}