{
    "regime": "amp_0_wd_2_t97.5",
    "t_tot_center": 97.5,
    "best_t_tot": 96.27950478488926,
    "best_amp": 10.666666662902134,
    "best_w_d": 0.0034800000000342586,
    "best_value": 1.935978692634241,
    "optimization_time": 976.1753096580505,
    "regime_bounds": {
        "amp": {
            "lower": 8.0,
            "upper": 10.666666666666666
        },
        "w_d": {
            "lower": 0.0034799999999999996,
            "upper": 0.0038199999999999996
        },
        "t_tot": {
            "lower": 96.25,
            "upper": 98.75
        }
    }
}