{
    "regime": "amp_4_wd_1_t75.0",
    "t_tot_center": 75.0,
    "best_t_tot": 74.67672286523147,
    "best_amp": 20.514763104435392,
    "best_w_d": 0.0034098000746067194,
    "best_value": 0.015650459065893556,
    "optimization_time": 1552.1561303138733,
    "regime_bounds": {
        "amp": {
            "lower": 18.666666666666664,
            "upper": 21.333333333333332
        },
        "w_d": {
            "lower": 0.00314,
            "upper": 0.0034799999999999996
        },
        "t_tot": {
            "lower": 73.75,
            "upper": 76.25
        }
    }
}