{
    "regime": "amp_2_wd_0_t95.0",
    "t_tot_center": 95.0,
    "best_t_tot": 94.38325952190978,
    "best_amp": 15.841336994988396,
    "best_w_d": 0.0031090262133687398,
    "best_value": 0.44711389239866617,
    "optimization_time": 1689.1883330345154,
    "regime_bounds": {
        "amp": {
            "lower": 13.333333333333332,
            "upper": 16.0
        },
        "w_d": {
            "lower": 0.0028,
            "upper": 0.00314
        },
        "t_tot": {
            "lower": 93.75,
            "upper": 96.25
        }
    }
}