{
    "regime": "amp_2_wd_1_t65.0",
    "t_tot_center": 65.0,
    "best_t_tot": 63.750002664360096,
    "best_amp": 14.676180025670563,
    "best_w_d": 0.003162682874889063,
    "best_value": 0.04268596431647334,
    "optimization_time": 964.6673731803894,
    "regime_bounds": {
        "amp": {
            "lower": 13.333333333333332,
            "upper": 16.0
        },
        "w_d": {
            "lower": 0.00314,
            "upper": 0.0034799999999999996
        },
        "t_tot": {
            "lower": 63.75,
            "upper": 66.25
        }
    }
}