{
    "regime": "amp_3_wd_0_t120.0",
    "t_tot_center": 120.0,
    "best_t_tot": 120.13827575717153,
    "best_amp": 16.713233579649025,
    "best_w_d": 0.003127957937572562,
    "best_value": 0.8375303417002462,
    "optimization_time": 1465.9160470962524,
    "regime_bounds": {
        "amp": {
            "lower": 16.0,
            "upper": 18.666666666666664
        },
        "w_d": {
            "lower": 0.0028,
            "upper": 0.00314
        },
        "t_tot": {
            "lower": 118.75,
            "upper": 121.25
        }
    }
}