{
    "regime": "amp_0_wd_0_t82.5",
    "t_tot_center": 82.5,
    "best_t_tot": 81.42977282597622,
    "best_amp": 10.505854687649178,
    "best_w_d": 0.0031398128679880123,
    "best_value": 1.1536007392006222,
    "optimization_time": 1172.5846908092499,
    "regime_bounds": {
        "amp": {
            "lower": 8.0,
            "upper": 10.666666666666666
        },
        "w_d": {
            "lower": 0.0028,
            "upper": 0.00314
        },
        "t_tot": {
            "lower": 81.25,
            "upper": 83.75
        }
    }
}