{
    "regime": "amp_5_wd_2_t105.0",
    "t_tot_center": 105.0,
    "best_t_tot": 104.62868692712958,
    "best_amp": 21.66653618215538,
    "best_w_d": 0.0034804855342873992,
    "best_value": 0.14238637622385059,
    "optimization_time": 1531.6341285705566,
    "regime_bounds": {
        "amp": {
            "lower": 21.333333333333332,
            "upper": 24.0
        },
        "w_d": {
            "lower": 0.0034799999999999996,
            "upper": 0.0038199999999999996
        },
        "t_tot": {
            "lower": 103.75,
            "upper": 106.25
        }
    }
}