{
    "regime": "amp_4_wd_3_t50.0",
    "t_tot_center": 50.0,
    "best_t_tot": 51.24999376533818,
    "best_amp": 18.784558787183567,
    "best_w_d": 0.003870597191930234,
    "best_value": 0.005394016200131338,
    "optimization_time": 1654.7383534908295,
    "regime_bounds": {
        "amp": {
            "lower": 18.666666666666664,
            "upper": 21.333333333333332
        },
        "w_d": {
            "lower": 0.0038199999999999996,
            "upper": 0.00416
        },
        "t_tot": {
            "lower": 48.75,
            "upper": 51.25
        }
    }
}