{
    "regime": "amp_1_wd_0_t52.5",
    "t_tot_center": 52.5,
    "best_t_tot": 51.25000013507385,
    "best_amp": 13.319985189066886,
    "best_w_d": 0.0029593090038527183,
    "best_value": 0.007093546105239672,
    "optimization_time": 773.4939649105072,
    "regime_bounds": {
        "amp": {
            "lower": 10.666666666666666,
            "upper": 13.333333333333332
        },
        "w_d": {
            "lower": 0.0028,
            "upper": 0.00314
        },
        "t_tot": {
            "lower": 51.25,
            "upper": 53.75
        }
    }
}