{
    "regime": "amp_0_wd_1_t107.5",
    "t_tot_center": 107.5,
    "best_t_tot": 108.74999999284779,
    "best_amp": 8.000000000108173,
    "best_w_d": 0.003448425221081385,
    "best_value": 1.620476167351427,
    "optimization_time": 2783.55721616745,
    "regime_bounds": {
        "amp": {
            "lower": 8.0,
            "upper": 10.666666666666666
        },
        "w_d": {
            "lower": 0.00314,
            "upper": 0.0034799999999999996
        },
        "t_tot": {
            "lower": 106.25,
            "upper": 108.75
        }
    }
}