{
    "regime": "amp_3_wd_4_t72.5",
    "t_tot_center": 72.5,
    "best_t_tot": 71.74657869847799,
    "best_amp": 18.505525342249072,
    "best_w_d": 0.0042396604557867435,
    "best_value": 0.07803620687510882,
    "optimization_time": 1316.3505742549896,
    "regime_bounds": {
        "amp": {
            "lower": 16.0,
            "upper": 18.666666666666664
        },
        "w_d": {
            "lower": 0.00416,
            "upper": 0.0045
        },
        "t_tot": {
            "lower": 71.25,
            "upper": 73.75
        }
    }
}