{
    "regime": "amp_3_wd_1_t107.5",
    "t_tot_center": 107.5,
    "best_t_tot": 107.99743233412092,
    "best_amp": 17.106034583758138,
    "best_w_d": 0.0034257874198323525,
    "best_value": 0.577393478218587,
    "optimization_time": 1069.4116201400757,
    "regime_bounds": {
        "amp": {
            "lower": 16.0,
            "upper": 18.666666666666664
        },
        "w_d": {
            "lower": 0.00314,
            "upper": 0.0034799999999999996
        },
        "t_tot": {
            "lower": 106.25,
            "upper": 108.75
        }
    }
}