{
    "regime": "amp_3_wd_1_t117.5",
    "t_tot_center": 117.5,
    "best_t_tot": 117.15799947031269,
    "best_amp": 18.557357426098026,
    "best_w_d": 0.0031810425494016134,
    "best_value": 0.5003058453210687,
    "optimization_time": 1958.304046869278,
    "regime_bounds": {
        "amp": {
            "lower": 16.0,
            "upper": 18.666666666666664
        },
        "w_d": {
            "lower": 0.00314,
            "upper": 0.0034799999999999996
        },
        "t_tot": {
            "lower": 116.25,
            "upper": 118.75
        }
    }
}