{
    "regime": "amp_2_wd_2_t87.5",
    "t_tot_center": 87.5,
    "best_t_tot": 86.25001761308724,
    "best_amp": 13.985220054069142,
    "best_w_d": 0.003619280873698418,
    "best_value": 0.739651771862849,
    "optimization_time": 1480.5359101295471,
    "regime_bounds": {
        "amp": {
            "lower": 13.333333333333332,
            "upper": 16.0
        },
        "w_d": {
            "lower": 0.0034799999999999996,
            "upper": 0.0038199999999999996
        },
        "t_tot": {
            "lower": 86.25,
            "upper": 88.75
        }
    }
}