{
    "regime": "amp_3_wd_3_t105.0",
    "t_tot_center": 105.0,
    "best_t_tot": 104.91542930653604,
    "best_amp": 18.666654520776408,
    "best_w_d": 0.003844330409674062,
    "best_value": 0.7240309896539172,
    "optimization_time": 1677.4478514194489,
    "regime_bounds": {
        "amp": {
            "lower": 16.0,
            "upper": 18.666666666666664
        },
        "w_d": {
            "lower": 0.0038199999999999996,
            "upper": 0.00416
        },
        "t_tot": {
            "lower": 103.75,
            "upper": 106.25
        }
    }
}