{
    "regime": "amp_3_wd_4_t117.5",
    "t_tot_center": 117.5,
    "best_t_tot": 116.25000000105744,
    "best_amp": 17.023333869719064,
    "best_w_d": 0.004160000000014337,
    "best_value": 1.3868520122279184,
    "optimization_time": 1726.8701674938202,
    "regime_bounds": {
        "amp": {
            "lower": 16.0,
            "upper": 18.666666666666664
        },
        "w_d": {
            "lower": 0.00416,
            "upper": 0.0045
        },
        "t_tot": {
            "lower": 116.25,
            "upper": 118.75
        }
    }
}