{
    "regime": "amp_2_wd_2_t77.5",
    "t_tot_center": 77.5,
    "best_t_tot": 76.96794360133238,
    "best_amp": 15.704600963601411,
    "best_w_d": 0.0037698982318816847,
    "best_value": 0.20143489766177294,
    "optimization_time": 685.936811208725,
    "regime_bounds": {
        "amp": {
            "lower": 13.333333333333332,
            "upper": 16.0
        },
        "w_d": {
            "lower": 0.0034799999999999996,
            "upper": 0.0038199999999999996
        },
        "t_tot": {
            "lower": 76.25,
            "upper": 78.75
        }
    }
}