{
    "regime": "amp_5_wd_4_t102.5",
    "t_tot_center": 102.5,
    "best_t_tot": 102.59215025847935,
    "best_amp": 21.552420368525986,
    "best_w_d": 0.004223948089780712,
    "best_value": 0.0539927718621673,
    "optimization_time": 1278.7001717090607,
    "regime_bounds": {
        "amp": {
            "lower": 21.333333333333332,
            "upper": 24.0
        },
        "w_d": {
            "lower": 0.00416,
            "upper": 0.0045
        },
        "t_tot": {
            "lower": 101.25,
            "upper": 103.75
        }
    }
}