{
    "regime": "amp_3_wd_2_t90.0",
    "t_tot_center": 90.0,
    "best_t_tot": 89.4754620841261,
    "best_amp": 16.646676324029684,
    "best_w_d": 0.0038199975723974475,
    "best_value": 0.5848309559811313,
    "optimization_time": 1227.8058032989502,
    "regime_bounds": {
        "amp": {
            "lower": 16.0,
            "upper": 18.666666666666664
        },
        "w_d": {
            "lower": 0.0034799999999999996,
            "upper": 0.0038199999999999996
        },
        "t_tot": {
            "lower": 88.75,
            "upper": 91.25
        }
    }
}