{
    "regime": "amp_5_wd_3_t80.0",
    "t_tot_center": 80.0,
    "best_t_tot": 80.27100590532733,
    "best_amp": 21.638822986641166,
    "best_w_d": 0.004154294469716864,
    "best_value": 0.10121989631355224,
    "optimization_time": 1438.6950273513794,
    "regime_bounds": {
        "amp": {
            "lower": 21.333333333333332,
            "upper": 24.0
        },
        "w_d": {
            "lower": 0.0038199999999999996,
            "upper": 0.00416
        },
        "t_tot": {
            "lower": 78.75,
            "upper": 81.25
        }
    }
}