{
    "regime": "amp_0_wd_1_t115.0",
    "t_tot_center": 115.0,
    "best_t_tot": 114.3972179147259,
    "best_amp": 10.666651087977485,
    "best_w_d": 0.0034798429443383774,
    "best_value": 1.6857442136958678,
    "optimization_time": 2652.400604248047,
    "regime_bounds": {
        "amp": {
            "lower": 8.0,
            "upper": 10.666666666666666
        },
        "w_d": {
            "lower": 0.00314,
            "upper": 0.0034799999999999996
        },
        "t_tot": {
            "lower": 113.75,
            "upper": 116.25
        }
    }
}