{
    "regime": "amp_4_wd_0_t90.0",
    "t_tot_center": 90.0,
    "best_t_tot": 89.39685845751359,
    "best_amp": 18.89563965801799,
    "best_w_d": 0.0030377871516488303,
    "best_value": 0.12510992494229217,
    "optimization_time": 1945.4055972099304,
    "regime_bounds": {
        "amp": {
            "lower": 18.666666666666664,
            "upper": 21.333333333333332
        },
        "w_d": {
            "lower": 0.0028,
            "upper": 0.00314
        },
        "t_tot": {
            "lower": 88.75,
            "upper": 91.25
        }
    }
}