{
    "regime": "amp_3_wd_1_t60.0",
    "t_tot_center": 60.0,
    "best_t_tot": 58.75000545671514,
    "best_amp": 16.720397215783017,
    "best_w_d": 0.0032006633490996787,
    "best_value": 0.0024721616178638678,
    "optimization_time": 2364.7344992160797,
    "regime_bounds": {
        "amp": {
            "lower": 16.0,
            "upper": 18.666666666666664
        },
        "w_d": {
            "lower": 0.00314,
            "upper": 0.0034799999999999996
        },
        "t_tot": {
            "lower": 58.75,
            "upper": 61.25
        }
    }
}