{
    "regime": "amp_0_wd_4_t55.0",
    "t_tot_center": 55.0,
    "best_t_tot": 53.75017344972202,
    "best_amp": 10.58006052205814,
    "best_w_d": 0.004355602988160519,
    "best_value": 0.3292280966878699,
    "optimization_time": 2316.3767924308777,
    "regime_bounds": {
        "amp": {
            "lower": 8.0,
            "upper": 10.666666666666666
        },
        "w_d": {
            "lower": 0.00416,
            "upper": 0.0045
        },
        "t_tot": {
            "lower": 53.75,
            "upper": 56.25
        }
    }
}