{
    "regime": "amp_2_wd_3_t90.0",
    "t_tot_center": 90.0,
    "best_t_tot": 91.24999905042087,
    "best_amp": 14.596246505809662,
    "best_w_d": 0.004159999976060241,
    "best_value": 0.8867860510918999,
    "optimization_time": 1069.1177115440369,
    "regime_bounds": {
        "amp": {
            "lower": 13.333333333333332,
            "upper": 16.0
        },
        "w_d": {
            "lower": 0.0038199999999999996,
            "upper": 0.00416
        },
        "t_tot": {
            "lower": 88.75,
            "upper": 91.25
        }
    }
}