{
    "regime": "amp_1_wd_3_t62.5",
    "t_tot_center": 62.5,
    "best_t_tot": 61.38325949515786,
    "best_amp": 12.901231761322357,
    "best_w_d": 0.0038513764248798103,
    "best_value": 0.13136784346613067,
    "optimization_time": 904.413003206253,
    "regime_bounds": {
        "amp": {
            "lower": 10.666666666666666,
            "upper": 13.333333333333332
        },
        "w_d": {
            "lower": 0.0038199999999999996,
            "upper": 0.00416
        },
        "t_tot": {
            "lower": 61.25,
            "upper": 63.75
        }
    }
}