{
    "regime": "amp_3_wd_4_t52.5",
    "t_tot_center": 52.5,
    "best_t_tot": 52.474344724931115,
    "best_amp": 16.27691620503504,
    "best_w_d": 0.004184234307761522,
    "best_value": 0.0003341475992640812,
    "optimization_time": 953.402811050415,
    "regime_bounds": {
        "amp": {
            "lower": 16.0,
            "upper": 18.666666666666664
        },
        "w_d": {
            "lower": 0.00416,
            "upper": 0.0045
        },
        "t_tot": {
            "lower": 51.25,
            "upper": 53.75
        }
    }
}