{
    "regime": "amp_3_wd_1_t120.0",
    "t_tot_center": 120.0,
    "best_t_tot": 120.3974102750944,
    "best_amp": 18.6666662348764,
    "best_w_d": 0.0034799819220518156,
    "best_value": 0.692479436452019,
    "optimization_time": 1621.9229192733765,
    "regime_bounds": {
        "amp": {
            "lower": 16.0,
            "upper": 18.666666666666664
        },
        "w_d": {
            "lower": 0.00314,
            "upper": 0.0034799999999999996
        },
        "t_tot": {
            "lower": 118.75,
            "upper": 121.25
        }
    }
}