{
    "regime": "amp_3_wd_2_t55.0",
    "t_tot_center": 55.0,
    "best_t_tot": 55.1063308599497,
    "best_amp": 16.829897854920176,
    "best_w_d": 0.0036225309409495094,
    "best_value": 0.00022962264313623488,
    "optimization_time": 1353.2147979736328,
    "regime_bounds": {
        "amp": {
            "lower": 16.0,
            "upper": 18.666666666666664
        },
        "w_d": {
            "lower": 0.0034799999999999996,
            "upper": 0.0038199999999999996
        },
        "t_tot": {
            "lower": 53.75,
            "upper": 56.25
        }
    }
}