{
    "regime": "amp_4_wd_4_t70.0",
    "t_tot_center": 70.0,
    "best_t_tot": 69.83062790069027,
    "best_amp": 19.576929560950813,
    "best_w_d": 0.0042921168938889025,
    "best_value": 0.03754672016229333,
    "optimization_time": 2720.419010400772,
    "regime_bounds": {
        "amp": {
            "lower": 18.666666666666664,
            "upper": 21.333333333333332
        },
        "w_d": {
            "lower": 0.00416,
            "upper": 0.0045
        },
        "t_tot": {
            "lower": 68.75,
            "upper": 71.25
        }
    }
}