{
    "regime": "amp_1_wd_2_t100.0",
    "t_tot_center": 100.0,
    "best_t_tot": 98.75000044050273,
    "best_amp": 13.333333319711391,
    "best_w_d": 0.0035829161980085074,
    "best_value": 1.5923709696420714,
    "optimization_time": 1850.847333908081,
    "regime_bounds": {
        "amp": {
            "lower": 10.666666666666666,
            "upper": 13.333333333333332
        },
        "w_d": {
            "lower": 0.0034799999999999996,
            "upper": 0.0038199999999999996
        },
        "t_tot": {
            "lower": 98.75,
            "upper": 101.25
        }
    }
}