{
    "regime": "amp_5_wd_2_t57.5",
    "t_tot_center": 57.5,
    "best_t_tot": 57.372452208242464,
    "best_amp": 21.598412301702215,
    "best_w_d": 0.0035055527752332312,
    "best_value": 0.003223814078941351,
    "optimization_time": 1740.917895078659,
    "regime_bounds": {
        "amp": {
            "lower": 21.333333333333332,
            "upper": 24.0
        },
        "w_d": {
            "lower": 0.0034799999999999996,
            "upper": 0.0038199999999999996
        },
        "t_tot": {
            "lower": 56.25,
            "upper": 58.75
        }
    }
}