{
    "regime": "amp_0_wd_0_t62.5",
    "t_tot_center": 62.5,
    "best_t_tot": 61.2500014438923,
    "best_amp": 10.587796497261344,
    "best_w_d": 0.0029993749954438337,
    "best_value": 0.3052459830253359,
    "optimization_time": 819.9929106235504,
    "regime_bounds": {
        "amp": {
            "lower": 8.0,
            "upper": 10.666666666666666
        },
        "w_d": {
            "lower": 0.0028,
            "upper": 0.00314
        },
        "t_tot": {
            "lower": 61.25,
            "upper": 63.75
        }
    }
}