{
    "regime": "amp_5_wd_4_t120.0",
    "t_tot_center": 120.0,
    "best_t_tot": 119.9736385230666,
    "best_amp": 21.648984649363673,
    "best_w_d": 0.004263533022803307,
    "best_value": 0.2818945388192351,
    "optimization_time": 1200.04225730896,
    "regime_bounds": {
        "amp": {
            "lower": 21.333333333333332,
            "upper": 24.0
        },
        "w_d": {
            "lower": 0.00416,
            "upper": 0.0045
        },
        "t_tot": {
            "lower": 118.75,
            "upper": 121.25
        }
    }
}