{
    "regime": "amp_0_wd_3_t110.0",
    "t_tot_center": 110.0,
    "best_t_tot": 108.75000000000637,
    "best_amp": 10.666666666665837,
    "best_w_d": 0.0038200000000000443,
    "best_value": 1.7865505739883019,
    "optimization_time": 3688.7379841804504,
    "regime_bounds": {
        "amp": {
            "lower": 8.0,
            "upper": 10.666666666666666
        },
        "w_d": {
            "lower": 0.0038199999999999996,
            "upper": 0.00416
        },
        "t_tot": {
            "lower": 108.75,
            "upper": 111.25
        }
    }
}