{
    "regime": "amp_5_wd_2_t82.5",
    "t_tot_center": 82.5,
    "best_t_tot": 82.39602644435962,
    "best_amp": 21.522871010162223,
    "best_w_d": 0.003785956111946152,
    "best_value": 0.10921668928902459,
    "optimization_time": 1330.8267619609833,
    "regime_bounds": {
        "amp": {
            "lower": 21.333333333333332,
            "upper": 24.0
        },
        "w_d": {
            "lower": 0.0034799999999999996,
            "upper": 0.0038199999999999996
        },
        "t_tot": {
            "lower": 81.25,
            "upper": 83.75
        }
    }
}