{
    "regime": "amp_2_wd_4_t97.5",
    "t_tot_center": 97.5,
    "best_t_tot": 96.25000031387559,
    "best_amp": 15.41771857255286,
    "best_w_d": 0.004160000015191574,
    "best_value": 1.0939073960089225,
    "optimization_time": 2809.3595521450043,
    "regime_bounds": {
        "amp": {
            "lower": 13.333333333333332,
            "upper": 16.0
        },
        "w_d": {
            "lower": 0.00416,
            "upper": 0.0045
        },
        "t_tot": {
            "lower": 96.25,
            "upper": 98.75
        }
    }
}