{
    "regime": "amp_4_wd_1_t72.5",
    "t_tot_center": 72.5,
    "best_t_tot": 72.42059947885438,
    "best_amp": 19.23641057395435,
    "best_w_d": 0.003451379728103838,
    "best_value": 0.020005079945534576,
    "optimization_time": 1937.5099279880524,
    "regime_bounds": {
        "amp": {
            "lower": 18.666666666666664,
            "upper": 21.333333333333332
        },
        "w_d": {
            "lower": 0.00314,
            "upper": 0.0034799999999999996
        },
        "t_tot": {
            "lower": 71.25,
            "upper": 73.75
        }
    }
}