{
    "regime": "amp_2_wd_1_t107.5",
    "t_tot_center": 107.5,
    "best_t_tot": 107.26309233378396,
    "best_amp": 15.999999173446518,
    "best_w_d": 0.0034537928185042885,
    "best_value": 0.8064793271626272,
    "optimization_time": 1912.5806176662445,
    "regime_bounds": {
        "amp": {
            "lower": 13.333333333333332,
            "upper": 16.0
        },
        "w_d": {
            "lower": 0.00314,
            "upper": 0.0034799999999999996
        },
        "t_tot": {
            "lower": 106.25,
            "upper": 108.75
        }
    }
}