{
    "regime": "amp_1_wd_1_t67.5",
    "t_tot_center": 67.5,
    "best_t_tot": 66.40305739023404,
    "best_amp": 13.324943210521923,
    "best_w_d": 0.00343737008765269,
    "best_value": 0.144422518076812,
    "optimization_time": 676.2544882297516,
    "regime_bounds": {
        "amp": {
            "lower": 10.666666666666666,
            "upper": 13.333333333333332
        },
        "w_d": {
            "lower": 0.00314,
            "upper": 0.0034799999999999996
        },
        "t_tot": {
            "lower": 66.25,
            "upper": 68.75
        }
    }
}