{
    "regime": "amp_3_wd_2_t60.0",
    "t_tot_center": 60.0,
    "best_t_tot": 59.92420273553025,
    "best_amp": 16.317239617606507,
    "best_w_d": 0.0035474612093456996,
    "best_value": 0.008994715624812182,
    "optimization_time": 3683.096519947052,
    "regime_bounds": {
        "amp": {
            "lower": 16.0,
            "upper": 18.666666666666664
        },
        "w_d": {
            "lower": 0.0034799999999999996,
            "upper": 0.0038199999999999996
        },
        "t_tot": {
            "lower": 58.75,
            "upper": 61.25
        }
    }
}