{
    "regime": "amp_3_wd_2_t65.0",
    "t_tot_center": 65.0,
    "best_t_tot": 64.47466977392993,
    "best_amp": 16.86634577067327,
    "best_w_d": 0.003495885120799,
    "best_value": 0.01742545473271508,
    "optimization_time": 1152.2464411258698,
    "regime_bounds": {
        "amp": {
            "lower": 16.0,
            "upper": 18.666666666666664
        },
        "w_d": {
            "lower": 0.0034799999999999996,
            "upper": 0.0038199999999999996
        },
        "t_tot": {
            "lower": 63.75,
            "upper": 66.25
        }
    }
}