{
    "regime": "amp_4_wd_4_t75.0",
    "t_tot_center": 75.0,
    "best_t_tot": 74.47571676153281,
    "best_amp": 19.48590802819145,
    "best_w_d": 0.00429199271195581,
    "best_value": 0.11641700573929281,
    "optimization_time": 1311.0314934253693,
    "regime_bounds": {
        "amp": {
            "lower": 18.666666666666664,
            "upper": 21.333333333333332
        },
        "w_d": {
            "lower": 0.00416,
            "upper": 0.0045
        },
        "t_tot": {
            "lower": 73.75,
            "upper": 76.25
        }
    }
}