{
    "regime": "amp_4_wd_1_t90.0",
    "t_tot_center": 90.0,
    "best_t_tot": 89.21845350205489,
    "best_amp": 18.886437912913284,
    "best_w_d": 0.003471748023816961,
    "best_value": 0.2586695388033479,
    "optimization_time": 1474.204496383667,
    "regime_bounds": {
        "amp": {
            "lower": 18.666666666666664,
            "upper": 21.333333333333332
        },
        "w_d": {
            "lower": 0.00314,
            "upper": 0.0034799999999999996
        },
        "t_tot": {
            "lower": 88.75,
            "upper": 91.25
        }
    }
}