{
    "regime": "amp_0_wd_4_t110.0",
    "t_tot_center": 110.0,
    "best_t_tot": 110.94949186380785,
    "best_amp": 9.9232556902682,
    "best_w_d": 0.0041639691263378594,
    "best_value": 1.721871613186858,
    "optimization_time": 1354.0951571464539,
    "regime_bounds": {
        "amp": {
            "lower": 8.0,
            "upper": 10.666666666666666
        },
        "w_d": {
            "lower": 0.00416,
            "upper": 0.0045
        },
        "t_tot": {
            "lower": 108.75,
            "upper": 111.25
        }
    }
}