{
    "regime": "amp_4_wd_2_t60.0",
    "t_tot_center": 60.0,
    "best_t_tot": 59.88691481471133,
    "best_amp": 18.997243276002678,
    "best_w_d": 0.0035084232842240146,
    "best_value": 3.198893937515182e-05,
    "optimization_time": 701.5821208953857,
    "regime_bounds": {
        "amp": {
            "lower": 18.666666666666664,
            "upper": 21.333333333333332
        },
        "w_d": {
            "lower": 0.0034799999999999996,
            "upper": 0.0038199999999999996
        },
        "t_tot": {
            "lower": 58.75,
            "upper": 61.25
        }
    }
}