{
    "regime": "amp_1_wd_1_t115.0",
    "t_tot_center": 115.0,
    "best_t_tot": 116.24999998938787,
    "best_amp": 11.17445138548502,
    "best_w_d": 0.003479999999995908,
    "best_value": 1.6230124647164823,
    "optimization_time": 1533.2918124198914,
    "regime_bounds": {
        "amp": {
            "lower": 10.666666666666666,
            "upper": 13.333333333333332
        },
        "w_d": {
            "lower": 0.00314,
            "upper": 0.0034799999999999996
        },
        "t_tot": {
            "lower": 113.75,
            "upper": 116.25
        }
    }
}