{
    "regime": "amp_4_wd_0_t117.5",
    "t_tot_center": 117.5,
    "best_t_tot": 117.51506006259409,
    "best_amp": 18.897836336083753,
    "best_w_d": 0.0031399996222522372,
    "best_value": 0.4564368142386153,
    "optimization_time": 1252.9913091659546,
    "regime_bounds": {
        "amp": {
            "lower": 18.666666666666664,
            "upper": 21.333333333333332
        },
        "w_d": {
            "lower": 0.0028,
            "upper": 0.00314
        },
        "t_tot": {
            "lower": 116.25,
            "upper": 118.75
        }
    }
}