{
    "regime": "amp_2_wd_3_t70.0",
    "t_tot_center": 70.0,
    "best_t_tot": 69.97352782343305,
    "best_amp": 15.929582112790076,
    "best_w_d": 0.0040953136226754795,
    "best_value": 0.10840553026613647,
    "optimization_time": 2036.4716453552246,
    "regime_bounds": {
        "amp": {
            "lower": 13.333333333333332,
            "upper": 16.0
        },
        "w_d": {
            "lower": 0.0038199999999999996,
            "upper": 0.00416
        },
        "t_tot": {
            "lower": 68.75,
            "upper": 71.25
        }
    }
}