{
    "regime": "amp_4_wd_1_t57.5",
    "t_tot_center": 57.5,
    "best_t_tot": 57.93133921682591,
    "best_amp": 18.851201657453906,
    "best_w_d": 0.003179534480821728,
    "best_value": 0.0004919483117900975,
    "optimization_time": 1530.0241248607635,
    "regime_bounds": {
        "amp": {
            "lower": 18.666666666666664,
            "upper": 21.333333333333332
        },
        "w_d": {
            "lower": 0.00314,
            "upper": 0.0034799999999999996
        },
        "t_tot": {
            "lower": 56.25,
            "upper": 58.75
        }
    }
}