{
    "regime": "amp_0_wd_0_t115.0",
    "t_tot_center": 115.0,
    "best_t_tot": 116.24999999967994,
    "best_amp": 10.666666666607119,
    "best_w_d": 0.0029652833970815924,
    "best_value": 1.8102660407038123,
    "optimization_time": 1216.1245291233063,
    "regime_bounds": {
        "amp": {
            "lower": 8.0,
            "upper": 10.666666666666666
        },
        "w_d": {
            "lower": 0.0028,
            "upper": 0.00314
        },
        "t_tot": {
            "lower": 113.75,
            "upper": 116.25
        }
    }
}