{
    "regime": "amp_4_wd_3_t117.5",
    "t_tot_center": 117.5,
    "best_t_tot": 116.4555876128414,
    "best_amp": 19.03728696758209,
    "best_w_d": 0.0038812611870314533,
    "best_value": 0.5011772872924067,
    "optimization_time": 2733.344546318054,
    "regime_bounds": {
        "amp": {
            "lower": 18.666666666666664,
            "upper": 21.333333333333332
        },
        "w_d": {
            "lower": 0.0038199999999999996,
            "upper": 0.00416
        },
        "t_tot": {
            "lower": 116.25,
            "upper": 118.75
        }
    }
}