{
    "regime": "amp_4_wd_2_t75.0",
    "t_tot_center": 75.0,
    "best_t_tot": 74.91802154777425,
    "best_amp": 19.75922222551082,
    "best_w_d": 0.003796404453842772,
    "best_value": 0.0368960263144691,
    "optimization_time": 2913.565102338791,
    "regime_bounds": {
        "amp": {
            "lower": 18.666666666666664,
            "upper": 21.333333333333332
        },
        "w_d": {
            "lower": 0.0034799999999999996,
            "upper": 0.0038199999999999996
        },
        "t_tot": {
            "lower": 73.75,
            "upper": 76.25
        }
    }
}