{
    "regime": "amp_0_wd_0_t105.0",
    "t_tot_center": 105.0,
    "best_t_tot": 103.75000000672016,
    "best_amp": 10.023330199009202,
    "best_w_d": 0.0028000000003049236,
    "best_value": 1.7616707820493924,
    "optimization_time": 1019.3316562175751,
    "regime_bounds": {
        "amp": {
            "lower": 8.0,
            "upper": 10.666666666666666
        },
        "w_d": {
            "lower": 0.0028,
            "upper": 0.00314
        },
        "t_tot": {
            "lower": 103.75,
            "upper": 106.25
        }
    }
}