{
    "regime": "amp_5_wd_1_t55.0",
    "t_tot_center": 55.0,
    "best_t_tot": 55.15849949763731,
    "best_amp": 21.344107129497363,
    "best_w_d": 0.0034799990879273686,
    "best_value": 0.008194941280873412,
    "optimization_time": 2484.408962249756,
    "regime_bounds": {
        "amp": {
            "lower": 21.333333333333332,
            "upper": 24.0
        },
        "w_d": {
            "lower": 0.00314,
            "upper": 0.0034799999999999996
        },
        "t_tot": {
            "lower": 53.75,
            "upper": 56.25
        }
    }
}