{
    "regime": "amp_5_wd_1_t87.5",
    "t_tot_center": 87.5,
    "best_t_tot": 87.07526790847197,
    "best_amp": 21.43779405608675,
    "best_w_d": 0.0034475308731617476,
    "best_value": 0.10589870177491938,
    "optimization_time": 878.3733959197998,
    "regime_bounds": {
        "amp": {
            "lower": 21.333333333333332,
            "upper": 24.0
        },
        "w_d": {
            "lower": 0.00314,
            "upper": 0.0034799999999999996
        },
        "t_tot": {
            "lower": 86.25,
            "upper": 88.75
        }
    }
}