{
    "regime": "amp_2_wd_4_t92.5",
    "t_tot_center": 92.5,
    "best_t_tot": 91.25000000656509,
    "best_amp": 14.09623142515041,
    "best_w_d": 0.004286827824187855,
    "best_value": 1.1392223544558884,
    "optimization_time": 2463.9689004421234,
    "regime_bounds": {
        "amp": {
            "lower": 13.333333333333332,
            "upper": 16.0
        },
        "w_d": {
            "lower": 0.00416,
            "upper": 0.0045
        },
        "t_tot": {
            "lower": 91.25,
            "upper": 93.75
        }
    }
}