{
    "regime": "amp_1_wd_2_t95.0",
    "t_tot_center": 95.0,
    "best_t_tot": 93.75000013180498,
    "best_amp": 13.333333332496734,
    "best_w_d": 0.003744695651184861,
    "best_value": 1.4891216799919484,
    "optimization_time": 2726.333961725235,
    "regime_bounds": {
        "amp": {
            "lower": 10.666666666666666,
            "upper": 13.333333333333332
        },
        "w_d": {
            "lower": 0.0034799999999999996,
            "upper": 0.0038199999999999996
        },
        "t_tot": {
            "lower": 93.75,
            "upper": 96.25
        }
    }
}