{
    "regime": "amp_3_wd_3_t77.5",
    "t_tot_center": 77.5,
    "best_t_tot": 76.81019975063528,
    "best_amp": 16.373881605241383,
    "best_w_d": 0.004137987930267962,
    "best_value": 0.2944209006368372,
    "optimization_time": 1294.1435780525208,
    "regime_bounds": {
        "amp": {
            "lower": 16.0,
            "upper": 18.666666666666664
        },
        "w_d": {
            "lower": 0.0038199999999999996,
            "upper": 0.00416
        },
        "t_tot": {
            "lower": 76.25,
            "upper": 78.75
        }
    }
}