{
    "regime": "amp_5_wd_2_t80.0",
    "t_tot_center": 80.0,
    "best_t_tot": 79.5080501229681,
    "best_amp": 22.249964447765056,
    "best_w_d": 0.0037831176936245266,
    "best_value": 0.04895045463906807,
    "optimization_time": 1243.9698276519775,
    "regime_bounds": {
        "amp": {
            "lower": 21.333333333333332,
            "upper": 24.0
        },
        "w_d": {
            "lower": 0.0034799999999999996,
            "upper": 0.0038199999999999996
        },
        "t_tot": {
            "lower": 78.75,
            "upper": 81.25
        }
    }
}