{
    "regime": "amp_4_wd_1_t62.5",
    "t_tot_center": 62.5,
    "best_t_tot": 61.42976799416947,
    "best_amp": 19.137759369832875,
    "best_w_d": 0.0031436190676113543,
    "best_value": 6.230311066055447e-05,
    "optimization_time": 1482.2455711364746,
    "regime_bounds": {
        "amp": {
            "lower": 18.666666666666664,
            "upper": 21.333333333333332
        },
        "w_d": {
            "lower": 0.00314,
            "upper": 0.0034799999999999996
        },
        "t_tot": {
            "lower": 61.25,
            "upper": 63.75
        }
    }
}