{
    "regime": "amp_1_wd_1_t75.0",
    "t_tot_center": 75.0,
    "best_t_tot": 74.5879002780704,
    "best_amp": 13.11279004535312,
    "best_w_d": 0.0034799943663817944,
    "best_value": 0.33175562061038827,
    "optimization_time": 3362.2409093379974,
    "regime_bounds": {
        "amp": {
            "lower": 10.666666666666666,
            "upper": 13.333333333333332
        },
        "w_d": {
            "lower": 0.00314,
            "upper": 0.0034799999999999996
        },
        "t_tot": {
            "lower": 73.75,
            "upper": 76.25
        }
    }
}