{
    "regime": "amp_2_wd_2_t115.0",
    "t_tot_center": 115.0,
    "best_t_tot": 113.75000000548889,
    "best_amp": 13.711133586073254,
    "best_w_d": 0.0034800000004490653,
    "best_value": 1.6007326426885022,
    "optimization_time": 4720.439291238785,
    "regime_bounds": {
        "amp": {
            "lower": 13.333333333333332,
            "upper": 16.0
        },
        "w_d": {
            "lower": 0.0034799999999999996,
            "upper": 0.0038199999999999996
        },
        "t_tot": {
            "lower": 113.75,
            "upper": 116.25
        }
    }
}