{
    "regime": "amp_4_wd_3_t92.5",
    "t_tot_center": 92.5,
    "best_t_tot": 92.12592777471683,
    "best_amp": 18.688839450524146,
    "best_w_d": 0.004063188025594546,
    "best_value": 0.17715153212161,
    "optimization_time": 1593.419563293457,
    "regime_bounds": {
        "amp": {
            "lower": 18.666666666666664,
            "upper": 21.333333333333332
        },
        "w_d": {
            "lower": 0.0038199999999999996,
            "upper": 0.00416
        },
        "t_tot": {
            "lower": 91.25,
            "upper": 93.75
        }
    }
}