{
    "regime": "amp_2_wd_2_t52.5",
    "t_tot_center": 52.5,
    "best_t_tot": 51.25000086744699,
    "best_amp": 13.577698578562273,
    "best_w_d": 0.0036195996676056004,
    "best_value": 0.0060532525839345885,
    "optimization_time": 643.7042362689972,
    "regime_bounds": {
        "amp": {
            "lower": 13.333333333333332,
            "upper": 16.0
        },
        "w_d": {
            "lower": 0.0034799999999999996,
            "upper": 0.0038199999999999996
        },
        "t_tot": {
            "lower": 51.25,
            "upper": 53.75
        }
    }
}