{
    "regime": "amp_3_wd_2_t75.0",
    "t_tot_center": 75.0,
    "best_t_tot": 74.72279697485645,
    "best_amp": 18.54199988874667,
    "best_w_d": 0.0038075015267293255,
    "best_value": 0.056999305732841905,
    "optimization_time": 1530.7813973426819,
    "regime_bounds": {
        "amp": {
            "lower": 16.0,
            "upper": 18.666666666666664
        },
        "w_d": {
            "lower": 0.0034799999999999996,
            "upper": 0.0038199999999999996
        },
        "t_tot": {
            "lower": 73.75,
            "upper": 76.25
        }
    }
}