{
    "regime": "amp_2_wd_0_t97.5",
    "t_tot_center": 97.5,
    "best_t_tot": 96.58685212812401,
    "best_amp": 15.796532302666098,
    "best_w_d": 0.003104087977636065,
    "best_value": 0.5362807162956258,
    "optimization_time": 2926.5741608142853,
    "regime_bounds": {
        "amp": {
            "lower": 13.333333333333332,
            "upper": 16.0
        },
        "w_d": {
            "lower": 0.0028,
            "upper": 0.00314
        },
        "t_tot": {
            "lower": 96.25,
            "upper": 98.75
        }
    }
}