{
    "regime": "amp_5_wd_2_t117.5",
    "t_tot_center": 117.5,
    "best_t_tot": 118.12226451101205,
    "best_amp": 21.811571165860663,
    "best_w_d": 0.0035448678795432812,
    "best_value": 0.13047750987876477,
    "optimization_time": 1397.3276493549347,
    "regime_bounds": {
        "amp": {
            "lower": 21.333333333333332,
            "upper": 24.0
        },
        "w_d": {
            "lower": 0.0034799999999999996,
            "upper": 0.0038199999999999996
        },
        "t_tot": {
            "lower": 116.25,
            "upper": 118.75
        }
    }
}