{
    "regime": "amp_3_wd_2_t62.5",
    "t_tot_center": 62.5,
    "best_t_tot": 62.13926235863469,
    "best_amp": 16.049228961937246,
    "best_w_d": 0.00349644509146168,
    "best_value": 0.01827618165946714,
    "optimization_time": 1108.5603575706482,
    "regime_bounds": {
        "amp": {
            "lower": 16.0,
            "upper": 18.666666666666664
        },
        "w_d": {
            "lower": 0.0034799999999999996,
            "upper": 0.0038199999999999996
        },
        "t_tot": {
            "lower": 61.25,
            "upper": 63.75
        }
    }
}