{
    "regime": "amp_2_wd_0_t117.5",
    "t_tot_center": 117.5,
    "best_t_tot": 117.44241617847916,
    "best_amp": 15.999978801826673,
    "best_w_d": 0.003129523548019069,
    "best_value": 1.017262333087325,
    "optimization_time": 1522.9654121398926,
    "regime_bounds": {
        "amp": {
            "lower": 13.333333333333332,
            "upper": 16.0
        },
        "w_d": {
            "lower": 0.0028,
            "upper": 0.00314
        },
        "t_tot": {
            "lower": 116.25,
            "upper": 118.75
        }
    }
}