{
    "regime": "amp_4_wd_4_t57.5",
    "t_tot_center": 57.5,
    "best_t_tot": 57.62793924905591,
    "best_amp": 18.85322625635958,
    "best_w_d": 0.004202407477753787,
    "best_value": 4.766064281750272e-06,
    "optimization_time": 1098.068174123764,
    "regime_bounds": {
        "amp": {
            "lower": 18.666666666666664,
            "upper": 21.333333333333332
        },
        "w_d": {
            "lower": 0.00416,
            "upper": 0.0045
        },
        "t_tot": {
            "lower": 56.25,
            "upper": 58.75
        }
    }
}