{
    "regime": "amp_5_wd_2_t50.0",
    "t_tot_center": 50.0,
    "best_t_tot": 49.816905154064976,
    "best_amp": 21.366234686886802,
    "best_w_d": 0.003593580510769806,
    "best_value": 0.018191154052583328,
    "optimization_time": 1069.8153154850006,
    "regime_bounds": {
        "amp": {
            "lower": 21.333333333333332,
            "upper": 24.0
        },
        "w_d": {
            "lower": 0.0034799999999999996,
            "upper": 0.0038199999999999996
        },
        "t_tot": {
            "lower": 48.75,
            "upper": 51.25
        }
    }
}