{
    "regime": "amp_3_wd_1_t72.5",
    "t_tot_center": 72.5,
    "best_t_tot": 72.19079977016719,
    "best_amp": 18.449907948622833,
    "best_w_d": 0.0034799997278391844,
    "best_value": 0.028453632069827213,
    "optimization_time": 1104.3676569461823,
    "regime_bounds": {
        "amp": {
            "lower": 16.0,
            "upper": 18.666666666666664
        },
        "w_d": {
            "lower": 0.00314,
            "upper": 0.0034799999999999996
        },
        "t_tot": {
            "lower": 71.25,
            "upper": 73.75
        }
    }
}