{
    "regime": "amp_1_wd_1_t112.5",
    "t_tot_center": 112.5,
    "best_t_tot": 113.74999999992934,
    "best_amp": 10.945906670210567,
    "best_w_d": 0.003479999999999213,
    "best_value": 1.6638484602666772,
    "optimization_time": 1426.2894756793976,
    "regime_bounds": {
        "amp": {
            "lower": 10.666666666666666,
            "upper": 13.333333333333332
        },
        "w_d": {
            "lower": 0.00314,
            "upper": 0.0034799999999999996
        },
        "t_tot": {
            "lower": 111.25,
            "upper": 113.75
        }
    }
}