{
    "regime": "amp_5_wd_1_t107.5",
    "t_tot_center": 107.5,
    "best_t_tot": 107.36179988350843,
    "best_amp": 21.91832071623522,
    "best_w_d": 0.0034131900389863783,
    "best_value": 0.1626476497524057,
    "optimization_time": 1397.8509085178375,
    "regime_bounds": {
        "amp": {
            "lower": 21.333333333333332,
            "upper": 24.0
        },
        "w_d": {
            "lower": 0.00314,
            "upper": 0.0034799999999999996
        },
        "t_tot": {
            "lower": 106.25,
            "upper": 108.75
        }
    }
}