{
    "regime": "amp_4_wd_2_t112.5",
    "t_tot_center": 112.5,
    "best_t_tot": 113.6831596555545,
    "best_amp": 20.25533427267917,
    "best_w_d": 0.003594840278413038,
    "best_value": 0.4439737818311301,
    "optimization_time": 1288.3435571193695,
    "regime_bounds": {
        "amp": {
            "lower": 18.666666666666664,
            "upper": 21.333333333333332
        },
        "w_d": {
            "lower": 0.0034799999999999996,
            "upper": 0.0038199999999999996
        },
        "t_tot": {
            "lower": 111.25,
            "upper": 113.75
        }
    }
}