{
    "regime": "amp_0_wd_0_t77.5",
    "t_tot_center": 77.5,
    "best_t_tot": 76.25000122315285,
    "best_amp": 10.666666576289172,
    "best_w_d": 0.00312715642176782,
    "best_value": 0.8477646141266117,
    "optimization_time": 2197.7665045261383,
    "regime_bounds": {
        "amp": {
            "lower": 8.0,
            "upper": 10.666666666666666
        },
        "w_d": {
            "lower": 0.0028,
            "upper": 0.00314
        },
        "t_tot": {
            "lower": 76.25,
            "upper": 78.75
        }
    }
}