{
    "regime": "amp_3_wd_4_t77.5",
    "t_tot_center": 77.5,
    "best_t_tot": 76.98574240573095,
    "best_amp": 16.220978673784614,
    "best_w_d": 0.0043860091455184685,
    "best_value": 0.3984071226635605,
    "optimization_time": 1052.8276965618134,
    "regime_bounds": {
        "amp": {
            "lower": 16.0,
            "upper": 18.666666666666664
        },
        "w_d": {
            "lower": 0.00416,
            "upper": 0.0045
        },
        "t_tot": {
            "lower": 76.25,
            "upper": 78.75
        }
    }
}