{
    "regime": "amp_2_wd_2_t117.5",
    "t_tot_center": 117.5,
    "best_t_tot": 116.25000006112317,
    "best_amp": 13.979038747708888,
    "best_w_d": 0.003480000000368286,
    "best_value": 1.7245384371312276,
    "optimization_time": 4625.9353284835815,
    "regime_bounds": {
        "amp": {
            "lower": 13.333333333333332,
            "upper": 16.0
        },
        "w_d": {
            "lower": 0.0034799999999999996,
            "upper": 0.0038199999999999996
        },
        "t_tot": {
            "lower": 116.25,
            "upper": 118.75
        }
    }
}