{
    "regime": "amp_0_wd_1_t62.5",
    "t_tot_center": 62.5,
    "best_t_tot": 61.25000205765386,
    "best_amp": 10.469368700452215,
    "best_w_d": 0.003198210869638665,
    "best_value": 0.3645889906618427,
    "optimization_time": 600.1200129985809,
    "regime_bounds": {
        "amp": {
            "lower": 8.0,
            "upper": 10.666666666666666
        },
        "w_d": {
            "lower": 0.00314,
            "upper": 0.0034799999999999996
        },
        "t_tot": {
            "lower": 61.25,
            "upper": 63.75
        }
    }
}