{
    "regime": "amp_2_wd_3_t112.5",
    "t_tot_center": 112.5,
    "best_t_tot": 113.74999999995369,
    "best_amp": 13.840778378689704,
    "best_w_d": 0.004159999999996243,
    "best_value": 1.2241856984148778,
    "optimization_time": 1995.6374628543854,
    "regime_bounds": {
        "amp": {
            "lower": 13.333333333333332,
            "upper": 16.0
        },
        "w_d": {
            "lower": 0.0038199999999999996,
            "upper": 0.00416
        },
        "t_tot": {
            "lower": 111.25,
            "upper": 113.75
        }
    }
}