{
    "regime": "amp_1_wd_2_t90.0",
    "t_tot_center": 90.0,
    "best_t_tot": 88.75000176644899,
    "best_amp": 13.029438978298716,
    "best_w_d": 0.0034949411924184155,
    "best_value": 0.9979606780387176,
    "optimization_time": 1519.3718938827515,
    "regime_bounds": {
        "amp": {
            "lower": 10.666666666666666,
            "upper": 13.333333333333332
        },
        "w_d": {
            "lower": 0.0034799999999999996,
            "upper": 0.0038199999999999996
        },
        "t_tot": {
            "lower": 88.75,
            "upper": 91.25
        }
    }
}