{
    "regime": "amp_0_wd_3_t95.0",
    "t_tot_center": 95.0,
    "best_t_tot": 93.75333562387176,
    "best_amp": 10.666611849364136,
    "best_w_d": 0.00414534326118798,
    "best_value": 1.6229337713084995,
    "optimization_time": 1384.515382051468,
    "regime_bounds": {
        "amp": {
            "lower": 8.0,
            "upper": 10.666666666666666
        },
        "w_d": {
            "lower": 0.0038199999999999996,
            "upper": 0.00416
        },
        "t_tot": {
            "lower": 93.75,
            "upper": 96.25
        }
    }
}