{
    "regime": "amp_1_wd_3_t115.0",
    "t_tot_center": 115.0,
    "best_t_tot": 116.24999999892262,
    "best_amp": 10.666666666707187,
    "best_w_d": 0.003921437359005257,
    "best_value": 1.3216847086640722,
    "optimization_time": 2080.3154900074005,
    "regime_bounds": {
        "amp": {
            "lower": 10.666666666666666,
            "upper": 13.333333333333332
        },
        "w_d": {
            "lower": 0.0038199999999999996,
            "upper": 0.00416
        },
        "t_tot": {
            "lower": 113.75,
            "upper": 116.25
        }
    }
}