{
    "regime": "amp_1_wd_2_t87.5",
    "t_tot_center": 87.5,
    "best_t_tot": 86.25000149171882,
    "best_amp": 12.667816911583854,
    "best_w_d": 0.0036170918803896668,
    "best_value": 1.068837432616479,
    "optimization_time": 2795.7255742549896,
    "regime_bounds": {
        "amp": {
            "lower": 10.666666666666666,
            "upper": 13.333333333333332
        },
        "w_d": {
            "lower": 0.0034799999999999996,
            "upper": 0.0038199999999999996
        },
        "t_tot": {
            "lower": 86.25,
            "upper": 88.75
        }
    }
}