{
    "regime": "amp_3_wd_2_t110.0",
    "t_tot_center": 110.0,
    "best_t_tot": 109.03481081481769,
    "best_amp": 16.46940209295624,
    "best_w_d": 0.0034926192930657433,
    "best_value": 0.735726305368148,
    "optimization_time": 1799.0570266246796,
    "regime_bounds": {
        "amp": {
            "lower": 16.0,
            "upper": 18.666666666666664
        },
        "w_d": {
            "lower": 0.0034799999999999996,
            "upper": 0.0038199999999999996
        },
        "t_tot": {
            "lower": 108.75,
            "upper": 111.25
        }
    }
}