{
    "regime": "amp_0_wd_4_t80.0",
    "t_tot_center": 80.0,
    "best_t_tot": 81.24687967903347,
    "best_amp": 10.123049282285523,
    "best_w_d": 0.004499748455055502,
    "best_value": 1.6306006870310241,
    "optimization_time": 1374.426575422287,
    "regime_bounds": {
        "amp": {
            "lower": 8.0,
            "upper": 10.666666666666666
        },
        "w_d": {
            "lower": 0.00416,
            "upper": 0.0045
        },
        "t_tot": {
            "lower": 78.75,
            "upper": 81.25
        }
    }
}