{
    "regime": "amp_2_wd_1_t72.5",
    "t_tot_center": 72.5,
    "best_t_tot": 72.30389879776268,
    "best_amp": 15.86604218598601,
    "best_w_d": 0.0034657953550652457,
    "best_value": 0.08721719479451959,
    "optimization_time": 715.6701490879059,
    "regime_bounds": {
        "amp": {
            "lower": 13.333333333333332,
            "upper": 16.0
        },
        "w_d": {
            "lower": 0.00314,
            "upper": 0.0034799999999999996
        },
        "t_tot": {
            "lower": 71.25,
            "upper": 73.75
        }
    }
}