{
    "regime": "amp_5_wd_2_t112.5",
    "t_tot_center": 112.5,
    "best_t_tot": 112.82573701837383,
    "best_amp": 23.603253281390973,
    "best_w_d": 0.003617623047801283,
    "best_value": 0.053909100329716964,
    "optimization_time": 1428.0820331573486,
    "regime_bounds": {
        "amp": {
            "lower": 21.333333333333332,
            "upper": 24.0
        },
        "w_d": {
            "lower": 0.0034799999999999996,
            "upper": 0.0038199999999999996
        },
        "t_tot": {
            "lower": 111.25,
            "upper": 113.75
        }
    }
}