{
    "regime": "amp_4_wd_1_t107.5",
    "t_tot_center": 107.5,
    "best_t_tot": 107.3244416740393,
    "best_amp": 19.079636193575077,
    "best_w_d": 0.003446063326422239,
    "best_value": 0.3206652357526656,
    "optimization_time": 1156.8241395950317,
    "regime_bounds": {
        "amp": {
            "lower": 18.666666666666664,
            "upper": 21.333333333333332
        },
        "w_d": {
            "lower": 0.00314,
            "upper": 0.0034799999999999996
        },
        "t_tot": {
            "lower": 106.25,
            "upper": 108.75
        }
    }
}