{
    "regime": "amp_1_wd_2_t105.0",
    "t_tot_center": 105.0,
    "best_t_tot": 103.75000005329241,
    "best_amp": 13.333333329050468,
    "best_w_d": 0.0036830829401942127,
    "best_value": 1.5286414600693985,
    "optimization_time": 2744.951020002365,
    "regime_bounds": {
        "amp": {
            "lower": 10.666666666666666,
            "upper": 13.333333333333332
        },
        "w_d": {
            "lower": 0.0034799999999999996,
            "upper": 0.0038199999999999996
        },
        "t_tot": {
            "lower": 103.75,
            "upper": 106.25
        }
    }
}