{
    "regime": "amp_5_wd_3_t92.5",
    "t_tot_center": 92.5,
    "best_t_tot": 91.33741252868512,
    "best_amp": 22.76801318055927,
    "best_w_d": 0.003963913799985931,
    "best_value": 0.04431397225057791,
    "optimization_time": 1686.4654576778412,
    "regime_bounds": {
        "amp": {
            "lower": 21.333333333333332,
            "upper": 24.0
        },
        "w_d": {
            "lower": 0.0038199999999999996,
            "upper": 0.00416
        },
        "t_tot": {
            "lower": 91.25,
            "upper": 93.75
        }
    }
}