{
    "regime": "amp_0_wd_0_t97.5",
    "t_tot_center": 97.5,
    "best_t_tot": 96.25022986849656,
    "best_amp": 10.099893114056183,
    "best_w_d": 0.0029375068933591405,
    "best_value": 1.6970561938807034,
    "optimization_time": 1926.177752494812,
    "regime_bounds": {
        "amp": {
            "lower": 8.0,
            "upper": 10.666666666666666
        },
        "w_d": {
            "lower": 0.0028,
            "upper": 0.00314
        },
        "t_tot": {
            "lower": 96.25,
            "upper": 98.75
        }
    }
}