{
    "regime": "amp_3_wd_0_t70.0",
    "t_tot_center": 70.0,
    "best_t_tot": 69.00817462372343,
    "best_amp": 18.60092389222473,
    "best_w_d": 0.0031341705076788043,
    "best_value": 0.012183548315049756,
    "optimization_time": 2548.6550183296204,
    "regime_bounds": {
        "amp": {
            "lower": 16.0,
            "upper": 18.666666666666664
        },
        "w_d": {
            "lower": 0.0028,
            "upper": 0.00314
        },
        "t_tot": {
            "lower": 68.75,
            "upper": 71.25
        }
    }
}