{
    "regime": "amp_4_wd_0_t105.0",
    "t_tot_center": 105.0,
    "best_t_tot": 104.75859626593687,
    "best_amp": 19.282324452552693,
    "best_w_d": 0.0031343035397691714,
    "best_value": 0.5799813267553662,
    "optimization_time": 1233.8165090084076,
    "regime_bounds": {
        "amp": {
            "lower": 18.666666666666664,
            "upper": 21.333333333333332
        },
        "w_d": {
            "lower": 0.0028,
            "upper": 0.00314
        },
        "t_tot": {
            "lower": 103.75,
            "upper": 106.25
        }
    }
}