{
    "regime": "amp_3_wd_2_t95.0",
    "t_tot_center": 95.0,
    "best_t_tot": 95.49893723332913,
    "best_amp": 16.872790985751166,
    "best_w_d": 0.003819998224394597,
    "best_value": 0.46741494571523057,
    "optimization_time": 2123.775297164917,
    "regime_bounds": {
        "amp": {
            "lower": 16.0,
            "upper": 18.666666666666664
        },
        "w_d": {
            "lower": 0.0034799999999999996,
            "upper": 0.0038199999999999996
        },
        "t_tot": {
            "lower": 93.75,
            "upper": 96.25
        }
    }
}