{
    "regime": "amp_2_wd_2_t120.0",
    "t_tot_center": 120.0,
    "best_t_tot": 118.75000006656217,
    "best_amp": 15.999999995661744,
    "best_w_d": 0.0037789505524120745,
    "best_value": 1.20875039623623,
    "optimization_time": 1502.563639163971,
    "regime_bounds": {
        "amp": {
            "lower": 13.333333333333332,
            "upper": 16.0
        },
        "w_d": {
            "lower": 0.0034799999999999996,
            "upper": 0.0038199999999999996
        },
        "t_tot": {
            "lower": 118.75,
            "upper": 121.25
        }
    }
}