{
    "regime": "amp_3_wd_3_t67.5",
    "t_tot_center": 67.5,
    "best_t_tot": 67.3105984088896,
    "best_amp": 18.36669025304131,
    "best_w_d": 0.0041455579224386795,
    "best_value": 0.022834828605596887,
    "optimization_time": 1297.303522348404,
    "regime_bounds": {
        "amp": {
            "lower": 16.0,
            "upper": 18.666666666666664
        },
        "w_d": {
            "lower": 0.0038199999999999996,
            "upper": 0.00416
        },
        "t_tot": {
            "lower": 66.25,
            "upper": 68.75
        }
    }
}