{
    "regime": "amp_2_wd_1_t85.0",
    "t_tot_center": 85.0,
    "best_t_tot": 84.35108372930388,
    "best_amp": 15.680858341944763,
    "best_w_d": 0.00338374930497033,
    "best_value": 0.26396075703651,
    "optimization_time": 785.8400967121124,
    "regime_bounds": {
        "amp": {
            "lower": 13.333333333333332,
            "upper": 16.0
        },
        "w_d": {
            "lower": 0.00314,
            "upper": 0.0034799999999999996
        },
        "t_tot": {
            "lower": 83.75,
            "upper": 86.25
        }
    }
}