{
    "regime": "amp_1_wd_3_t80.0",
    "t_tot_center": 80.0,
    "best_t_tot": 78.75000619289538,
    "best_amp": 13.018024235443153,
    "best_w_d": 0.004025370443650688,
    "best_value": 0.8527935384940597,
    "optimization_time": 1467.0882840156555,
    "regime_bounds": {
        "amp": {
            "lower": 10.666666666666666,
            "upper": 13.333333333333332
        },
        "w_d": {
            "lower": 0.0038199999999999996,
            "upper": 0.00416
        },
        "t_tot": {
            "lower": 78.75,
            "upper": 81.25
        }
    }
}