{
    "regime": "amp_0_wd_1_t65.0",
    "t_tot_center": 65.0,
    "best_t_tot": 63.750069161111654,
    "best_amp": 10.662841506860486,
    "best_w_d": 0.003265694659342508,
    "best_value": 0.4135902505496617,
    "optimization_time": 538.7696628570557,
    "regime_bounds": {
        "amp": {
            "lower": 8.0,
            "upper": 10.666666666666666
        },
        "w_d": {
            "lower": 0.00314,
            "upper": 0.0034799999999999996
        },
        "t_tot": {
            "lower": 63.75,
            "upper": 66.25
        }
    }
}