{
    "regime": "amp_2_wd_3_t62.5",
    "t_tot_center": 62.5,
    "best_t_tot": 61.86154498211819,
    "best_amp": 13.559980396608598,
    "best_w_d": 0.003842268231302262,
    "best_value": 0.09573032909026641,
    "optimization_time": 1112.130214214325,
    "regime_bounds": {
        "amp": {
            "lower": 13.333333333333332,
            "upper": 16.0
        },
        "w_d": {
            "lower": 0.0038199999999999996,
            "upper": 0.00416
        },
        "t_tot": {
            "lower": 61.25,
            "upper": 63.75
        }
    }
}