{
    "regime": "amp_4_wd_0_t52.5",
    "t_tot_center": 52.5,
    "best_t_tot": 52.97607462606364,
    "best_amp": 18.89458973256057,
    "best_w_d": 0.003113250430680411,
    "best_value": 0.005810414806076509,
    "optimization_time": 1352.5082013607025,
    "regime_bounds": {
        "amp": {
            "lower": 18.666666666666664,
            "upper": 21.333333333333332
        },
        "w_d": {
            "lower": 0.0028,
            "upper": 0.00314
        },
        "t_tot": {
            "lower": 51.25,
            "upper": 53.75
        }
    }
}