{
    "regime": "amp_0_wd_2_t95.0",
    "t_tot_center": 95.0,
    "best_t_tot": 96.24999999996218,
    "best_amp": 9.646358870767171,
    "best_w_d": 0.0038199999999993023,
    "best_value": 1.6871135879449883,
    "optimization_time": 950.7111873626709,
    "regime_bounds": {
        "amp": {
            "lower": 8.0,
            "upper": 10.666666666666666
        },
        "w_d": {
            "lower": 0.0034799999999999996,
            "upper": 0.0038199999999999996
        },
        "t_tot": {
            "lower": 93.75,
            "upper": 96.25
        }
    }
}