{
    "regime": "amp_3_wd_3_t100.0",
    "t_tot_center": 100.0,
    "best_t_tot": 99.2299751205286,
    "best_amp": 18.314326674682327,
    "best_w_d": 0.0038254545278965705,
    "best_value": 0.35770524311390106,
    "optimization_time": 2073.358693599701,
    "regime_bounds": {
        "amp": {
            "lower": 16.0,
            "upper": 18.666666666666664
        },
        "w_d": {
            "lower": 0.0038199999999999996,
            "upper": 0.00416
        },
        "t_tot": {
            "lower": 98.75,
            "upper": 101.25
        }
    }
}