{
    "regime": "amp_1_wd_1_t87.5",
    "t_tot_center": 87.5,
    "best_t_tot": 86.25000313683258,
    "best_amp": 13.309176529777579,
    "best_w_d": 0.003305121855395691,
    "best_value": 0.6220572135897848,
    "optimization_time": 1517.3227324485779,
    "regime_bounds": {
        "amp": {
            "lower": 10.666666666666666,
            "upper": 13.333333333333332
        },
        "w_d": {
            "lower": 0.00314,
            "upper": 0.0034799999999999996
        },
        "t_tot": {
            "lower": 86.25,
            "upper": 88.75
        }
    }
}