{
    "regime": "amp_2_wd_1_t117.5",
    "t_tot_center": 117.5,
    "best_t_tot": 116.3844266306083,
    "best_amp": 15.999998740033488,
    "best_w_d": 0.0032218482367004043,
    "best_value": 0.9397305650872894,
    "optimization_time": 1721.2873196601868,
    "regime_bounds": {
        "amp": {
            "lower": 13.333333333333332,
            "upper": 16.0
        },
        "w_d": {
            "lower": 0.00314,
            "upper": 0.0034799999999999996
        },
        "t_tot": {
            "lower": 116.25,
            "upper": 118.75
        }
    }
}