{
    "regime": "amp_5_wd_1_t70.0",
    "t_tot_center": 70.0,
    "best_t_tot": 69.82438672075375,
    "best_amp": 21.66099120341211,
    "best_w_d": 0.0034745326624778788,
    "best_value": 0.001984173133349941,
    "optimization_time": 1229.7508430480957,
    "regime_bounds": {
        "amp": {
            "lower": 21.333333333333332,
            "upper": 24.0
        },
        "w_d": {
            "lower": 0.00314,
            "upper": 0.0034799999999999996
        },
        "t_tot": {
            "lower": 68.75,
            "upper": 71.25
        }
    }
}