{
    "regime": "amp_3_wd_4_t92.5",
    "t_tot_center": 92.5,
    "best_t_tot": 91.80149845874537,
    "best_amp": 16.62894980156186,
    "best_w_d": 0.004179629772165134,
    "best_value": 0.45753768675381734,
    "optimization_time": 1763.3027443885803,
    "regime_bounds": {
        "amp": {
            "lower": 16.0,
            "upper": 18.666666666666664
        },
        "w_d": {
            "lower": 0.00416,
            "upper": 0.0045
        },
        "t_tot": {
            "lower": 91.25,
            "upper": 93.75
        }
    }
}