{
    "regime": "amp_2_wd_2_t92.5",
    "t_tot_center": 92.5,
    "best_t_tot": 93.6269314938358,
    "best_amp": 15.30745468228014,
    "best_w_d": 0.0038199355099514374,
    "best_value": 0.7889731746879146,
    "optimization_time": 1622.7057540416718,
    "regime_bounds": {
        "amp": {
            "lower": 13.333333333333332,
            "upper": 16.0
        },
        "w_d": {
            "lower": 0.0034799999999999996,
            "upper": 0.0038199999999999996
        },
        "t_tot": {
            "lower": 91.25,
            "upper": 93.75
        }
    }
}