{
    "regime": "amp_1_wd_4_t115.0",
    "t_tot_center": 115.0,
    "best_t_tot": 113.75000004798069,
    "best_amp": 10.6666666708847,
    "best_w_d": 0.004160000152490314,
    "best_value": 1.861628684028202,
    "optimization_time": 1902.8846905231476,
    "regime_bounds": {
        "amp": {
            "lower": 10.666666666666666,
            "upper": 13.333333333333332
        },
        "w_d": {
            "lower": 0.00416,
            "upper": 0.0045
        },
        "t_tot": {
            "lower": 113.75,
            "upper": 116.25
        }
    }
}