{
    "regime": "amp_2_wd_1_t120.0",
    "t_tot_center": 120.0,
    "best_t_tot": 118.87156501033712,
    "best_amp": 15.988500278674717,
    "best_w_d": 0.0031618920598815905,
    "best_value": 0.9828554884977833,
    "optimization_time": 1693.496984243393,
    "regime_bounds": {
        "amp": {
            "lower": 13.333333333333332,
            "upper": 16.0
        },
        "w_d": {
            "lower": 0.00314,
            "upper": 0.0034799999999999996
        },
        "t_tot": {
            "lower": 118.75,
            "upper": 121.25
        }
    }
}