{
    "regime": "amp_4_wd_3_t110.0",
    "t_tot_center": 110.0,
    "best_t_tot": 110.49259057636684,
    "best_amp": 19.162230564110445,
    "best_w_d": 0.0038983262060648034,
    "best_value": 0.3108675883562627,
    "optimization_time": 2124.379209756851,
    "regime_bounds": {
        "amp": {
            "lower": 18.666666666666664,
            "upper": 21.333333333333332
        },
        "w_d": {
            "lower": 0.0038199999999999996,
            "upper": 0.00416
        },
        "t_tot": {
            "lower": 108.75,
            "upper": 111.25
        }
    }
}