{
    "regime": "amp_1_wd_0_t112.5",
    "t_tot_center": 112.5,
    "best_t_tot": 113.74999993301441,
    "best_amp": 11.272699908185277,
    "best_w_d": 0.0031238693997564233,
    "best_value": 1.7842485490813733,
    "optimization_time": 1093.7336716651917,
    "regime_bounds": {
        "amp": {
            "lower": 10.666666666666666,
            "upper": 13.333333333333332
        },
        "w_d": {
            "lower": 0.0028,
            "upper": 0.00314
        },
        "t_tot": {
            "lower": 111.25,
            "upper": 113.75
        }
    }
}