{
    "regime": "amp_1_wd_2_t70.0",
    "t_tot_center": 70.0,
    "best_t_tot": 68.7500007356892,
    "best_amp": 13.082862887296722,
    "best_w_d": 0.0038131294860175714,
    "best_value": 0.2532825692872256,
    "optimization_time": 623.834145784378,
    "regime_bounds": {
        "amp": {
            "lower": 10.666666666666666,
            "upper": 13.333333333333332
        },
        "w_d": {
            "lower": 0.0034799999999999996,
            "upper": 0.0038199999999999996
        },
        "t_tot": {
            "lower": 68.75,
            "upper": 71.25
        }
    }
}