{
    "regime": "amp_1_wd_3_t82.5",
    "t_tot_center": 82.5,
    "best_t_tot": 81.2500203072503,
    "best_amp": 12.972065662316092,
    "best_w_d": 0.0041128642084962905,
    "best_value": 1.1701253614509233,
    "optimization_time": 1114.1511943340302,
    "regime_bounds": {
        "amp": {
            "lower": 10.666666666666666,
            "upper": 13.333333333333332
        },
        "w_d": {
            "lower": 0.0038199999999999996,
            "upper": 0.00416
        },
        "t_tot": {
            "lower": 81.25,
            "upper": 83.75
        }
    }
}