{
    "regime": "amp_1_wd_1_t120.0",
    "t_tot_center": 120.0,
    "best_t_tot": 118.75000000097192,
    "best_amp": 11.175706934374293,
    "best_w_d": 0.0034208886747745396,
    "best_value": 1.6345950875365673,
    "optimization_time": 968.1048059463501,
    "regime_bounds": {
        "amp": {
            "lower": 10.666666666666666,
            "upper": 13.333333333333332
        },
        "w_d": {
            "lower": 0.00314,
            "upper": 0.0034799999999999996
        },
        "t_tot": {
            "lower": 118.75,
            "upper": 121.25
        }
    }
}