{
    "regime": "amp_5_wd_0_t100.0",
    "t_tot_center": 100.0,
    "best_t_tot": 99.6397749689018,
    "best_amp": 21.646302860377876,
    "best_w_d": 0.003083927834282725,
    "best_value": 0.24846269396040588,
    "optimization_time": 1271.0611255168915,
    "regime_bounds": {
        "amp": {
            "lower": 21.333333333333332,
            "upper": 24.0
        },
        "w_d": {
            "lower": 0.0028,
            "upper": 0.00314
        },
        "t_tot": {
            "lower": 98.75,
            "upper": 101.25
        }
    }
}