{
    "regime": "amp_5_wd_3_t110.0",
    "t_tot_center": 110.0,
    "best_t_tot": 110.16920581838822,
    "best_amp": 21.690759699911176,
    "best_w_d": 0.0038320990821005024,
    "best_value": 0.08583419991347344,
    "optimization_time": 1433.9765281677246,
    "regime_bounds": {
        "amp": {
            "lower": 21.333333333333332,
            "upper": 24.0
        },
        "w_d": {
            "lower": 0.0038199999999999996,
            "upper": 0.00416
        },
        "t_tot": {
            "lower": 108.75,
            "upper": 111.25
        }
    }
}