{
    "regime": "amp_0_wd_3_t52.5",
    "t_tot_center": 52.5,
    "best_t_tot": 51.25019781408024,
    "best_amp": 10.422156270892483,
    "best_w_d": 0.003897870587902894,
    "best_value": 0.20326363321985397,
    "optimization_time": 614.9345600605011,
    "regime_bounds": {
        "amp": {
            "lower": 8.0,
            "upper": 10.666666666666666
        },
        "w_d": {
            "lower": 0.0038199999999999996,
            "upper": 0.00416
        },
        "t_tot": {
            "lower": 51.25,
            "upper": 53.75
        }
    }
}