{
    "regime": "amp_2_wd_0_t65.0",
    "t_tot_center": 65.0,
    "best_t_tot": 64.6878774757115,
    "best_amp": 14.556563989409621,
    "best_w_d": 0.002971617971060062,
    "best_value": 0.05879839464097225,
    "optimization_time": 2631.087667942047,
    "regime_bounds": {
        "amp": {
            "lower": 13.333333333333332,
            "upper": 16.0
        },
        "w_d": {
            "lower": 0.0028,
            "upper": 0.00314
        },
        "t_tot": {
            "lower": 63.75,
            "upper": 66.25
        }
    }
}