{
    "regime": "amp_1_wd_4_t75.0",
    "t_tot_center": 75.0,
    "best_t_tot": 73.75006344612814,
    "best_amp": 13.137633393518364,
    "best_w_d": 0.00429559715237193,
    "best_value": 0.6947914298332623,
    "optimization_time": 1186.4593801498413,
    "regime_bounds": {
        "amp": {
            "lower": 10.666666666666666,
            "upper": 13.333333333333332
        },
        "w_d": {
            "lower": 0.00416,
            "upper": 0.0045
        },
        "t_tot": {
            "lower": 73.75,
            "upper": 76.25
        }
    }
}