{
    "regime": "amp_4_wd_4_t77.5",
    "t_tot_center": 77.5,
    "best_t_tot": 77.4705994198498,
    "best_amp": 18.880204449753663,
    "best_w_d": 0.004386621009929417,
    "best_value": 0.17419347319422984,
    "optimization_time": 1110.0120615959167,
    "regime_bounds": {
        "amp": {
            "lower": 18.666666666666664,
            "upper": 21.333333333333332
        },
        "w_d": {
            "lower": 0.00416,
            "upper": 0.0045
        },
        "t_tot": {
            "lower": 76.25,
            "upper": 78.75
        }
    }
}