{
    "regime": "amp_4_wd_3_t62.5",
    "t_tot_center": 62.5,
    "best_t_tot": 62.430268066851355,
    "best_amp": 18.804432762334805,
    "best_w_d": 0.003886230796069843,
    "best_value": 0.0025881934317357504,
    "optimization_time": 1319.7254877090454,
    "regime_bounds": {
        "amp": {
            "lower": 18.666666666666664,
            "upper": 21.333333333333332
        },
        "w_d": {
            "lower": 0.0038199999999999996,
            "upper": 0.00416
        },
        "t_tot": {
            "lower": 61.25,
            "upper": 63.75
        }
    }
}