{
    "regime": "amp_3_wd_0_t80.0",
    "t_tot_center": 80.0,
    "best_t_tot": 79.77170504260876,
    "best_amp": 16.502573911618423,
    "best_w_d": 0.0031373298136096275,
    "best_value": 0.11836931322696782,
    "optimization_time": 1446.9063234329224,
    "regime_bounds": {
        "amp": {
            "lower": 16.0,
            "upper": 18.666666666666664
        },
        "w_d": {
            "lower": 0.0028,
            "upper": 0.00314
        },
        "t_tot": {
            "lower": 78.75,
            "upper": 81.25
        }
    }
}