{
    "regime": "amp_0_wd_2_t67.5",
    "t_tot_center": 67.5,
    "best_t_tot": 66.25000081394063,
    "best_amp": 10.666666642660108,
    "best_w_d": 0.0037763800948258084,
    "best_value": 0.6776099067692282,
    "optimization_time": 2605.9806129932404,
    "regime_bounds": {
        "amp": {
            "lower": 8.0,
            "upper": 10.666666666666666
        },
        "w_d": {
            "lower": 0.0034799999999999996,
            "upper": 0.0038199999999999996
        },
        "t_tot": {
            "lower": 66.25,
            "upper": 68.75
        }
    }
}