{
    "regime": "amp_0_wd_4_t90.0",
    "t_tot_center": 90.0,
    "best_t_tot": 88.85084998931448,
    "best_amp": 10.664003526872097,
    "best_w_d": 0.004335668737152774,
    "best_value": 1.6017318325010848,
    "optimization_time": 2743.7768161296844,
    "regime_bounds": {
        "amp": {
            "lower": 8.0,
            "upper": 10.666666666666666
        },
        "w_d": {
            "lower": 0.00416,
            "upper": 0.0045
        },
        "t_tot": {
            "lower": 88.75,
            "upper": 91.25
        }
    }
}