{
    "regime": "amp_1_wd_2_t77.5",
    "t_tot_center": 77.5,
    "best_t_tot": 76.3221606923824,
    "best_amp": 13.099961411180526,
    "best_w_d": 0.0038199389265801973,
    "best_value": 0.5116042926563296,
    "optimization_time": 981.0931055545807,
    "regime_bounds": {
        "amp": {
            "lower": 10.666666666666666,
            "upper": 13.333333333333332
        },
        "w_d": {
            "lower": 0.0034799999999999996,
            "upper": 0.0038199999999999996
        },
        "t_tot": {
            "lower": 76.25,
            "upper": 78.75
        }
    }
}