{
    "regime": "amp_5_wd_1_t52.5",
    "t_tot_center": 52.5,
    "best_t_tot": 52.6407147986541,
    "best_amp": 21.573737694100217,
    "best_w_d": 0.0034455619189786334,
    "best_value": 0.013614789754589364,
    "optimization_time": 2425.1164548397064,
    "regime_bounds": {
        "amp": {
            "lower": 21.333333333333332,
            "upper": 24.0
        },
        "w_d": {
            "lower": 0.00314,
            "upper": 0.0034799999999999996
        },
        "t_tot": {
            "lower": 51.25,
            "upper": 53.75
        }
    }
}