{
    "regime": "amp_5_wd_1_t100.0",
    "t_tot_center": 100.0,
    "best_t_tot": 100.0946420621755,
    "best_amp": 21.523204275732947,
    "best_w_d": 0.0033323293791182357,
    "best_value": 0.3162649454840063,
    "optimization_time": 1259.207158088684,
    "regime_bounds": {
        "amp": {
            "lower": 21.333333333333332,
            "upper": 24.0
        },
        "w_d": {
            "lower": 0.00314,
            "upper": 0.0034799999999999996
        },
        "t_tot": {
            "lower": 98.75,
            "upper": 101.25
        }
    }
}