{
    "regime": "amp_5_wd_0_t77.5",
    "t_tot_center": 77.5,
    "best_t_tot": 77.54818434978733,
    "best_amp": 21.65397981787937,
    "best_w_d": 0.003132679387086956,
    "best_value": 0.011910959866548929,
    "optimization_time": 1137.3810811042786,
    "regime_bounds": {
        "amp": {
            "lower": 21.333333333333332,
            "upper": 24.0
        },
        "w_d": {
            "lower": 0.0028,
            "upper": 0.00314
        },
        "t_tot": {
            "lower": 76.25,
            "upper": 78.75
        }
    }
}