{
    "regime": "amp_2_wd_3_t117.5",
    "t_tot_center": 117.5,
    "best_t_tot": 118.74999999793023,
    "best_amp": 14.250026884181649,
    "best_w_d": 0.004159999999995413,
    "best_value": 1.0552517808375521,
    "optimization_time": 1045.9967188835144,
    "regime_bounds": {
        "amp": {
            "lower": 13.333333333333332,
            "upper": 16.0
        },
        "w_d": {
            "lower": 0.0038199999999999996,
            "upper": 0.00416
        },
        "t_tot": {
            "lower": 116.25,
            "upper": 118.75
        }
    }
}