{
    "regime": "amp_1_wd_0_t107.5",
    "t_tot_center": 107.5,
    "best_t_tot": 106.251022734723,
    "best_amp": 12.756510031866268,
    "best_w_d": 0.0029385866829749877,
    "best_value": 1.4732473932379433,
    "optimization_time": 1218.2638802528381,
    "regime_bounds": {
        "amp": {
            "lower": 10.666666666666666,
            "upper": 13.333333333333332
        },
        "w_d": {
            "lower": 0.0028,
            "upper": 0.00314
        },
        "t_tot": {
            "lower": 106.25,
            "upper": 108.75
        }
    }
}