{
    "regime": "amp_1_wd_2_t75.0",
    "t_tot_center": 75.0,
    "best_t_tot": 73.75044016462161,
    "best_amp": 13.152141881290085,
    "best_w_d": 0.0037934834275529933,
    "best_value": 0.38479005625841517,
    "optimization_time": 3802.213972568512,
    "regime_bounds": {
        "amp": {
            "lower": 10.666666666666666,
            "upper": 13.333333333333332
        },
        "w_d": {
            "lower": 0.0034799999999999996,
            "upper": 0.0038199999999999996
        },
        "t_tot": {
            "lower": 73.75,
            "upper": 76.25
        }
    }
}