{
    "regime": "amp_2_wd_4_t90.0",
    "t_tot_center": 90.0,
    "best_t_tot": 88.75015748149538,
    "best_amp": 14.917866379650155,
    "best_w_d": 0.004344893153654793,
    "best_value": 0.7711705067624314,
    "optimization_time": 1526.5834701061249,
    "regime_bounds": {
        "amp": {
            "lower": 13.333333333333332,
            "upper": 16.0
        },
        "w_d": {
            "lower": 0.00416,
            "upper": 0.0045
        },
        "t_tot": {
            "lower": 88.75,
            "upper": 91.25
        }
    }
}