{
    "regime": "amp_1_wd_0_t55.0",
    "t_tot_center": 55.0,
    "best_t_tot": 53.75000047617811,
    "best_amp": 13.21358241089854,
    "best_w_d": 0.0028942658711597602,
    "best_value": 0.015947131895509475,
    "optimization_time": 760.4671216011047,
    "regime_bounds": {
        "amp": {
            "lower": 10.666666666666666,
            "upper": 13.333333333333332
        },
        "w_d": {
            "lower": 0.0028,
            "upper": 0.00314
        },
        "t_tot": {
            "lower": 53.75,
            "upper": 56.25
        }
    }
}