{
    "regime": "amp_4_wd_2_t95.0",
    "t_tot_center": 95.0,
    "best_t_tot": 95.08354223441108,
    "best_amp": 18.93384928568492,
    "best_w_d": 0.0038199836146098195,
    "best_value": 0.21896070587410554,
    "optimization_time": 1720.3809542655945,
    "regime_bounds": {
        "amp": {
            "lower": 18.666666666666664,
            "upper": 21.333333333333332
        },
        "w_d": {
            "lower": 0.0034799999999999996,
            "upper": 0.0038199999999999996
        },
        "t_tot": {
            "lower": 93.75,
            "upper": 96.25
        }
    }
}