{
    "regime": "amp_2_wd_2_t90.0",
    "t_tot_center": 90.0,
    "best_t_tot": 90.72693338495951,
    "best_amp": 14.884949474261084,
    "best_w_d": 0.003819929885795676,
    "best_value": 0.9537945800682104,
    "optimization_time": 1694.0050222873688,
    "regime_bounds": {
        "amp": {
            "lower": 13.333333333333332,
            "upper": 16.0
        },
        "w_d": {
            "lower": 0.0034799999999999996,
            "upper": 0.0038199999999999996
        },
        "t_tot": {
            "lower": 88.75,
            "upper": 91.25
        }
    }
}