{
    "regime": "amp_2_wd_0_t55.0",
    "t_tot_center": 55.0,
    "best_t_tot": 53.75000461229839,
    "best_amp": 14.527217486837445,
    "best_w_d": 0.00295798082484492,
    "best_value": 0.0035851987796476636,
    "optimization_time": 1293.0199766159058,
    "regime_bounds": {
        "amp": {
            "lower": 13.333333333333332,
            "upper": 16.0
        },
        "w_d": {
            "lower": 0.0028,
            "upper": 0.00314
        },
        "t_tot": {
            "lower": 53.75,
            "upper": 56.25
        }
    }
}