{
    "regime": "amp_1_wd_1_t102.5",
    "t_tot_center": 102.5,
    "best_t_tot": 101.38582846930595,
    "best_amp": 13.089525844810813,
    "best_w_d": 0.003145036048444747,
    "best_value": 1.3783518888849482,
    "optimization_time": 1338.0507731437683,
    "regime_bounds": {
        "amp": {
            "lower": 10.666666666666666,
            "upper": 13.333333333333332
        },
        "w_d": {
            "lower": 0.00314,
            "upper": 0.0034799999999999996
        },
        "t_tot": {
            "lower": 101.25,
            "upper": 103.75
        }
    }
}