{
    "regime": "amp_3_wd_4_t105.0",
    "t_tot_center": 105.0,
    "best_t_tot": 104.32996044554535,
    "best_amp": 18.10599986938763,
    "best_w_d": 0.004233979510940335,
    "best_value": 0.4466362915746767,
    "optimization_time": 1265.0486419200897,
    "regime_bounds": {
        "amp": {
            "lower": 16.0,
            "upper": 18.666666666666664
        },
        "w_d": {
            "lower": 0.00416,
            "upper": 0.0045
        },
        "t_tot": {
            "lower": 103.75,
            "upper": 106.25
        }
    }
}