{
    "regime": "amp_5_wd_2_t102.5",
    "t_tot_center": 102.5,
    "best_t_tot": 102.50059302028278,
    "best_amp": 21.56824680073821,
    "best_w_d": 0.0035203369435460605,
    "best_value": 0.13088939096158986,
    "optimization_time": 1446.8986926078796,
    "regime_bounds": {
        "amp": {
            "lower": 21.333333333333332,
            "upper": 24.0
        },
        "w_d": {
            "lower": 0.0034799999999999996,
            "upper": 0.0038199999999999996
        },
        "t_tot": {
            "lower": 101.25,
            "upper": 103.75
        }
    }
}