{
    "regime": "amp_5_wd_1_t120.0",
    "t_tot_center": 120.0,
    "best_t_tot": 120.06210452995941,
    "best_amp": 21.995464470451097,
    "best_w_d": 0.0034794817621441386,
    "best_value": 0.13194456840686652,
    "optimization_time": 1553.512276649475,
    "regime_bounds": {
        "amp": {
            "lower": 21.333333333333332,
            "upper": 24.0
        },
        "w_d": {
            "lower": 0.00314,
            "upper": 0.0034799999999999996
        },
        "t_tot": {
            "lower": 118.75,
            "upper": 121.25
        }
    }
}