{
    "regime": "amp_3_wd_2_t70.0",
    "t_tot_center": 70.0,
    "best_t_tot": 70.18419155597442,
    "best_amp": 18.237734936294906,
    "best_w_d": 0.0037982804437915936,
    "best_value": 0.028613281217902194,
    "optimization_time": 1527.5655868053436,
    "regime_bounds": {
        "amp": {
            "lower": 16.0,
            "upper": 18.666666666666664
        },
        "w_d": {
            "lower": 0.0034799999999999996,
            "upper": 0.0038199999999999996
        },
        "t_tot": {
            "lower": 68.75,
            "upper": 71.25
        }
    }
}