{
    "regime": "amp_2_wd_3_t60.0",
    "t_tot_center": 60.0,
    "best_t_tot": 59.163168518713796,
    "best_amp": 13.429936949717979,
    "best_w_d": 0.003872423209369324,
    "best_value": 0.07298583881742957,
    "optimization_time": 1839.3281044960022,
    "regime_bounds": {
        "amp": {
            "lower": 13.333333333333332,
            "upper": 16.0
        },
        "w_d": {
            "lower": 0.0038199999999999996,
            "upper": 0.00416
        },
        "t_tot": {
            "lower": 58.75,
            "upper": 61.25
        }
    }
}