{
    "regime": "amp_4_wd_4_t67.5",
    "t_tot_center": 67.5,
    "best_t_tot": 67.95511234572274,
    "best_amp": 19.36580747023242,
    "best_w_d": 0.0043126097994009805,
    "best_value": 0.024264247325877397,
    "optimization_time": 1137.3846604824066,
    "regime_bounds": {
        "amp": {
            "lower": 18.666666666666664,
            "upper": 21.333333333333332
        },
        "w_d": {
            "lower": 0.00416,
            "upper": 0.0045
        },
        "t_tot": {
            "lower": 66.25,
            "upper": 68.75
        }
    }
}