{
    "regime": "amp_3_wd_2_t82.5",
    "t_tot_center": 82.5,
    "best_t_tot": 81.52386966690577,
    "best_amp": 16.400454651828,
    "best_w_d": 0.003803348118479471,
    "best_value": 0.31284081302440636,
    "optimization_time": 2306.8682441711426,
    "regime_bounds": {
        "amp": {
            "lower": 16.0,
            "upper": 18.666666666666664
        },
        "w_d": {
            "lower": 0.0034799999999999996,
            "upper": 0.0038199999999999996
        },
        "t_tot": {
            "lower": 81.25,
            "upper": 83.75
        }
    }
}