{
    "regime": "amp_3_wd_3_t50.0",
    "t_tot_center": 50.0,
    "best_t_tot": 50.620879426724144,
    "best_amp": 16.148352469683264,
    "best_w_d": 0.0038515878979097115,
    "best_value": 0.00015715745862561256,
    "optimization_time": 1173.0214018821716,
    "regime_bounds": {
        "amp": {
            "lower": 16.0,
            "upper": 18.666666666666664
        },
        "w_d": {
            "lower": 0.0038199999999999996,
            "upper": 0.00416
        },
        "t_tot": {
            "lower": 48.75,
            "upper": 51.25
        }
    }
}