{
    "regime": "amp_0_wd_3_t112.5",
    "t_tot_center": 112.5,
    "best_t_tot": 113.74999999996786,
    "best_amp": 9.931524932320595,
    "best_w_d": 0.004056935556557224,
    "best_value": 1.7110246305744798,
    "optimization_time": 1585.408631324768,
    "regime_bounds": {
        "amp": {
            "lower": 8.0,
            "upper": 10.666666666666666
        },
        "w_d": {
            "lower": 0.0038199999999999996,
            "upper": 0.00416
        },
        "t_tot": {
            "lower": 111.25,
            "upper": 113.75
        }
    }
}