{
    "regime": "amp_2_wd_1_t75.0",
    "t_tot_center": 75.0,
    "best_t_tot": 74.53714542198858,
    "best_amp": 15.943787163527537,
    "best_w_d": 0.0034332273044696314,
    "best_value": 0.10477917724500219,
    "optimization_time": 742.8978621959686,
    "regime_bounds": {
        "amp": {
            "lower": 13.333333333333332,
            "upper": 16.0
        },
        "w_d": {
            "lower": 0.00314,
            "upper": 0.0034799999999999996
        },
        "t_tot": {
            "lower": 73.75,
            "upper": 76.25
        }
    }
}