{
    "regime": "amp_3_wd_1_t105.0",
    "t_tot_center": 105.0,
    "best_t_tot": 105.29085062533389,
    "best_amp": 18.66005036480296,
    "best_w_d": 0.0032974060509655587,
    "best_value": 0.5461139149095111,
    "optimization_time": 1444.6279034614563,
    "regime_bounds": {
        "amp": {
            "lower": 16.0,
            "upper": 18.666666666666664
        },
        "w_d": {
            "lower": 0.00314,
            "upper": 0.0034799999999999996
        },
        "t_tot": {
            "lower": 103.75,
            "upper": 106.25
        }
    }
}