{
    "regime": "amp_5_wd_0_t82.5",
    "t_tot_center": 82.5,
    "best_t_tot": 82.53339780763694,
    "best_amp": 21.591904263352156,
    "best_w_d": 0.0030877959181824506,
    "best_value": 0.02811366932657393,
    "optimization_time": 1364.9679718017578,
    "regime_bounds": {
        "amp": {
            "lower": 21.333333333333332,
            "upper": 24.0
        },
        "w_d": {
            "lower": 0.0028,
            "upper": 0.00314
        },
        "t_tot": {
            "lower": 81.25,
            "upper": 83.75
        }
    }
}