{
    "regime": "amp_2_wd_4_t52.5",
    "t_tot_center": 52.5,
    "best_t_tot": 51.9309931506405,
    "best_amp": 13.51980395089573,
    "best_w_d": 0.0041940903783036845,
    "best_value": 0.021861405138075763,
    "optimization_time": 1092.4329874515533,
    "regime_bounds": {
        "amp": {
            "lower": 13.333333333333332,
            "upper": 16.0
        },
        "w_d": {
            "lower": 0.00416,
            "upper": 0.0045
        },
        "t_tot": {
            "lower": 51.25,
            "upper": 53.75
        }
    }
}