{
    "regime": "amp_0_wd_2_t102.5",
    "t_tot_center": 102.5,
    "best_t_tot": 103.74999997391825,
    "best_amp": 8.000000003475831,
    "best_w_d": 0.0036074242043298097,
    "best_value": 1.6441144598557327,
    "optimization_time": 3023.1011052131653,
    "regime_bounds": {
        "amp": {
            "lower": 8.0,
            "upper": 10.666666666666666
        },
        "w_d": {
            "lower": 0.0034799999999999996,
            "upper": 0.0038199999999999996
        },
        "t_tot": {
            "lower": 101.25,
            "upper": 103.75
        }
    }
}