{
    "regime": "amp_5_wd_3_t87.5",
    "t_tot_center": 87.5,
    "best_t_tot": 87.68032260194718,
    "best_amp": 21.714533782003784,
    "best_w_d": 0.004105037816176815,
    "best_value": 0.048886915414575446,
    "optimization_time": 1388.4603791236877,
    "regime_bounds": {
        "amp": {
            "lower": 21.333333333333332,
            "upper": 24.0
        },
        "w_d": {
            "lower": 0.0038199999999999996,
            "upper": 0.00416
        },
        "t_tot": {
            "lower": 86.25,
            "upper": 88.75
        }
    }
}