{
    "regime": "amp_1_wd_1_t92.5",
    "t_tot_center": 92.5,
    "best_t_tot": 91.25000264679578,
    "best_amp": 13.203760780013315,
    "best_w_d": 0.0032342883241586154,
    "best_value": 0.831963671593554,
    "optimization_time": 1475.9733681678772,
    "regime_bounds": {
        "amp": {
            "lower": 10.666666666666666,
            "upper": 13.333333333333332
        },
        "w_d": {
            "lower": 0.00314,
            "upper": 0.0034799999999999996
        },
        "t_tot": {
            "lower": 91.25,
            "upper": 93.75
        }
    }
}