{
    "regime": "amp_4_wd_0_t80.0",
    "t_tot_center": 80.0,
    "best_t_tot": 79.69924367881595,
    "best_amp": 19.05301539970146,
    "best_w_d": 0.0031135894842198837,
    "best_value": 0.049139296539797886,
    "optimization_time": 1368.0440227985382,
    "regime_bounds": {
        "amp": {
            "lower": 18.666666666666664,
            "upper": 21.333333333333332
        },
        "w_d": {
            "lower": 0.0028,
            "upper": 0.00314
        },
        "t_tot": {
            "lower": 78.75,
            "upper": 81.25
        }
    }
}