{
    "regime": "amp_1_wd_0_t70.0",
    "t_tot_center": 70.0,
    "best_t_tot": 68.75007469587466,
    "best_amp": 13.305586943304107,
    "best_w_d": 0.0031115353490696303,
    "best_value": 0.15459023368011343,
    "optimization_time": 993.4123923778534,
    "regime_bounds": {
        "amp": {
            "lower": 10.666666666666666,
            "upper": 13.333333333333332
        },
        "w_d": {
            "lower": 0.0028,
            "upper": 0.00314
        },
        "t_tot": {
            "lower": 68.75,
            "upper": 71.25
        }
    }
}