{
    "regime": "amp_5_wd_0_t117.5",
    "t_tot_center": 117.5,
    "best_t_tot": 117.55242770137004,
    "best_amp": 21.60153275472429,
    "best_w_d": 0.0030942135286460798,
    "best_value": 0.24349535368294084,
    "optimization_time": 1704.7578568458557,
    "regime_bounds": {
        "amp": {
            "lower": 21.333333333333332,
            "upper": 24.0
        },
        "w_d": {
            "lower": 0.0028,
            "upper": 0.00314
        },
        "t_tot": {
            "lower": 116.25,
            "upper": 118.75
        }
    }
}