{
    "regime": "amp_5_wd_4_t60.0",
    "t_tot_center": 60.0,
    "best_t_tot": 59.65153305432319,
    "best_amp": 21.483784985757147,
    "best_w_d": 0.004172053779737321,
    "best_value": 0.0014665083273367185,
    "optimization_time": 847.7362179756165,
    "regime_bounds": {
        "amp": {
            "lower": 21.333333333333332,
            "upper": 24.0
        },
        "w_d": {
            "lower": 0.00416,
            "upper": 0.0045
        },
        "t_tot": {
            "lower": 58.75,
            "upper": 61.25
        }
    }
}