{
    "regime": "amp_0_wd_0_t57.5",
    "t_tot_center": 57.5,
    "best_t_tot": 56.25009816223122,
    "best_amp": 10.507731519954987,
    "best_w_d": 0.003039244184235594,
    "best_value": 0.20572974545520056,
    "optimization_time": 761.9966750144958,
    "regime_bounds": {
        "amp": {
            "lower": 8.0,
            "upper": 10.666666666666666
        },
        "w_d": {
            "lower": 0.0028,
            "upper": 0.00314
        },
        "t_tot": {
            "lower": 56.25,
            "upper": 58.75
        }
    }
}