{
    "regime": "amp_4_wd_2_t105.0",
    "t_tot_center": 105.0,
    "best_t_tot": 104.74993288913453,
    "best_amp": 19.051231071435826,
    "best_w_d": 0.0035083224175773363,
    "best_value": 0.29392093555288923,
    "optimization_time": 1745.0104568004608,
    "regime_bounds": {
        "amp": {
            "lower": 18.666666666666664,
            "upper": 21.333333333333332
        },
        "w_d": {
            "lower": 0.0034799999999999996,
            "upper": 0.0038199999999999996
        },
        "t_tot": {
            "lower": 103.75,
            "upper": 106.25
        }
    }
}