{
    "regime": "amp_3_wd_3_t75.0",
    "t_tot_center": 75.0,
    "best_t_tot": 74.96136848061568,
    "best_amp": 18.49603486865576,
    "best_w_d": 0.004114905731805344,
    "best_value": 0.11659413629172585,
    "optimization_time": 1065.8146059513092,
    "regime_bounds": {
        "amp": {
            "lower": 16.0,
            "upper": 18.666666666666664
        },
        "w_d": {
            "lower": 0.0038199999999999996,
            "upper": 0.00416
        },
        "t_tot": {
            "lower": 73.75,
            "upper": 76.25
        }
    }
}