{
    "regime": "amp_4_wd_4_t85.0",
    "t_tot_center": 85.0,
    "best_t_tot": 84.90030497870569,
    "best_amp": 19.81168618928358,
    "best_w_d": 0.004337150326753696,
    "best_value": 0.08570378834958431,
    "optimization_time": 1326.8628585338593,
    "regime_bounds": {
        "amp": {
            "lower": 18.666666666666664,
            "upper": 21.333333333333332
        },
        "w_d": {
            "lower": 0.00416,
            "upper": 0.0045
        },
        "t_tot": {
            "lower": 83.75,
            "upper": 86.25
        }
    }
}