{
    "regime": "amp_3_wd_0_t60.0",
    "t_tot_center": 60.0,
    "best_t_tot": 58.89815272137066,
    "best_amp": 16.311952585022073,
    "best_w_d": 0.0029875254571659626,
    "best_value": 0.0030431432624979586,
    "optimization_time": 1054.7442021369934,
    "regime_bounds": {
        "amp": {
            "lower": 16.0,
            "upper": 18.666666666666664
        },
        "w_d": {
            "lower": 0.0028,
            "upper": 0.00314
        },
        "t_tot": {
            "lower": 58.75,
            "upper": 61.25
        }
    }
}