{
    "regime": "amp_2_wd_1_t80.0",
    "t_tot_center": 80.0,
    "best_t_tot": 79.72127098454827,
    "best_amp": 15.916094163482716,
    "best_w_d": 0.0034344893087756663,
    "best_value": 0.17498974722278937,
    "optimization_time": 947.4971415996552,
    "regime_bounds": {
        "amp": {
            "lower": 13.333333333333332,
            "upper": 16.0
        },
        "w_d": {
            "lower": 0.00314,
            "upper": 0.0034799999999999996
        },
        "t_tot": {
            "lower": 78.75,
            "upper": 81.25
        }
    }
}