{
    "regime": "amp_0_wd_4_t65.0",
    "t_tot_center": 65.0,
    "best_t_tot": 63.750000000014396,
    "best_amp": 10.666666666590338,
    "best_w_d": 0.004325362101898679,
    "best_value": 0.8236804120129535,
    "optimization_time": 940.67897772789,
    "regime_bounds": {
        "amp": {
            "lower": 8.0,
            "upper": 10.666666666666666
        },
        "w_d": {
            "lower": 0.00416,
            "upper": 0.0045
        },
        "t_tot": {
            "lower": 63.75,
            "upper": 66.25
        }
    }
}