{
    "regime": "amp_4_wd_0_t120.0",
    "t_tot_center": 120.0,
    "best_t_tot": 119.61903442593945,
    "best_amp": 18.699174912758398,
    "best_w_d": 0.003107477684095747,
    "best_value": 0.5119587722299341,
    "optimization_time": 1614.2623133659363,
    "regime_bounds": {
        "amp": {
            "lower": 18.666666666666664,
            "upper": 21.333333333333332
        },
        "w_d": {
            "lower": 0.0028,
            "upper": 0.00314
        },
        "t_tot": {
            "lower": 118.75,
            "upper": 121.25
        }
    }
}