{
    "regime": "amp_2_wd_4_t105.0",
    "t_tot_center": 105.0,
    "best_t_tot": 103.75000060008118,
    "best_amp": 15.999999997598742,
    "best_w_d": 0.004247176453649847,
    "best_value": 1.064294479617101,
    "optimization_time": 1744.0424375534058,
    "regime_bounds": {
        "amp": {
            "lower": 13.333333333333332,
            "upper": 16.0
        },
        "w_d": {
            "lower": 0.00416,
            "upper": 0.0045
        },
        "t_tot": {
            "lower": 103.75,
            "upper": 106.25
        }
    }
}