{
    "regime": "amp_1_wd_1_t85.0",
    "t_tot_center": 85.0,
    "best_t_tot": 83.87457739681864,
    "best_amp": 13.199471444189793,
    "best_w_d": 0.0034529575485425525,
    "best_value": 0.6267848648856158,
    "optimization_time": 1294.309395313263,
    "regime_bounds": {
        "amp": {
            "lower": 10.666666666666666,
            "upper": 13.333333333333332
        },
        "w_d": {
            "lower": 0.00314,
            "upper": 0.0034799999999999996
        },
        "t_tot": {
            "lower": 83.75,
            "upper": 86.25
        }
    }
}