{
    "regime": "amp_1_wd_0_t102.5",
    "t_tot_center": 102.5,
    "best_t_tot": 101.25004072905425,
    "best_amp": 12.947181525960628,
    "best_w_d": 0.0030031329496278923,
    "best_value": 1.1572511438037545,
    "optimization_time": 1295.9412035942078,
    "regime_bounds": {
        "amp": {
            "lower": 10.666666666666666,
            "upper": 13.333333333333332
        },
        "w_d": {
            "lower": 0.0028,
            "upper": 0.00314
        },
        "t_tot": {
            "lower": 101.25,
            "upper": 103.75
        }
    }
}