{
    "regime": "amp_3_wd_0_t110.0",
    "t_tot_center": 110.0,
    "best_t_tot": 109.8477281800361,
    "best_amp": 16.87591554271263,
    "best_w_d": 0.0031213489496344296,
    "best_value": 0.9726626113806467,
    "optimization_time": 1724.5070371627808,
    "regime_bounds": {
        "amp": {
            "lower": 16.0,
            "upper": 18.666666666666664
        },
        "w_d": {
            "lower": 0.0028,
            "upper": 0.00314
        },
        "t_tot": {
            "lower": 108.75,
            "upper": 111.25
        }
    }
}