{
    "regime": "amp_4_wd_3_t52.5",
    "t_tot_center": 52.5,
    "best_t_tot": 53.62883396428505,
    "best_amp": 18.750525082190535,
    "best_w_d": 0.0038424991499246,
    "best_value": 0.002347776553408388,
    "optimization_time": 1300.1946153640747,
    "regime_bounds": {
        "amp": {
            "lower": 18.666666666666664,
            "upper": 21.333333333333332
        },
        "w_d": {
            "lower": 0.0038199999999999996,
            "upper": 0.00416
        },
        "t_tot": {
            "lower": 51.25,
            "upper": 53.75
        }
    }
}