{
    "regime": "amp_3_wd_1_t80.0",
    "t_tot_center": 80.0,
    "best_t_tot": 79.74846355344836,
    "best_amp": 16.281799819969223,
    "best_w_d": 0.0034659677867053184,
    "best_value": 0.15969098705160195,
    "optimization_time": 1086.1949090957642,
    "regime_bounds": {
        "amp": {
            "lower": 16.0,
            "upper": 18.666666666666664
        },
        "w_d": {
            "lower": 0.00314,
            "upper": 0.0034799999999999996
        },
        "t_tot": {
            "lower": 78.75,
            "upper": 81.25
        }
    }
}