{
    "regime": "amp_2_wd_1_t70.0",
    "t_tot_center": 70.0,
    "best_t_tot": 69.40047986935566,
    "best_amp": 15.92117068810541,
    "best_w_d": 0.003474378197871988,
    "best_value": 0.06124923646808114,
    "optimization_time": 1000.0247824192047,
    "regime_bounds": {
        "amp": {
            "lower": 13.333333333333332,
            "upper": 16.0
        },
        "w_d": {
            "lower": 0.00314,
            "upper": 0.0034799999999999996
        },
        "t_tot": {
            "lower": 68.75,
            "upper": 71.25
        }
    }
}