{
    "regime": "amp_4_wd_1_t60.0",
    "t_tot_center": 60.0,
    "best_t_tot": 60.010243190659075,
    "best_amp": 18.81424266235991,
    "best_w_d": 0.0031759633406207174,
    "best_value": 5.219013715141507e-07,
    "optimization_time": 1035.3836705684662,
    "regime_bounds": {
        "amp": {
            "lower": 18.666666666666664,
            "upper": 21.333333333333332
        },
        "w_d": {
            "lower": 0.00314,
            "upper": 0.0034799999999999996
        },
        "t_tot": {
            "lower": 58.75,
            "upper": 61.25
        }
    }
}