{
    "regime": "amp_1_wd_1_t97.5",
    "t_tot_center": 97.5,
    "best_t_tot": 96.25034947857353,
    "best_amp": 13.068519583939617,
    "best_w_d": 0.0032787185510637757,
    "best_value": 1.2348558655497852,
    "optimization_time": 1568.520910024643,
    "regime_bounds": {
        "amp": {
            "lower": 10.666666666666666,
            "upper": 13.333333333333332
        },
        "w_d": {
            "lower": 0.00314,
            "upper": 0.0034799999999999996
        },
        "t_tot": {
            "lower": 96.25,
            "upper": 98.75
        }
    }
}