{
    "regime": "amp_4_wd_3_t87.5",
    "t_tot_center": 87.5,
    "best_t_tot": 87.20354152622653,
    "best_amp": 19.242712706069554,
    "best_w_d": 0.004080948189711542,
    "best_value": 0.1635620811779838,
    "optimization_time": 1025.466957807541,
    "regime_bounds": {
        "amp": {
            "lower": 18.666666666666664,
            "upper": 21.333333333333332
        },
        "w_d": {
            "lower": 0.0038199999999999996,
            "upper": 0.00416
        },
        "t_tot": {
            "lower": 86.25,
            "upper": 88.75
        }
    }
}