{
    "regime": "amp_3_wd_2_t107.5",
    "t_tot_center": 107.5,
    "best_t_tot": 107.19455316318283,
    "best_amp": 16.386235628802762,
    "best_w_d": 0.003528188259329361,
    "best_value": 0.7019580133531337,
    "optimization_time": 1057.2965395450592,
    "regime_bounds": {
        "amp": {
            "lower": 16.0,
            "upper": 18.666666666666664
        },
        "w_d": {
            "lower": 0.0034799999999999996,
            "upper": 0.0038199999999999996
        },
        "t_tot": {
            "lower": 106.25,
            "upper": 108.75
        }
    }
}