{
    "regime": "amp_0_wd_3_t80.0",
    "t_tot_center": 80.0,
    "best_t_tot": 78.75000000407228,
    "best_amp": 8.745749684803696,
    "best_w_d": 0.0038200000002665516,
    "best_value": 1.5797082937359435,
    "optimization_time": 3416.607129096985,
    "regime_bounds": {
        "amp": {
            "lower": 8.0,
            "upper": 10.666666666666666
        },
        "w_d": {
            "lower": 0.0038199999999999996,
            "upper": 0.00416
        },
        "t_tot": {
            "lower": 78.75,
            "upper": 81.25
        }
    }
}