{
    "regime": "amp_5_wd_3_t57.5",
    "t_tot_center": 57.5,
    "best_t_tot": 57.58026416370408,
    "best_amp": 21.740759269398495,
    "best_w_d": 0.003856820201699004,
    "best_value": 0.004558330229315927,
    "optimization_time": 1335.5450284481049,
    "regime_bounds": {
        "amp": {
            "lower": 21.333333333333332,
            "upper": 24.0
        },
        "w_d": {
            "lower": 0.0038199999999999996,
            "upper": 0.00416
        },
        "t_tot": {
            "lower": 56.25,
            "upper": 58.75
        }
    }
}