{
    "regime": "amp_4_wd_0_t82.5",
    "t_tot_center": 82.5,
    "best_t_tot": 81.69848313643853,
    "best_amp": 19.04117497282998,
    "best_w_d": 0.003123401295851166,
    "best_value": 0.061325954935210286,
    "optimization_time": 949.331326007843,
    "regime_bounds": {
        "amp": {
            "lower": 18.666666666666664,
            "upper": 21.333333333333332
        },
        "w_d": {
            "lower": 0.0028,
            "upper": 0.00314
        },
        "t_tot": {
            "lower": 81.25,
            "upper": 83.75
        }
    }
}