{
    "regime": "amp_4_wd_1_t92.5",
    "t_tot_center": 92.5,
    "best_t_tot": 91.86183478807328,
    "best_amp": 18.911313217233996,
    "best_w_d": 0.0033643167391671784,
    "best_value": 0.286473573803997,
    "optimization_time": 1528.5078632831573,
    "regime_bounds": {
        "amp": {
            "lower": 18.666666666666664,
            "upper": 21.333333333333332
        },
        "w_d": {
            "lower": 0.00314,
            "upper": 0.0034799999999999996
        },
        "t_tot": {
            "lower": 91.25,
            "upper": 93.75
        }
    }
}