{
    "regime": "amp_3_wd_1_t102.5",
    "t_tot_center": 102.5,
    "best_t_tot": 102.24110355222136,
    "best_amp": 18.558759293942984,
    "best_w_d": 0.0033107287711254957,
    "best_value": 0.5881288509572773,
    "optimization_time": 1429.8949296474457,
    "regime_bounds": {
        "amp": {
            "lower": 16.0,
            "upper": 18.666666666666664
        },
        "w_d": {
            "lower": 0.00314,
            "upper": 0.0034799999999999996
        },
        "t_tot": {
            "lower": 101.25,
            "upper": 103.75
        }
    }
}