{
    "regime": "amp_5_wd_1_t57.5",
    "t_tot_center": 57.5,
    "best_t_tot": 58.01009882739582,
    "best_amp": 21.45665297361054,
    "best_w_d": 0.0031474789949968054,
    "best_value": 0.005458691589975072,
    "optimization_time": 1074.4835410118103,
    "regime_bounds": {
        "amp": {
            "lower": 21.333333333333332,
            "upper": 24.0
        },
        "w_d": {
            "lower": 0.00314,
            "upper": 0.0034799999999999996
        },
        "t_tot": {
            "lower": 56.25,
            "upper": 58.75
        }
    }
}