{
    "regime": "amp_2_wd_2_t55.0",
    "t_tot_center": 55.0,
    "best_t_tot": 53.750001255023555,
    "best_amp": 13.39804099133912,
    "best_w_d": 0.0036524582859798612,
    "best_value": 0.024537217836108266,
    "optimization_time": 656.2110724449158,
    "regime_bounds": {
        "amp": {
            "lower": 13.333333333333332,
            "upper": 16.0
        },
        "w_d": {
            "lower": 0.0034799999999999996,
            "upper": 0.0038199999999999996
        },
        "t_tot": {
            "lower": 53.75,
            "upper": 56.25
        }
    }
}