{
    "regime": "amp_2_wd_1_t90.0",
    "t_tot_center": 90.0,
    "best_t_tot": 88.75000935124838,
    "best_amp": 14.217905262826273,
    "best_w_d": 0.003406219956753387,
    "best_value": 0.6390955415100292,
    "optimization_time": 800.5905990600586,
    "regime_bounds": {
        "amp": {
            "lower": 13.333333333333332,
            "upper": 16.0
        },
        "w_d": {
            "lower": 0.00314,
            "upper": 0.0034799999999999996
        },
        "t_tot": {
            "lower": 88.75,
            "upper": 91.25
        }
    }
}