{
    "regime": "amp_5_wd_3_t102.5",
    "t_tot_center": 102.5,
    "best_t_tot": 102.98590767736462,
    "best_amp": 21.877952811396128,
    "best_w_d": 0.003875569303144952,
    "best_value": 0.24680411361078183,
    "optimization_time": 1436.4671466350555,
    "regime_bounds": {
        "amp": {
            "lower": 21.333333333333332,
            "upper": 24.0
        },
        "w_d": {
            "lower": 0.0038199999999999996,
            "upper": 0.00416
        },
        "t_tot": {
            "lower": 101.25,
            "upper": 103.75
        }
    }
}