{
    "regime": "amp_4_wd_1_t115.0",
    "t_tot_center": 115.0,
    "best_t_tot": 115.1933234216783,
    "best_amp": 18.971967092941792,
    "best_w_d": 0.0034799996694072706,
    "best_value": 0.8741119783553973,
    "optimization_time": 2247.232254266739,
    "regime_bounds": {
        "amp": {
            "lower": 18.666666666666664,
            "upper": 21.333333333333332
        },
        "w_d": {
            "lower": 0.00314,
            "upper": 0.0034799999999999996
        },
        "t_tot": {
            "lower": 113.75,
            "upper": 116.25
        }
    }
}