{
    "regime": "amp_2_wd_0_t87.5",
    "t_tot_center": 87.5,
    "best_t_tot": 86.4354027567467,
    "best_amp": 14.120515202471415,
    "best_w_d": 0.0031037744700287526,
    "best_value": 0.41217407778057835,
    "optimization_time": 4407.639431238174,
    "regime_bounds": {
        "amp": {
            "lower": 13.333333333333332,
            "upper": 16.0
        },
        "w_d": {
            "lower": 0.0028,
            "upper": 0.00314
        },
        "t_tot": {
            "lower": 86.25,
            "upper": 88.75
        }
    }
}