{
    "regime": "amp_3_wd_1_t90.0",
    "t_tot_center": 90.0,
    "best_t_tot": 89.07850402814098,
    "best_amp": 16.302052940427835,
    "best_w_d": 0.003409889959263083,
    "best_value": 0.39140643906501316,
    "optimization_time": 1150.0535261631012,
    "regime_bounds": {
        "amp": {
            "lower": 16.0,
            "upper": 18.666666666666664
        },
        "w_d": {
            "lower": 0.00314,
            "upper": 0.0034799999999999996
        },
        "t_tot": {
            "lower": 88.75,
            "upper": 91.25
        }
    }
}