{
    "regime": "amp_2_wd_3_t97.5",
    "t_tot_center": 97.5,
    "best_t_tot": 97.0418882062196,
    "best_amp": 15.999999964245891,
    "best_w_d": 0.0038555457883805277,
    "best_value": 0.6107468921915814,
    "optimization_time": 1763.7387487888336,
    "regime_bounds": {
        "amp": {
            "lower": 13.333333333333332,
            "upper": 16.0
        },
        "w_d": {
            "lower": 0.0038199999999999996,
            "upper": 0.00416
        },
        "t_tot": {
            "lower": 96.25,
            "upper": 98.75
        }
    }
}