{
    "regime": "amp_0_wd_1_t97.5",
    "t_tot_center": 97.5,
    "best_t_tot": 96.2500000371538,
    "best_amp": 10.666666660785115,
    "best_w_d": 0.003140000000319129,
    "best_value": 1.718555950287861,
    "optimization_time": 3220.072685241699,
    "regime_bounds": {
        "amp": {
            "lower": 8.0,
            "upper": 10.666666666666666
        },
        "w_d": {
            "lower": 0.00314,
            "upper": 0.0034799999999999996
        },
        "t_tot": {
            "lower": 96.25,
            "upper": 98.75
        }
    }
}