{
    "regime": "amp_0_wd_3_t85.0",
    "t_tot_center": 85.0,
    "best_t_tot": 86.12386932131434,
    "best_amp": 9.641983659638386,
    "best_w_d": 0.004159737075405331,
    "best_value": 1.6962759483133523,
    "optimization_time": 874.8463344573975,
    "regime_bounds": {
        "amp": {
            "lower": 8.0,
            "upper": 10.666666666666666
        },
        "w_d": {
            "lower": 0.0038199999999999996,
            "upper": 0.00416
        },
        "t_tot": {
            "lower": 83.75,
            "upper": 86.25
        }
    }
}