{
    "regime": "amp_2_wd_4_t102.5",
    "t_tot_center": 102.5,
    "best_t_tot": 101.67372006708575,
    "best_amp": 15.999999680059748,
    "best_w_d": 0.004321736629480418,
    "best_value": 1.0447519738621556,
    "optimization_time": 1478.838350534439,
    "regime_bounds": {
        "amp": {
            "lower": 13.333333333333332,
            "upper": 16.0
        },
        "w_d": {
            "lower": 0.00416,
            "upper": 0.0045
        },
        "t_tot": {
            "lower": 101.25,
            "upper": 103.75
        }
    }
}