{
    "regime": "amp_3_wd_3_t85.0",
    "t_tot_center": 85.0,
    "best_t_tot": 85.42821424873802,
    "best_amp": 16.757773746284855,
    "best_w_d": 0.004159972500198233,
    "best_value": 0.4067020598466101,
    "optimization_time": 1098.8552899360657,
    "regime_bounds": {
        "amp": {
            "lower": 16.0,
            "upper": 18.666666666666664
        },
        "w_d": {
            "lower": 0.0038199999999999996,
            "upper": 0.00416
        },
        "t_tot": {
            "lower": 83.75,
            "upper": 86.25
        }
    }
}