{
    "regime": "amp_0_wd_2_t117.5",
    "t_tot_center": 117.5,
    "best_t_tot": 116.25827305089214,
    "best_amp": 10.666568779245855,
    "best_w_d": 0.0034800056613640802,
    "best_value": 1.702820877118016,
    "optimization_time": 928.8795602321625,
    "regime_bounds": {
        "amp": {
            "lower": 8.0,
            "upper": 10.666666666666666
        },
        "w_d": {
            "lower": 0.0034799999999999996,
            "upper": 0.0038199999999999996
        },
        "t_tot": {
            "lower": 116.25,
            "upper": 118.75
        }
    }
}