{
    "regime": "amp_1_wd_2_t117.5",
    "t_tot_center": 117.5,
    "best_t_tot": 116.25000000071887,
    "best_amp": 11.210260619593022,
    "best_w_d": 0.0034925911471218795,
    "best_value": 1.6216570674167325,
    "optimization_time": 2012.4058027267456,
    "regime_bounds": {
        "amp": {
            "lower": 10.666666666666666,
            "upper": 13.333333333333332
        },
        "w_d": {
            "lower": 0.0034799999999999996,
            "upper": 0.0038199999999999996
        },
        "t_tot": {
            "lower": 116.25,
            "upper": 118.75
        }
    }
}