{
    "regime": "amp_1_wd_4_t102.5",
    "t_tot_center": 102.5,
    "best_t_tot": 103.74999993798524,
    "best_amp": 13.333333332926456,
    "best_w_d": 0.004498646258214403,
    "best_value": 1.3645502338745497,
    "optimization_time": 1045.1287307739258,
    "regime_bounds": {
        "amp": {
            "lower": 10.666666666666666,
            "upper": 13.333333333333332
        },
        "w_d": {
            "lower": 0.00416,
            "upper": 0.0045
        },
        "t_tot": {
            "lower": 101.25,
            "upper": 103.75
        }
    }
}