{
    "regime": "amp_2_wd_3_t95.0",
    "t_tot_center": 95.0,
    "best_t_tot": 94.72353467692716,
    "best_amp": 15.850262426730067,
    "best_w_d": 0.004015898454022035,
    "best_value": 0.6139316472466022,
    "optimization_time": 1640.7623875141144,
    "regime_bounds": {
        "amp": {
            "lower": 13.333333333333332,
            "upper": 16.0
        },
        "w_d": {
            "lower": 0.0038199999999999996,
            "upper": 0.00416
        },
        "t_tot": {
            "lower": 93.75,
            "upper": 96.25
        }
    }
}