{
    "regime": "amp_3_wd_3_t55.0",
    "t_tot_center": 55.0,
    "best_t_tot": 54.61458548467239,
    "best_amp": 16.246466059417298,
    "best_w_d": 0.0038467569647359715,
    "best_value": 0.0013521977437107122,
    "optimization_time": 930.1885504722595,
    "regime_bounds": {
        "amp": {
            "lower": 16.0,
            "upper": 18.666666666666664
        },
        "w_d": {
            "lower": 0.0038199999999999996,
            "upper": 0.00416
        },
        "t_tot": {
            "lower": 53.75,
            "upper": 56.25
        }
    }
}