{
    "regime": "amp_4_wd_4_t90.0",
    "t_tot_center": 90.0,
    "best_t_tot": 89.77694495542251,
    "best_amp": 18.76930154543073,
    "best_w_d": 0.004163516858739922,
    "best_value": 0.1801973272552992,
    "optimization_time": 1111.077321767807,
    "regime_bounds": {
        "amp": {
            "lower": 18.666666666666664,
            "upper": 21.333333333333332
        },
        "w_d": {
            "lower": 0.00416,
            "upper": 0.0045
        },
        "t_tot": {
            "lower": 88.75,
            "upper": 91.25
        }
    }
}