{
    "regime": "amp_2_wd_4_t107.5",
    "t_tot_center": 107.5,
    "best_t_tot": 108.7499999986358,
    "best_amp": 14.510250960245708,
    "best_w_d": 0.004499999999994787,
    "best_value": 0.9929162552409123,
    "optimization_time": 2990.580461025238,
    "regime_bounds": {
        "amp": {
            "lower": 13.333333333333332,
            "upper": 16.0
        },
        "w_d": {
            "lower": 0.00416,
            "upper": 0.0045
        },
        "t_tot": {
            "lower": 106.25,
            "upper": 108.75
        }
    }
}