{
    "regime": "amp_0_wd_2_t50.0",
    "t_tot_center": 50.0,
    "best_t_tot": 48.750008811339285,
    "best_amp": 10.522727846422937,
    "best_w_d": 0.0036468417025525483,
    "best_value": 0.11353013661554151,
    "optimization_time": 2840.2721016407013,
    "regime_bounds": {
        "amp": {
            "lower": 8.0,
            "upper": 10.666666666666666
        },
        "w_d": {
            "lower": 0.0034799999999999996,
            "upper": 0.0038199999999999996
        },
        "t_tot": {
            "lower": 48.75,
            "upper": 51.25
        }
    }
}