{
    "regime": "amp_0_wd_4_t100.0",
    "t_tot_center": 100.0,
    "best_t_tot": 98.82126976757482,
    "best_amp": 10.666587632135554,
    "best_w_d": 0.0041606823699841524,
    "best_value": 1.7629043292484632,
    "optimization_time": 1595.9079535007477,
    "regime_bounds": {
        "amp": {
            "lower": 8.0,
            "upper": 10.666666666666666
        },
        "w_d": {
            "lower": 0.00416,
            "upper": 0.0045
        },
        "t_tot": {
            "lower": 98.75,
            "upper": 101.25
        }
    }
}