{
    "regime": "amp_5_wd_3_t100.0",
    "t_tot_center": 100.0,
    "best_t_tot": 99.60988062479767,
    "best_amp": 23.884747001213793,
    "best_w_d": 0.00410489090622877,
    "best_value": 0.012540190580793992,
    "optimization_time": 1679.9053344726562,
    "regime_bounds": {
        "amp": {
            "lower": 21.333333333333332,
            "upper": 24.0
        },
        "w_d": {
            "lower": 0.0038199999999999996,
            "upper": 0.00416
        },
        "t_tot": {
            "lower": 98.75,
            "upper": 101.25
        }
    }
}