{
    "regime": "amp_3_wd_3_t110.0",
    "t_tot_center": 110.0,
    "best_t_tot": 109.90614790182985,
    "best_amp": 17.271102558529588,
    "best_w_d": 0.004043509025509224,
    "best_value": 0.7313568274801349,
    "optimization_time": 952.2447326183319,
    "regime_bounds": {
        "amp": {
            "lower": 16.0,
            "upper": 18.666666666666664
        },
        "w_d": {
            "lower": 0.0038199999999999996,
            "upper": 0.00416
        },
        "t_tot": {
            "lower": 108.75,
            "upper": 111.25
        }
    }
}