{
    "regime": "amp_4_wd_0_t92.5",
    "t_tot_center": 92.5,
    "best_t_tot": 91.91069658637707,
    "best_amp": 18.893034521759375,
    "best_w_d": 0.0030693673852513637,
    "best_value": 0.16403897786971067,
    "optimization_time": 1464.5626578330994,
    "regime_bounds": {
        "amp": {
            "lower": 18.666666666666664,
            "upper": 21.333333333333332
        },
        "w_d": {
            "lower": 0.0028,
            "upper": 0.00314
        },
        "t_tot": {
            "lower": 91.25,
            "upper": 93.75
        }
    }
}