{
    "regime": "amp_2_wd_0_t90.0",
    "t_tot_center": 90.0,
    "best_t_tot": 88.75000163347289,
    "best_amp": 14.068286237423903,
    "best_w_d": 0.0031101080817534667,
    "best_value": 0.48694119270488,
    "optimization_time": 1583.6462013721466,
    "regime_bounds": {
        "amp": {
            "lower": 13.333333333333332,
            "upper": 16.0
        },
        "w_d": {
            "lower": 0.0028,
            "upper": 0.00314
        },
        "t_tot": {
            "lower": 88.75,
            "upper": 91.25
        }
    }
}