{
    "regime": "amp_4_wd_0_t100.0",
    "t_tot_center": 100.0,
    "best_t_tot": 99.3066724658347,
    "best_amp": 19.298710036569,
    "best_w_d": 0.003071276732122506,
    "best_value": 0.33319575274460106,
    "optimization_time": 1538.2656474113464,
    "regime_bounds": {
        "amp": {
            "lower": 18.666666666666664,
            "upper": 21.333333333333332
        },
        "w_d": {
            "lower": 0.0028,
            "upper": 0.00314
        },
        "t_tot": {
            "lower": 98.75,
            "upper": 101.25
        }
    }
}