{
    "regime": "amp_5_wd_0_t102.5",
    "t_tot_center": 102.5,
    "best_t_tot": 101.98110098699699,
    "best_amp": 21.658774328586382,
    "best_w_d": 0.003127164708820905,
    "best_value": 0.3452010937801705,
    "optimization_time": 1731.997341632843,
    "regime_bounds": {
        "amp": {
            "lower": 21.333333333333332,
            "upper": 24.0
        },
        "w_d": {
            "lower": 0.0028,
            "upper": 0.00314
        },
        "t_tot": {
            "lower": 101.25,
            "upper": 103.75
        }
    }
}