{
    "regime": "amp_0_wd_0_t75.0",
    "t_tot_center": 75.0,
    "best_t_tot": 74.84418375995584,
    "best_amp": 10.54855355673412,
    "best_w_d": 0.0031059569020126603,
    "best_value": 0.7869830056532301,
    "optimization_time": 914.5921833515167,
    "regime_bounds": {
        "amp": {
            "lower": 8.0,
            "upper": 10.666666666666666
        },
        "w_d": {
            "lower": 0.0028,
            "upper": 0.00314
        },
        "t_tot": {
            "lower": 73.75,
            "upper": 76.25
        }
    }
}