{
    "regime": "amp_3_wd_1_t52.5",
    "t_tot_center": 52.5,
    "best_t_tot": 52.23006700447376,
    "best_amp": 16.001552514616705,
    "best_w_d": 0.003448031551731769,
    "best_value": 1.213607093052549e-06,
    "optimization_time": 2361.8962545394897,
    "regime_bounds": {
        "amp": {
            "lower": 16.0,
            "upper": 18.666666666666664
        },
        "w_d": {
            "lower": 0.00314,
            "upper": 0.0034799999999999996
        },
        "t_tot": {
            "lower": 51.25,
            "upper": 53.75
        }
    }
}