{
    "regime": "amp_0_wd_2_t115.0",
    "t_tot_center": 115.0,
    "best_t_tot": 114.10062489114809,
    "best_amp": 10.6665452688914,
    "best_w_d": 0.0034907732410611792,
    "best_value": 1.6839676922596807,
    "optimization_time": 896.4599158763885,
    "regime_bounds": {
        "amp": {
            "lower": 8.0,
            "upper": 10.666666666666666
        },
        "w_d": {
            "lower": 0.0034799999999999996,
            "upper": 0.0038199999999999996
        },
        "t_tot": {
            "lower": 113.75,
            "upper": 116.25
        }
    }
}