{
    "regime": "amp_0_wd_2_t105.0",
    "t_tot_center": 105.0,
    "best_t_tot": 103.80685417931184,
    "best_amp": 10.666579561011655,
    "best_w_d": 0.003791233020259322,
    "best_value": 1.6322622268997593,
    "optimization_time": 1732.174642086029,
    "regime_bounds": {
        "amp": {
            "lower": 8.0,
            "upper": 10.666666666666666
        },
        "w_d": {
            "lower": 0.0034799999999999996,
            "upper": 0.0038199999999999996
        },
        "t_tot": {
            "lower": 103.75,
            "upper": 106.25
        }
    }
}