{
    "regime": "amp_1_wd_2_t82.5",
    "t_tot_center": 82.5,
    "best_t_tot": 81.25000200261974,
    "best_amp": 12.99416151374021,
    "best_w_d": 0.0035997025676034492,
    "best_value": 0.6428818538771953,
    "optimization_time": 2405.950588464737,
    "regime_bounds": {
        "amp": {
            "lower": 10.666666666666666,
            "upper": 13.333333333333332
        },
        "w_d": {
            "lower": 0.0034799999999999996,
            "upper": 0.0038199999999999996
        },
        "t_tot": {
            "lower": 81.25,
            "upper": 83.75
        }
    }
}