{
    "regime": "amp_4_wd_0_t72.5",
    "t_tot_center": 72.5,
    "best_t_tot": 72.39398186087217,
    "best_amp": 19.872524276535273,
    "best_w_d": 0.0031283410440645517,
    "best_value": 0.011987597148894195,
    "optimization_time": 1153.1758744716644,
    "regime_bounds": {
        "amp": {
            "lower": 18.666666666666664,
            "upper": 21.333333333333332
        },
        "w_d": {
            "lower": 0.0028,
            "upper": 0.00314
        },
        "t_tot": {
            "lower": 71.25,
            "upper": 73.75
        }
    }
}