{
    "regime": "amp_0_wd_1_t60.0",
    "t_tot_center": 60.0,
    "best_t_tot": 58.75000125169472,
    "best_amp": 10.381039140955911,
    "best_w_d": 0.003198761237005438,
    "best_value": 0.3102452651158557,
    "optimization_time": 542.8521983623505,
    "regime_bounds": {
        "amp": {
            "lower": 8.0,
            "upper": 10.666666666666666
        },
        "w_d": {
            "lower": 0.00314,
            "upper": 0.0034799999999999996
        },
        "t_tot": {
            "lower": 58.75,
            "upper": 61.25
        }
    }
}