{
    "regime": "amp_2_wd_3_t100.0",
    "t_tot_center": 100.0,
    "best_t_tot": 98.76674726406753,
    "best_amp": 15.823237229496076,
    "best_w_d": 0.0038675598098957637,
    "best_value": 0.7002449810617251,
    "optimization_time": 1825.3546524047852,
    "regime_bounds": {
        "amp": {
            "lower": 13.333333333333332,
            "upper": 16.0
        },
        "w_d": {
            "lower": 0.0038199999999999996,
            "upper": 0.00416
        },
        "t_tot": {
            "lower": 98.75,
            "upper": 101.25
        }
    }
}