{
    "regime": "amp_4_wd_2_t52.5",
    "t_tot_center": 52.5,
    "best_t_tot": 52.76697805598044,
    "best_amp": 18.67304214316193,
    "best_w_d": 0.0035843851281433625,
    "best_value": 0.0026718518806433315,
    "optimization_time": 861.4268712997437,
    "regime_bounds": {
        "amp": {
            "lower": 18.666666666666664,
            "upper": 21.333333333333332
        },
        "w_d": {
            "lower": 0.0034799999999999996,
            "upper": 0.0038199999999999996
        },
        "t_tot": {
            "lower": 51.25,
            "upper": 53.75
        }
    }
}