{
    "regime": "amp_1_wd_4_t87.5",
    "t_tot_center": 87.5,
    "best_t_tot": 86.2500000011354,
    "best_amp": 13.333333333331717,
    "best_w_d": 0.004306416356295846,
    "best_value": 1.2812173170427354,
    "optimization_time": 5245.410597085953,
    "regime_bounds": {
        "amp": {
            "lower": 10.666666666666666,
            "upper": 13.333333333333332
        },
        "w_d": {
            "lower": 0.00416,
            "upper": 0.0045
        },
        "t_tot": {
            "lower": 86.25,
            "upper": 88.75
        }
    }
}