{
    "regime": "amp_5_wd_2_t110.0",
    "t_tot_center": 110.0,
    "best_t_tot": 109.99963676911091,
    "best_amp": 21.78665141330586,
    "best_w_d": 0.0035462233251517088,
    "best_value": 0.4390554251012387,
    "optimization_time": 1491.9247786998749,
    "regime_bounds": {
        "amp": {
            "lower": 21.333333333333332,
            "upper": 24.0
        },
        "w_d": {
            "lower": 0.0034799999999999996,
            "upper": 0.0038199999999999996
        },
        "t_tot": {
            "lower": 108.75,
            "upper": 111.25
        }
    }
}