{
    "regime": "amp_5_wd_2_t90.0",
    "t_tot_center": 90.0,
    "best_t_tot": 89.87467713915981,
    "best_amp": 21.77091109456078,
    "best_w_d": 0.003819159017375527,
    "best_value": 0.12807574727874954,
    "optimization_time": 1893.951533317566,
    "regime_bounds": {
        "amp": {
            "lower": 21.333333333333332,
            "upper": 24.0
        },
        "w_d": {
            "lower": 0.0034799999999999996,
            "upper": 0.0038199999999999996
        },
        "t_tot": {
            "lower": 88.75,
            "upper": 91.25
        }
    }
}