{
    "regime": "amp_2_wd_1_t87.5",
    "t_tot_center": 87.5,
    "best_t_tot": 86.73308307181196,
    "best_amp": 15.432248963578115,
    "best_w_d": 0.003254231719505744,
    "best_value": 0.31890655321085404,
    "optimization_time": 1051.0654389858246,
    "regime_bounds": {
        "amp": {
            "lower": 13.333333333333332,
            "upper": 16.0
        },
        "w_d": {
            "lower": 0.00314,
            "upper": 0.0034799999999999996
        },
        "t_tot": {
            "lower": 86.25,
            "upper": 88.75
        }
    }
}