{
    "regime": "amp_0_wd_2_t70.0",
    "t_tot_center": 70.0,
    "best_t_tot": 68.75004041784749,
    "best_amp": 10.65374975437207,
    "best_w_d": 0.0036620055539912212,
    "best_value": 0.7560448697360385,
    "optimization_time": 1300.2654688358307,
    "regime_bounds": {
        "amp": {
            "lower": 8.0,
            "upper": 10.666666666666666
        },
        "w_d": {
            "lower": 0.0034799999999999996,
            "upper": 0.0038199999999999996
        },
        "t_tot": {
            "lower": 68.75,
            "upper": 71.25
        }
    }
}