{
    "regime": "amp_1_wd_2_t57.5",
    "t_tot_center": 57.5,
    "best_t_tot": 56.25000399034566,
    "best_amp": 12.979411155431121,
    "best_w_d": 0.0035111373330935793,
    "best_value": 0.049819273403563735,
    "optimization_time": 3061.1596088409424,
    "regime_bounds": {
        "amp": {
            "lower": 10.666666666666666,
            "upper": 13.333333333333332
        },
        "w_d": {
            "lower": 0.0034799999999999996,
            "upper": 0.0038199999999999996
        },
        "t_tot": {
            "lower": 56.25,
            "upper": 58.75
        }
    }
}