{
    "regime": "amp_0_wd_3_t55.0",
    "t_tot_center": 55.0,
    "best_t_tot": 53.75004741200185,
    "best_amp": 10.538447578714067,
    "best_w_d": 0.003886672320311745,
    "best_value": 0.24976540493232446,
    "optimization_time": 1454.3377740383148,
    "regime_bounds": {
        "amp": {
            "lower": 8.0,
            "upper": 10.666666666666666
        },
        "w_d": {
            "lower": 0.0038199999999999996,
            "upper": 0.00416
        },
        "t_tot": {
            "lower": 53.75,
            "upper": 56.25
        }
    }
}