{
    "regime": "amp_2_wd_2_t75.0",
    "t_tot_center": 75.0,
    "best_t_tot": 74.74095144547313,
    "best_amp": 15.905799168594813,
    "best_w_d": 0.00381996632226985,
    "best_value": 0.1511236201580374,
    "optimization_time": 1498.818400144577,
    "regime_bounds": {
        "amp": {
            "lower": 13.333333333333332,
            "upper": 16.0
        },
        "w_d": {
            "lower": 0.0034799999999999996,
            "upper": 0.0038199999999999996
        },
        "t_tot": {
            "lower": 73.75,
            "upper": 76.25
        }
    }
}