{
    "regime": "amp_5_wd_2_t52.5",
    "t_tot_center": 52.5,
    "best_t_tot": 53.036942613056084,
    "best_amp": 21.65371244270943,
    "best_w_d": 0.003580324315808195,
    "best_value": 0.012526325478083439,
    "optimization_time": 1178.975844860077,
    "regime_bounds": {
        "amp": {
            "lower": 21.333333333333332,
            "upper": 24.0
        },
        "w_d": {
            "lower": 0.0034799999999999996,
            "upper": 0.0038199999999999996
        },
        "t_tot": {
            "lower": 51.25,
            "upper": 53.75
        }
    }
}