{
    "regime": "amp_1_wd_3_t52.5",
    "t_tot_center": 52.5,
    "best_t_tot": 51.360434361175656,
    "best_amp": 13.0004756262591,
    "best_w_d": 0.0038613265863659185,
    "best_value": 0.02362619119754723,
    "optimization_time": 733.655017375946,
    "regime_bounds": {
        "amp": {
            "lower": 10.666666666666666,
            "upper": 13.333333333333332
        },
        "w_d": {
            "lower": 0.0038199999999999996,
            "upper": 0.00416
        },
        "t_tot": {
            "lower": 51.25,
            "upper": 53.75
        }
    }
}