{
    "regime": "amp_2_wd_2_t72.5",
    "t_tot_center": 72.5,
    "best_t_tot": 72.1316022588838,
    "best_amp": 15.898259310844068,
    "best_w_d": 0.0038199860344513715,
    "best_value": 0.10851740762748113,
    "optimization_time": 747.6148643493652,
    "regime_bounds": {
        "amp": {
            "lower": 13.333333333333332,
            "upper": 16.0
        },
        "w_d": {
            "lower": 0.0034799999999999996,
            "upper": 0.0038199999999999996
        },
        "t_tot": {
            "lower": 71.25,
            "upper": 73.75
        }
    }
}