{
    "regime": "amp_1_wd_1_t110.0",
    "t_tot_center": 110.0,
    "best_t_tot": 111.24999993123795,
    "best_amp": 10.666666679948392,
    "best_w_d": 0.0034799999850205557,
    "best_value": 1.740830386804897,
    "optimization_time": 1819.2400386333466,
    "regime_bounds": {
        "amp": {
            "lower": 10.666666666666666,
            "upper": 13.333333333333332
        },
        "w_d": {
            "lower": 0.00314,
            "upper": 0.0034799999999999996
        },
        "t_tot": {
            "lower": 108.75,
            "upper": 111.25
        }
    }
}