{
    "regime": "amp_2_wd_3_t92.5",
    "t_tot_center": 92.5,
    "best_t_tot": 92.35924262226439,
    "best_amp": 14.77444338370071,
    "best_w_d": 0.0041599999782453495,
    "best_value": 0.8703918123303183,
    "optimization_time": 825.8731484413147,
    "regime_bounds": {
        "amp": {
            "lower": 13.333333333333332,
            "upper": 16.0
        },
        "w_d": {
            "lower": 0.0038199999999999996,
            "upper": 0.00416
        },
        "t_tot": {
            "lower": 91.25,
            "upper": 93.75
        }
    }
}