{
    "regime": "amp_4_wd_2_t50.0",
    "t_tot_center": 50.0,
    "best_t_tot": 50.90208054069101,
    "best_amp": 18.7276934939669,
    "best_w_d": 0.0035959354277004404,
    "best_value": 0.006788823911143367,
    "optimization_time": 1178.2986135482788,
    "regime_bounds": {
        "amp": {
            "lower": 18.666666666666664,
            "upper": 21.333333333333332
        },
        "w_d": {
            "lower": 0.0034799999999999996,
            "upper": 0.0038199999999999996
        },
        "t_tot": {
            "lower": 48.75,
            "upper": 51.25
        }
    }
}