{
    "regime": "amp_3_wd_3_t112.5",
    "t_tot_center": 112.5,
    "best_t_tot": 111.81747062806377,
    "best_amp": 17.88534976010546,
    "best_w_d": 0.00394481494440766,
    "best_value": 0.5891496128058258,
    "optimization_time": 1571.1028017997742,
    "regime_bounds": {
        "amp": {
            "lower": 16.0,
            "upper": 18.666666666666664
        },
        "w_d": {
            "lower": 0.0038199999999999996,
            "upper": 0.00416
        },
        "t_tot": {
            "lower": 111.25,
            "upper": 113.75
        }
    }
}