{
    "regime": "amp_4_wd_1_t112.5",
    "t_tot_center": 112.5,
    "best_t_tot": 112.15448160568376,
    "best_amp": 18.853128875504748,
    "best_w_d": 0.0032942786438889247,
    "best_value": 0.3961614908572422,
    "optimization_time": 1511.7675611972809,
    "regime_bounds": {
        "amp": {
            "lower": 18.666666666666664,
            "upper": 21.333333333333332
        },
        "w_d": {
            "lower": 0.00314,
            "upper": 0.0034799999999999996
        },
        "t_tot": {
            "lower": 111.25,
            "upper": 113.75
        }
    }
}