{
    "regime": "amp_5_wd_3_t77.5",
    "t_tot_center": 77.5,
    "best_t_tot": 77.35706672743912,
    "best_amp": 21.561884371666427,
    "best_w_d": 0.004040709698066746,
    "best_value": 0.07396213739513752,
    "optimization_time": 1125.3816697597504,
    "regime_bounds": {
        "amp": {
            "lower": 21.333333333333332,
            "upper": 24.0
        },
        "w_d": {
            "lower": 0.0038199999999999996,
            "upper": 0.00416
        },
        "t_tot": {
            "lower": 76.25,
            "upper": 78.75
        }
    }
}