{
    "regime": "amp_0_wd_3_t120.0",
    "t_tot_center": 120.0,
    "best_t_tot": 121.2184144284576,
    "best_amp": 9.878020377303098,
    "best_w_d": 0.003820000025732858,
    "best_value": 1.6815943060259633,
    "optimization_time": 1614.949370622635,
    "regime_bounds": {
        "amp": {
            "lower": 8.0,
            "upper": 10.666666666666666
        },
        "w_d": {
            "lower": 0.0038199999999999996,
            "upper": 0.00416
        },
        "t_tot": {
            "lower": 118.75,
            "upper": 121.25
        }
    }
}