{
    "regime": "amp_1_wd_4_t62.5",
    "t_tot_center": 62.5,
    "best_t_tot": 61.73191819279471,
    "best_amp": 13.282945537857154,
    "best_w_d": 0.004203796267201775,
    "best_value": 0.1387993636092568,
    "optimization_time": 925.1826345920563,
    "regime_bounds": {
        "amp": {
            "lower": 10.666666666666666,
            "upper": 13.333333333333332
        },
        "w_d": {
            "lower": 0.00416,
            "upper": 0.0045
        },
        "t_tot": {
            "lower": 61.25,
            "upper": 63.75
        }
    }
}