{
    "regime": "amp_1_wd_1_t55.0",
    "t_tot_center": 55.0,
    "best_t_tot": 53.750075574357304,
    "best_amp": 12.816669193979713,
    "best_w_d": 0.0034464354337152532,
    "best_value": 0.0343016649064672,
    "optimization_time": 2277.1331300735474,
    "regime_bounds": {
        "amp": {
            "lower": 10.666666666666666,
            "upper": 13.333333333333332
        },
        "w_d": {
            "lower": 0.00314,
            "upper": 0.0034799999999999996
        },
        "t_tot": {
            "lower": 53.75,
            "upper": 56.25
        }
    }
}