{
    "regime": "amp_5_wd_1_t95.0",
    "t_tot_center": 95.0,
    "best_t_tot": 94.94285974095848,
    "best_amp": 21.63849870964603,
    "best_w_d": 0.003470813343029991,
    "best_value": 0.2581806358650647,
    "optimization_time": 1354.2069914340973,
    "regime_bounds": {
        "amp": {
            "lower": 21.333333333333332,
            "upper": 24.0
        },
        "w_d": {
            "lower": 0.00314,
            "upper": 0.0034799999999999996
        },
        "t_tot": {
            "lower": 93.75,
            "upper": 96.25
        }
    }
}