{
    "regime": "amp_0_wd_2_t55.0",
    "t_tot_center": 55.0,
    "best_t_tot": 53.75000594650033,
    "best_amp": 10.248068532026435,
    "best_w_d": 0.0036291528340013507,
    "best_value": 0.20065334014078776,
    "optimization_time": 940.4969477653503,
    "regime_bounds": {
        "amp": {
            "lower": 8.0,
            "upper": 10.666666666666666
        },
        "w_d": {
            "lower": 0.0034799999999999996,
            "upper": 0.0038199999999999996
        },
        "t_tot": {
            "lower": 53.75,
            "upper": 56.25
        }
    }
}