{
    "regime": "amp_3_wd_4_t100.0",
    "t_tot_center": 100.0,
    "best_t_tot": 101.04429257006642,
    "best_amp": 18.666666571936002,
    "best_w_d": 0.004221296063509809,
    "best_value": 0.3152388631583968,
    "optimization_time": 1807.0386242866516,
    "regime_bounds": {
        "amp": {
            "lower": 16.0,
            "upper": 18.666666666666664
        },
        "w_d": {
            "lower": 0.00416,
            "upper": 0.0045
        },
        "t_tot": {
            "lower": 98.75,
            "upper": 101.25
        }
    }
}