{
    "regime": "amp_0_wd_4_t57.5",
    "t_tot_center": 57.5,
    "best_t_tot": 56.25003056220143,
    "best_amp": 10.653098358463993,
    "best_w_d": 0.004265152662107422,
    "best_value": 0.3888425991448986,
    "optimization_time": 927.8866047859192,
    "regime_bounds": {
        "amp": {
            "lower": 8.0,
            "upper": 10.666666666666666
        },
        "w_d": {
            "lower": 0.00416,
            "upper": 0.0045
        },
        "t_tot": {
            "lower": 56.25,
            "upper": 58.75
        }
    }
}