{
    "regime": "amp_2_wd_4_t100.0",
    "t_tot_center": 100.0,
    "best_t_tot": 98.75000005521662,
    "best_amp": 15.999999987784843,
    "best_w_d": 0.00419441739539937,
    "best_value": 1.1505277617150167,
    "optimization_time": 1782.032145023346,
    "regime_bounds": {
        "amp": {
            "lower": 13.333333333333332,
            "upper": 16.0
        },
        "w_d": {
            "lower": 0.00416,
            "upper": 0.0045
        },
        "t_tot": {
            "lower": 98.75,
            "upper": 101.25
        }
    }
}