{
    "regime": "amp_4_wd_0_t65.0",
    "t_tot_center": 65.0,
    "best_t_tot": 63.75000485271196,
    "best_amp": 18.95353749650988,
    "best_w_d": 0.002997957433939658,
    "best_value": 0.0011198462526916964,
    "optimization_time": 1441.0050649642944,
    "regime_bounds": {
        "amp": {
            "lower": 18.666666666666664,
            "upper": 21.333333333333332
        },
        "w_d": {
            "lower": 0.0028,
            "upper": 0.00314
        },
        "t_tot": {
            "lower": 63.75,
            "upper": 66.25
        }
    }
}