{
    "regime": "amp_0_wd_2_t77.5",
    "t_tot_center": 77.5,
    "best_t_tot": 76.25000000219174,
    "best_amp": 10.666666665433977,
    "best_w_d": 0.003743336300788634,
    "best_value": 1.239524319499988,
    "optimization_time": 3662.2594242095947,
    "regime_bounds": {
        "amp": {
            "lower": 8.0,
            "upper": 10.666666666666666
        },
        "w_d": {
            "lower": 0.0034799999999999996,
            "upper": 0.0038199999999999996
        },
        "t_tot": {
            "lower": 76.25,
            "upper": 78.75
        }
    }
}