{
    "regime": "amp_2_wd_1_t112.5",
    "t_tot_center": 112.5,
    "best_t_tot": 112.1554658540308,
    "best_amp": 15.602626771405488,
    "best_w_d": 0.0034218718347539057,
    "best_value": 1.0032542935866222,
    "optimization_time": 2052.2054393291473,
    "regime_bounds": {
        "amp": {
            "lower": 13.333333333333332,
            "upper": 16.0
        },
        "w_d": {
            "lower": 0.00314,
            "upper": 0.0034799999999999996
        },
        "t_tot": {
            "lower": 111.25,
            "upper": 113.75
        }
    }
}