{
    "regime": "amp_0_wd_3_t102.5",
    "t_tot_center": 102.5,
    "best_t_tot": 101.25043651165859,
    "best_amp": 10.66666646265649,
    "best_w_d": 0.003879074466078658,
    "best_value": 1.649534244667178,
    "optimization_time": 1459.6319806575775,
    "regime_bounds": {
        "amp": {
            "lower": 8.0,
            "upper": 10.666666666666666
        },
        "w_d": {
            "lower": 0.0038199999999999996,
            "upper": 0.00416
        },
        "t_tot": {
            "lower": 101.25,
            "upper": 103.75
        }
    }
}