{
    "regime": "amp_5_wd_1_t92.5",
    "t_tot_center": 92.5,
    "best_t_tot": 92.16833608938559,
    "best_amp": 21.506627056475175,
    "best_w_d": 0.003274510415953332,
    "best_value": 0.1502684481114139,
    "optimization_time": 1078.4047892093658,
    "regime_bounds": {
        "amp": {
            "lower": 21.333333333333332,
            "upper": 24.0
        },
        "w_d": {
            "lower": 0.00314,
            "upper": 0.0034799999999999996
        },
        "t_tot": {
            "lower": 91.25,
            "upper": 93.75
        }
    }
}