{
    "regime": "amp_5_wd_2_t75.0",
    "t_tot_center": 75.0,
    "best_t_tot": 74.75145098297139,
    "best_amp": 21.451174219253716,
    "best_w_d": 0.0038063395720799413,
    "best_value": 0.018503310412021443,
    "optimization_time": 3153.099487066269,
    "regime_bounds": {
        "amp": {
            "lower": 21.333333333333332,
            "upper": 24.0
        },
        "w_d": {
            "lower": 0.0034799999999999996,
            "upper": 0.0038199999999999996
        },
        "t_tot": {
            "lower": 73.75,
            "upper": 76.25
        }
    }
}