{
    "regime": "amp_5_wd_1_t65.0",
    "t_tot_center": 65.0,
    "best_t_tot": 65.43245401221952,
    "best_amp": 21.385483470736787,
    "best_w_d": 0.003168121734968708,
    "best_value": 9.64387670503176e-07,
    "optimization_time": 976.0528202056885,
    "regime_bounds": {
        "amp": {
            "lower": 21.333333333333332,
            "upper": 24.0
        },
        "w_d": {
            "lower": 0.00314,
            "upper": 0.0034799999999999996
        },
        "t_tot": {
            "lower": 63.75,
            "upper": 66.25
        }
    }
}