{
    "regime": "amp_1_wd_2_t97.5",
    "t_tot_center": 97.5,
    "best_t_tot": 96.25000004836826,
    "best_amp": 13.33333332480005,
    "best_w_d": 0.003661700343820865,
    "best_value": 1.5431815132929283,
    "optimization_time": 1805.875233411789,
    "regime_bounds": {
        "amp": {
            "lower": 10.666666666666666,
            "upper": 13.333333333333332
        },
        "w_d": {
            "lower": 0.0034799999999999996,
            "upper": 0.0038199999999999996
        },
        "t_tot": {
            "lower": 96.25,
            "upper": 98.75
        }
    }
}