{
    "regime": "amp_1_wd_2_t80.0",
    "t_tot_center": 80.0,
    "best_t_tot": 78.75001881402454,
    "best_amp": 13.190850248778581,
    "best_w_d": 0.003759194213311012,
    "best_value": 0.5774510942541375,
    "optimization_time": 1531.8269929885864,
    "regime_bounds": {
        "amp": {
            "lower": 10.666666666666666,
            "upper": 13.333333333333332
        },
        "w_d": {
            "lower": 0.0034799999999999996,
            "upper": 0.0038199999999999996
        },
        "t_tot": {
            "lower": 78.75,
            "upper": 81.25
        }
    }
}