{
    "regime": "amp_1_wd_4_t60.0",
    "t_tot_center": 60.0,
    "best_t_tot": 59.05580006260829,
    "best_amp": 12.724784643207812,
    "best_w_d": 0.004242123788626687,
    "best_value": 0.1398789657503134,
    "optimization_time": 586.719628572464,
    "regime_bounds": {
        "amp": {
            "lower": 10.666666666666666,
            "upper": 13.333333333333332
        },
        "w_d": {
            "lower": 0.00416,
            "upper": 0.0045
        },
        "t_tot": {
            "lower": 58.75,
            "upper": 61.25
        }
    }
}