{
    "regime": "amp_4_wd_0_t50.0",
    "t_tot_center": 50.0,
    "best_t_tot": 50.209506373502705,
    "best_amp": 19.045204797125386,
    "best_w_d": 0.003101104086969733,
    "best_value": 0.011173987443640006,
    "optimization_time": 1588.7901618480682,
    "regime_bounds": {
        "amp": {
            "lower": 18.666666666666664,
            "upper": 21.333333333333332
        },
        "w_d": {
            "lower": 0.0028,
            "upper": 0.00314
        },
        "t_tot": {
            "lower": 48.75,
            "upper": 51.25
        }
    }
}