{
    "regime": "amp_0_wd_4_t50.0",
    "t_tot_center": 50.0,
    "best_t_tot": 48.750039518907165,
    "best_amp": 10.638617970304779,
    "best_w_d": 0.0042232634357296656,
    "best_value": 0.14829273971633689,
    "optimization_time": 2968.264354944229,
    "regime_bounds": {
        "amp": {
            "lower": 8.0,
            "upper": 10.666666666666666
        },
        "w_d": {
            "lower": 0.00416,
            "upper": 0.0045
        },
        "t_tot": {
            "lower": 48.75,
            "upper": 51.25
        }
    }
}