{
    "regime": "amp_5_wd_3_t75.0",
    "t_tot_center": 75.0,
    "best_t_tot": 74.98402962471239,
    "best_amp": 21.34630704094635,
    "best_w_d": 0.00412982836797073,
    "best_value": 0.05674170387545964,
    "optimization_time": 1022.8879280090332,
    "regime_bounds": {
        "amp": {
            "lower": 21.333333333333332,
            "upper": 24.0
        },
        "w_d": {
            "lower": 0.0038199999999999996,
            "upper": 0.00416
        },
        "t_tot": {
            "lower": 73.75,
            "upper": 76.25
        }
    }
}