{
    "regime": "amp_1_wd_2_t55.0",
    "t_tot_center": 55.0,
    "best_t_tot": 53.75000047949934,
    "best_amp": 11.438710052542127,
    "best_w_d": 0.0036185528982889065,
    "best_value": 0.10968999023942705,
    "optimization_time": 4120.1864149570465,
    "regime_bounds": {
        "amp": {
            "lower": 10.666666666666666,
            "upper": 13.333333333333332
        },
        "w_d": {
            "lower": 0.0034799999999999996,
            "upper": 0.0038199999999999996
        },
        "t_tot": {
            "lower": 53.75,
            "upper": 56.25
        }
    }
}