{
    "regime": "amp_2_wd_4_t55.0",
    "t_tot_center": 55.0,
    "best_t_tot": 54.17228600523645,
    "best_amp": 13.398437538278232,
    "best_w_d": 0.004234300406701115,
    "best_value": 0.040995942549372735,
    "optimization_time": 997.5160980224609,
    "regime_bounds": {
        "amp": {
            "lower": 13.333333333333332,
            "upper": 16.0
        },
        "w_d": {
            "lower": 0.00416,
            "upper": 0.0045
        },
        "t_tot": {
            "lower": 53.75,
            "upper": 56.25
        }
    }
}