{
    "regime": "amp_2_wd_2_t95.0",
    "t_tot_center": 95.0,
    "best_t_tot": 96.08847620310478,
    "best_amp": 15.682325897872449,
    "best_w_d": 0.003819947219020215,
    "best_value": 0.7128822756740594,
    "optimization_time": 1236.6661505699158,
    "regime_bounds": {
        "amp": {
            "lower": 13.333333333333332,
            "upper": 16.0
        },
        "w_d": {
            "lower": 0.0034799999999999996,
            "upper": 0.0038199999999999996
        },
        "t_tot": {
            "lower": 93.75,
            "upper": 96.25
        }
    }
}