{
    "regime": "amp_1_wd_3_t87.5",
    "t_tot_center": 87.5,
    "best_t_tot": 88.74999999889218,
    "best_amp": 13.24197383015991,
    "best_w_d": 0.004159999999988877,
    "best_value": 1.3866037108606408,
    "optimization_time": 1342.5566194057465,
    "regime_bounds": {
        "amp": {
            "lower": 10.666666666666666,
            "upper": 13.333333333333332
        },
        "w_d": {
            "lower": 0.0038199999999999996,
            "upper": 0.00416
        },
        "t_tot": {
            "lower": 86.25,
            "upper": 88.75
        }
    }
}