{
    "regime": "amp_0_wd_0_t112.5",
    "t_tot_center": 112.5,
    "best_t_tot": 113.74999999919862,
    "best_amp": 10.666666666660888,
    "best_w_d": 0.0030138348057204027,
    "best_value": 1.8240301982059361,
    "optimization_time": 928.8836808204651,
    "regime_bounds": {
        "amp": {
            "lower": 8.0,
            "upper": 10.666666666666666
        },
        "w_d": {
            "lower": 0.0028,
            "upper": 0.00314
        },
        "t_tot": {
            "lower": 111.25,
            "upper": 113.75
        }
    }
}