{
    "regime": "amp_1_wd_4_t67.5",
    "t_tot_center": 67.5,
    "best_t_tot": 66.25000160212501,
    "best_amp": 13.247647509973833,
    "best_w_d": 0.004325538887541518,
    "best_value": 0.276366308337178,
    "optimization_time": 974.6390035152435,
    "regime_bounds": {
        "amp": {
            "lower": 10.666666666666666,
            "upper": 13.333333333333332
        },
        "w_d": {
            "lower": 0.00416,
            "upper": 0.0045
        },
        "t_tot": {
            "lower": 66.25,
            "upper": 68.75
        }
    }
}