{
    "regime": "amp_1_wd_3_t50.0",
    "t_tot_center": 50.0,
    "best_t_tot": 48.92587709023889,
    "best_amp": 11.543525406760388,
    "best_w_d": 0.0038687042558532402,
    "best_value": 0.037501728862873035,
    "optimization_time": 578.0598843097687,
    "regime_bounds": {
        "amp": {
            "lower": 10.666666666666666,
            "upper": 13.333333333333332
        },
        "w_d": {
            "lower": 0.0038199999999999996,
            "upper": 0.00416
        },
        "t_tot": {
            "lower": 48.75,
            "upper": 51.25
        }
    }
}