{
    "regime": "amp_0_wd_1_t77.5",
    "t_tot_center": 77.5,
    "best_t_tot": 76.34409113342372,
    "best_amp": 10.665206834892162,
    "best_w_d": 0.0033816263666354733,
    "best_value": 0.988853491269345,
    "optimization_time": 1646.551911830902,
    "regime_bounds": {
        "amp": {
            "lower": 8.0,
            "upper": 10.666666666666666
        },
        "w_d": {
            "lower": 0.00314,
            "upper": 0.0034799999999999996
        },
        "t_tot": {
            "lower": 76.25,
            "upper": 78.75
        }
    }
}