{
    "regime": "amp_4_wd_2_t102.5",
    "t_tot_center": 102.5,
    "best_t_tot": 102.25875611900888,
    "best_amp": 20.17442888332577,
    "best_w_d": 0.003608511120385555,
    "best_value": 0.19894101771943623,
    "optimization_time": 2958.387787103653,
    "regime_bounds": {
        "amp": {
            "lower": 18.666666666666664,
            "upper": 21.333333333333332
        },
        "w_d": {
            "lower": 0.0034799999999999996,
            "upper": 0.0038199999999999996
        },
        "t_tot": {
            "lower": 101.25,
            "upper": 103.75
        }
    }
}