{
    "regime": "amp_4_wd_3_t77.5",
    "t_tot_center": 77.5,
    "best_t_tot": 77.16551187369006,
    "best_amp": 18.677179618205585,
    "best_w_d": 0.004142788485060879,
    "best_value": 0.1729527466424267,
    "optimization_time": 1013.8990263938904,
    "regime_bounds": {
        "amp": {
            "lower": 18.666666666666664,
            "upper": 21.333333333333332
        },
        "w_d": {
            "lower": 0.0038199999999999996,
            "upper": 0.00416
        },
        "t_tot": {
            "lower": 76.25,
            "upper": 78.75
        }
    }
}