{
    "regime": "amp_1_wd_3_t100.0",
    "t_tot_center": 100.0,
    "best_t_tot": 98.7500000101697,
    "best_amp": 13.333333333290218,
    "best_w_d": 0.0038381736955221267,
    "best_value": 1.4733574506813227,
    "optimization_time": 2835.2591309547424,
    "regime_bounds": {
        "amp": {
            "lower": 10.666666666666666,
            "upper": 13.333333333333332
        },
        "w_d": {
            "lower": 0.0038199999999999996,
            "upper": 0.00416
        },
        "t_tot": {
            "lower": 98.75,
            "upper": 101.25
        }
    }
}