{
    "regime": "amp_4_wd_3_t102.5",
    "t_tot_center": 102.5,
    "best_t_tot": 101.35357305222036,
    "best_amp": 18.668966338975704,
    "best_w_d": 0.003820213743945001,
    "best_value": 0.49173134480645403,
    "optimization_time": 1592.3524775505066,
    "regime_bounds": {
        "amp": {
            "lower": 18.666666666666664,
            "upper": 21.333333333333332
        },
        "w_d": {
            "lower": 0.0038199999999999996,
            "upper": 0.00416
        },
        "t_tot": {
            "lower": 101.25,
            "upper": 103.75
        }
    }
}