{
    "regime": "amp_2_wd_1_t55.0",
    "t_tot_center": 55.0,
    "best_t_tot": 53.75000096962749,
    "best_amp": 13.700542212479148,
    "best_w_d": 0.0034708583633234463,
    "best_value": 0.012712325455422006,
    "optimization_time": 1216.5599749088287,
    "regime_bounds": {
        "amp": {
            "lower": 13.333333333333332,
            "upper": 16.0
        },
        "w_d": {
            "lower": 0.00314,
            "upper": 0.0034799999999999996
        },
        "t_tot": {
            "lower": 53.75,
            "upper": 56.25
        }
    }
}