{
    "regime": "amp_0_wd_3_t105.0",
    "t_tot_center": 105.0,
    "best_t_tot": 103.75000000053649,
    "best_amp": 10.666666666640602,
    "best_w_d": 0.0038200000000103355,
    "best_value": 1.659970646961224,
    "optimization_time": 3410.285731315613,
    "regime_bounds": {
        "amp": {
            "lower": 8.0,
            "upper": 10.666666666666666
        },
        "w_d": {
            "lower": 0.0038199999999999996,
            "upper": 0.00416
        },
        "t_tot": {
            "lower": 103.75,
            "upper": 106.25
        }
    }
}