{
    "regime": "amp_1_wd_3_t77.5",
    "t_tot_center": 77.5,
    "best_t_tot": 76.25002860870232,
    "best_amp": 13.239630407733342,
    "best_w_d": 0.0040318994025814615,
    "best_value": 0.6217084074969967,
    "optimization_time": 1062.0428447723389,
    "regime_bounds": {
        "amp": {
            "lower": 10.666666666666666,
            "upper": 13.333333333333332
        },
        "w_d": {
            "lower": 0.0038199999999999996,
            "upper": 0.00416
        },
        "t_tot": {
            "lower": 76.25,
            "upper": 78.75
        }
    }
}