{
    "regime": "amp_3_wd_3_t62.5",
    "t_tot_center": 62.5,
    "best_t_tot": 62.295207061835754,
    "best_amp": 16.429592993059348,
    "best_w_d": 0.0038521486609369143,
    "best_value": 0.018694623953218515,
    "optimization_time": 1219.6914677619934,
    "regime_bounds": {
        "amp": {
            "lower": 16.0,
            "upper": 18.666666666666664
        },
        "w_d": {
            "lower": 0.0038199999999999996,
            "upper": 0.00416
        },
        "t_tot": {
            "lower": 61.25,
            "upper": 63.75
        }
    }
}