{
    "regime": "amp_2_wd_1_t105.0",
    "t_tot_center": 105.0,
    "best_t_tot": 104.88945566498457,
    "best_amp": 15.999993935452892,
    "best_w_d": 0.003302513443456637,
    "best_value": 1.021303145223933,
    "optimization_time": 1018.6555089950562,
    "regime_bounds": {
        "amp": {
            "lower": 13.333333333333332,
            "upper": 16.0
        },
        "w_d": {
            "lower": 0.00314,
            "upper": 0.0034799999999999996
        },
        "t_tot": {
            "lower": 103.75,
            "upper": 106.25
        }
    }
}