{
    "regime": "amp_4_wd_0_t107.5",
    "t_tot_center": 107.5,
    "best_t_tot": 106.9674373461248,
    "best_amp": 21.272545207986504,
    "best_w_d": 0.0028221191158944547,
    "best_value": 0.30828091878936364,
    "optimization_time": 1199.4311454296112,
    "regime_bounds": {
        "amp": {
            "lower": 18.666666666666664,
            "upper": 21.333333333333332
        },
        "w_d": {
            "lower": 0.0028,
            "upper": 0.00314
        },
        "t_tot": {
            "lower": 106.25,
            "upper": 108.75
        }
    }
}