{
    "regime": "amp_2_wd_4_t120.0",
    "t_tot_center": 120.0,
    "best_t_tot": 118.75000000415558,
    "best_amp": 14.156054354282873,
    "best_w_d": 0.0042120243001547205,
    "best_value": 1.015536356784412,
    "optimization_time": 2751.1360273361206,
    "regime_bounds": {
        "amp": {
            "lower": 13.333333333333332,
            "upper": 16.0
        },
        "w_d": {
            "lower": 0.00416,
            "upper": 0.0045
        },
        "t_tot": {
            "lower": 118.75,
            "upper": 121.25
        }
    }
}