{
    "regime": "amp_4_wd_1_t95.0",
    "t_tot_center": 95.0,
    "best_t_tot": 94.69331817939796,
    "best_amp": 18.843186148578887,
    "best_w_d": 0.003459969429811132,
    "best_value": 0.44041729237385396,
    "optimization_time": 2848.0219995975494,
    "regime_bounds": {
        "amp": {
            "lower": 18.666666666666664,
            "upper": 21.333333333333332
        },
        "w_d": {
            "lower": 0.00314,
            "upper": 0.0034799999999999996
        },
        "t_tot": {
            "lower": 93.75,
            "upper": 96.25
        }
    }
}