{
    "regime": "amp_5_wd_1_t62.5",
    "t_tot_center": 62.5,
    "best_t_tot": 62.723290479710954,
    "best_amp": 21.356921690804473,
    "best_w_d": 0.0031560838870977256,
    "best_value": 0.0007392830847144183,
    "optimization_time": 1261.5843846797943,
    "regime_bounds": {
        "amp": {
            "lower": 21.333333333333332,
            "upper": 24.0
        },
        "w_d": {
            "lower": 0.00314,
            "upper": 0.0034799999999999996
        },
        "t_tot": {
            "lower": 61.25,
            "upper": 63.75
        }
    }
}