{
    "regime": "amp_0_wd_3_t82.5",
    "t_tot_center": 82.5,
    "best_t_tot": 82.18761247250745,
    "best_amp": 9.339607415650665,
    "best_w_d": 0.0041077150972539155,
    "best_value": 1.6232084604234085,
    "optimization_time": 1230.9689202308655,
    "regime_bounds": {
        "amp": {
            "lower": 8.0,
            "upper": 10.666666666666666
        },
        "w_d": {
            "lower": 0.0038199999999999996,
            "upper": 0.00416
        },
        "t_tot": {
            "lower": 81.25,
            "upper": 83.75
        }
    }
}