{
    "regime": "amp_5_wd_0_t120.0",
    "t_tot_center": 120.0,
    "best_t_tot": 119.63041733494906,
    "best_amp": 23.871036014533598,
    "best_w_d": 0.0029880930979618034,
    "best_value": 0.15903667606325897,
    "optimization_time": 1116.6069672107697,
    "regime_bounds": {
        "amp": {
            "lower": 21.333333333333332,
            "upper": 24.0
        },
        "w_d": {
            "lower": 0.0028,
            "upper": 0.00314
        },
        "t_tot": {
            "lower": 118.75,
            "upper": 121.25
        }
    }
}