{
    "regime": "amp_3_wd_3_t60.0",
    "t_tot_center": 60.0,
    "best_t_tot": 59.29874509563538,
    "best_amp": 16.274124325066403,
    "best_w_d": 0.0038725453945026634,
    "best_value": 0.010329642579364022,
    "optimization_time": 935.147135257721,
    "regime_bounds": {
        "amp": {
            "lower": 16.0,
            "upper": 18.666666666666664
        },
        "w_d": {
            "lower": 0.0038199999999999996,
            "upper": 0.00416
        },
        "t_tot": {
            "lower": 58.75,
            "upper": 61.25
        }
    }
}