{
    "regime": "amp_5_wd_1_t50.0",
    "t_tot_center": 50.0,
    "best_t_tot": 49.908516820353334,
    "best_amp": 21.343480619532386,
    "best_w_d": 0.003474897459233921,
    "best_value": 0.018450325678735297,
    "optimization_time": 1409.9512944221497,
    "regime_bounds": {
        "amp": {
            "lower": 21.333333333333332,
            "upper": 24.0
        },
        "w_d": {
            "lower": 0.00314,
            "upper": 0.0034799999999999996
        },
        "t_tot": {
            "lower": 48.75,
            "upper": 51.25
        }
    }
}