{
    "regime": "amp_1_wd_4_t82.5",
    "t_tot_center": 82.5,
    "best_t_tot": 81.87099517388681,
    "best_amp": 13.333333333239045,
    "best_w_d": 0.0044999999998534225,
    "best_value": 1.1943979053215996,
    "optimization_time": 729.4928793907166,
    "regime_bounds": {
        "amp": {
            "lower": 10.666666666666666,
            "upper": 13.333333333333332
        },
        "w_d": {
            "lower": 0.00416,
            "upper": 0.0045
        },
        "t_tot": {
            "lower": 81.25,
            "upper": 83.75
        }
    }
}