{
    "regime": "amp_4_wd_4_t115.0",
    "t_tot_center": 115.0,
    "best_t_tot": 114.45937643700962,
    "best_amp": 20.623683834511514,
    "best_w_d": 0.0044591973090187375,
    "best_value": 0.3845460837807465,
    "optimization_time": 3719.3154451847076,
    "regime_bounds": {
        "amp": {
            "lower": 18.666666666666664,
            "upper": 21.333333333333332
        },
        "w_d": {
            "lower": 0.00416,
            "upper": 0.0045
        },
        "t_tot": {
            "lower": 113.75,
            "upper": 116.25
        }
    }
}