{
    "regime": "amp_4_wd_3_t120.0",
    "t_tot_center": 120.0,
    "best_t_tot": 119.1506470947039,
    "best_amp": 18.666998921245376,
    "best_w_d": 0.0038593094291751316,
    "best_value": 0.7269720301991661,
    "optimization_time": 3934.5564670562744,
    "regime_bounds": {
        "amp": {
            "lower": 18.666666666666664,
            "upper": 21.333333333333332
        },
        "w_d": {
            "lower": 0.0038199999999999996,
            "upper": 0.00416
        },
        "t_tot": {
            "lower": 118.75,
            "upper": 121.25
        }
    }
}