{
    "regime": "amp_5_wd_1_t110.0",
    "t_tot_center": 110.0,
    "best_t_tot": 109.6908350781202,
    "best_amp": 21.425975662790382,
    "best_w_d": 0.003362968196011756,
    "best_value": 0.20546500212374652,
    "optimization_time": 2004.0657014846802,
    "regime_bounds": {
        "amp": {
            "lower": 21.333333333333332,
            "upper": 24.0
        },
        "w_d": {
            "lower": 0.00314,
            "upper": 0.0034799999999999996
        },
        "t_tot": {
            "lower": 108.75,
            "upper": 111.25
        }
    }
}