{
    "regime": "amp_4_wd_0_t97.5",
    "t_tot_center": 97.5,
    "best_t_tot": 97.45217322371167,
    "best_amp": 19.35102555841938,
    "best_w_d": 0.003046071560619286,
    "best_value": 0.25486670280565943,
    "optimization_time": 1611.8856387138367,
    "regime_bounds": {
        "amp": {
            "lower": 18.666666666666664,
            "upper": 21.333333333333332
        },
        "w_d": {
            "lower": 0.0028,
            "upper": 0.00314
        },
        "t_tot": {
            "lower": 96.25,
            "upper": 98.75
        }
    }
}