{
    "regime": "amp_3_wd_3_t102.5",
    "t_tot_center": 102.5,
    "best_t_tot": 101.2500100269159,
    "best_amp": 17.856450018551786,
    "best_w_d": 0.00382000004257858,
    "best_value": 0.537243385313882,
    "optimization_time": 1113.947041273117,
    "regime_bounds": {
        "amp": {
            "lower": 16.0,
            "upper": 18.666666666666664
        },
        "w_d": {
            "lower": 0.0038199999999999996,
            "upper": 0.00416
        },
        "t_tot": {
            "lower": 101.25,
            "upper": 103.75
        }
    }
}