{
    "regime": "amp_3_wd_1_t95.0",
    "t_tot_center": 95.0,
    "best_t_tot": 93.98471187125166,
    "best_amp": 16.072023897174684,
    "best_w_d": 0.003479765266697011,
    "best_value": 0.7239453534963775,
    "optimization_time": 1148.5881459712982,
    "regime_bounds": {
        "amp": {
            "lower": 16.0,
            "upper": 18.666666666666664
        },
        "w_d": {
            "lower": 0.00314,
            "upper": 0.0034799999999999996
        },
        "t_tot": {
            "lower": 93.75,
            "upper": 96.25
        }
    }
}