{
    "regime": "amp_2_wd_3_t85.0",
    "t_tot_center": 85.0,
    "best_t_tot": 85.61217944630185,
    "best_amp": 15.935310902429325,
    "best_w_d": 0.004159998689428104,
    "best_value": 0.5479072988086363,
    "optimization_time": 876.2281062602997,
    "regime_bounds": {
        "amp": {
            "lower": 13.333333333333332,
            "upper": 16.0
        },
        "w_d": {
            "lower": 0.0038199999999999996,
            "upper": 0.00416
        },
        "t_tot": {
            "lower": 83.75,
            "upper": 86.25
        }
    }
}