{
    "regime": "amp_2_wd_2_t62.5",
    "t_tot_center": 62.5,
    "best_t_tot": 62.221814863292394,
    "best_amp": 14.834931776930722,
    "best_w_d": 0.003504706395711206,
    "best_value": 0.03998361904523878,
    "optimization_time": 4803.866307020187,
    "regime_bounds": {
        "amp": {
            "lower": 13.333333333333332,
            "upper": 16.0
        },
        "w_d": {
            "lower": 0.0034799999999999996,
            "upper": 0.0038199999999999996
        },
        "t_tot": {
            "lower": 61.25,
            "upper": 63.75
        }
    }
}