{
    "regime": "amp_2_wd_2_t82.5",
    "t_tot_center": 82.5,
    "best_t_tot": 81.71381973801729,
    "best_amp": 15.827532803041743,
    "best_w_d": 0.003808888498495941,
    "best_value": 0.37561590211965085,
    "optimization_time": 1050.1202669143677,
    "regime_bounds": {
        "amp": {
            "lower": 13.333333333333332,
            "upper": 16.0
        },
        "w_d": {
            "lower": 0.0034799999999999996,
            "upper": 0.0038199999999999996
        },
        "t_tot": {
            "lower": 81.25,
            "upper": 83.75
        }
    }
}