{
    "regime": "amp_2_wd_3_t115.0",
    "t_tot_center": 115.0,
    "best_t_tot": 116.24999999891604,
    "best_amp": 14.140980681867076,
    "best_w_d": 0.004159999999994119,
    "best_value": 1.1809111962685317,
    "optimization_time": 2181.2431054115295,
    "regime_bounds": {
        "amp": {
            "lower": 13.333333333333332,
            "upper": 16.0
        },
        "w_d": {
            "lower": 0.0038199999999999996,
            "upper": 0.00416
        },
        "t_tot": {
            "lower": 113.75,
            "upper": 116.25
        }
    }
}