{
    "regime": "amp_3_wd_3_t82.5",
    "t_tot_center": 82.5,
    "best_t_tot": 82.78516801392429,
    "best_amp": 16.69509531715587,
    "best_w_d": 0.0041599844103848895,
    "best_value": 0.43757456650267024,
    "optimization_time": 1145.1747031211853,
    "regime_bounds": {
        "amp": {
            "lower": 16.0,
            "upper": 18.666666666666664
        },
        "w_d": {
            "lower": 0.0038199999999999996,
            "upper": 0.00416
        },
        "t_tot": {
            "lower": 81.25,
            "upper": 83.75
        }
    }
}