{
    "regime": "amp_0_wd_4_t62.5",
    "t_tot_center": 62.5,
    "best_t_tot": 61.25008203854372,
    "best_amp": 10.445950866332353,
    "best_w_d": 0.004332709820948085,
    "best_value": 0.7570653052661671,
    "optimization_time": 1222.6014611721039,
    "regime_bounds": {
        "amp": {
            "lower": 8.0,
            "upper": 10.666666666666666
        },
        "w_d": {
            "lower": 0.00416,
            "upper": 0.0045
        },
        "t_tot": {
            "lower": 61.25,
            "upper": 63.75
        }
    }
}