{
    "regime": "amp_4_wd_0_t115.0",
    "t_tot_center": 115.0,
    "best_t_tot": 115.60565685387724,
    "best_amp": 19.419895484104998,
    "best_w_d": 0.003139999737660223,
    "best_value": 0.3954889502534617,
    "optimization_time": 1610.8210384845734,
    "regime_bounds": {
        "amp": {
            "lower": 18.666666666666664,
            "upper": 21.333333333333332
        },
        "w_d": {
            "lower": 0.0028,
            "upper": 0.00314
        },
        "t_tot": {
            "lower": 113.75,
            "upper": 116.25
        }
    }
}