{
    "regime": "amp_2_wd_2_t107.5",
    "t_tot_center": 107.5,
    "best_t_tot": 106.25006656286968,
    "best_amp": 14.636369377622621,
    "best_w_d": 0.003648951780277153,
    "best_value": 1.2007465569944382,
    "optimization_time": 1442.8721141815186,
    "regime_bounds": {
        "amp": {
            "lower": 13.333333333333332,
            "upper": 16.0
        },
        "w_d": {
            "lower": 0.0034799999999999996,
            "upper": 0.0038199999999999996
        },
        "t_tot": {
            "lower": 106.25,
            "upper": 108.75
        }
    }
}